Sixth Catalog of Orbits of Visual Binary Stars: Ephemerides

WDS        Name            Grade  Reference   Theta   Rho      Theta   Rho      Theta   Rho      Theta   Rho      Theta   Rho     Notes
                                                  2025.0           2026.0           2027.0           2028.0           2029.0
00000-1930 LTT 9831          9    HIP1997d    245.5  13.363    314.3   7.677     72.5  14.139    160.6   6.767    259.1  14.286   astrometric orbit
00003-4417 I  1477           3    Tok2023a    192.7   0.213    196.5   0.213    200.2   0.213    203.9   0.214    207.6   0.215                    
00006-5306 HJ 5437           5    Izm2019     343.0   1.269    343.8   1.253    344.5   1.236    345.3   1.220    346.1   1.203                    
00008+1659 BAG  18           5    Tok2019c    319.5   0.728    316.9   0.726    314.3   0.723    311.6   0.719    308.9   0.714                    
00014+3937 HLD  60           3    Izm2019     163.7   1.334    163.3   1.335    163.0   1.336    162.7   1.336    162.3   1.336                    
00015+3044 HO  208           5    Izm2019     183.7   0.985    183.3   0.976    182.8   0.965    182.4   0.954    181.9   0.943                    
00021-6817 I   699AB         5    Zir2013d    132.1   4.204    132.3   4.197    132.5   4.190    132.8   4.182    133.0   4.174                    
00022+2705 BU  733AB         1    Mdz2022     167.1   0.726    177.7   0.714    188.5   0.708    199.3   0.711    210.0   0.723                    
00023-1324 GAA  22Aa,Ab      2    GaA2023       1.3   0.0019   154.2   0.0010   234.7   0.0022   303.3   0.0016    19.4   0.0018                   
00024+1047 A  1249AB         3    Tok2024d    242.8   0.342    242.3   0.344    241.9   0.346    241.5   0.348    241.1   0.348                    
00026+1841 HDS   2Aa,Ab      3    Tok2024a     85.3   0.065    102.2   0.070    116.4   0.077    128.0   0.085    137.5   0.094                    
00026-0829 A   428           4    Tok2023a    262.3   0.133    258.3   0.139    254.7   0.145    251.3   0.153    248.3   0.160                    
00028+0208 BU  281AB         5    Lin2015a    156.9   1.524    156.6   1.519    156.3   1.514    155.9   1.508    155.6   1.502                    
00036-3106 TOK 686           4    Tok2024c    187.2   0.125    196.8   0.111    213.8   0.070    291.4   0.033    353.0   0.078                    
00039-5750 I   700           4    Tok2021c    192.5   0.252    195.6   0.254    198.6   0.256    201.6   0.259    204.5   0.263                    
00046+4206 CHR 122Aa,Ab      3    Mit2024     265.1   0.098    262.6   0.094    259.9   0.091    257.0   0.087    253.8   0.083                    
00047+3416 STF3056AB         4    Zir2015a    141.2   0.698    141.2   0.697    141.1   0.696    141.1   0.694    141.0   0.693                    
00048+3810 BU  862           4    JLA2025      30.5   0.959     30.8   0.967     31.1   0.974     31.4   0.982     31.7   0.989                    
00053-0542 33 Psc            9    HIP1997d    213.8   0.0053   215.4   0.0054   217.1   0.0054   218.7   0.0055   220.2   0.0055  astrometric orbit
00055+3406 HU 1201AB         3    Zir2003     300.3   0.0238   281.6   0.0066   140.2   0.0122   132.1   0.0291   129.9   0.0436                   
00057+4549 STT 547AB         4    Pko2020b    192.4   5.907    192.8   5.894    193.2   5.879    193.7   5.864    194.1   5.848                    
00057+4549 STT 547AF         5    Kiy2001     254.3 326.774    254.3 326.769    254.3 326.764    254.3 326.758    254.3 326.753                    
00059+1805 STF3060AB         4    Izm2019     136.1   3.377    136.3   3.376    136.4   3.375    136.5   3.374    136.7   3.373                    
00061+0943 HDS   7           3    Tok2024c    211.2   0.252    213.4   0.248    215.7   0.242    218.1   0.236    220.6   0.229                    
00063+5826 STF3062           2    Sod1999      14.7   1.502     16.7   1.489     18.7   1.474     20.8   1.457     22.9   1.438                    
00076-0433 STF3063           5    Izm2019     190.2   0.937    189.7   0.929    189.2   0.920    188.7   0.911    188.1   0.903                    
00084+2905 MKT  11Aa,Ab      2    Doc2014h     39.8   0.011     85.9   0.022    107.2   0.018    294.4   0.018    347.7   0.010                    
00085+3456 HDS  17           2    Mit2021      67.5   0.135     58.5   0.134     49.0   0.128     37.9   0.115     23.4   0.097                    
00088+8647 NLTT 324          9    Ren2013      74.4   0.0026    50.8   0.0029    29.6   0.0029     5.3   0.0025   326.9   0.0019  astrometric orbit
00089+2050 BEU   1           2    Jnn2022     193.8   0.109    115.6   0.132     66.9   0.151     16.3   0.133    314.8   0.131                    
00090-5400 HDO 181           3    Alz2020b      5.5   0.410      4.0   0.415      2.6   0.420      1.2   0.425    359.9   0.429                    
00093+2517 NLTT 403          9    Gln2007     341.1   0.0072   176.7   0.0083   152.3   0.0083    31.5   0.0044   345.0   0.0080  astrometric orbit
00093+7943 STF   2           3    Hei1997      13.6   0.973     13.5   0.980     13.3   0.987     13.1   0.993     13.0   1.000                    
00094-2759 BU  391AB         4    Izm2019     257.3   1.273    257.1   1.264    257.0   1.255    256.9   1.245    256.7   1.235                    
00095+1907 COU 247           4    Doc2012i    202.2   0.455    200.0   0.462    197.8   0.468    195.7   0.474    193.7   0.479                    
00098-3347 SEE   3           4    Tok2024c    128.2   0.987    128.8   0.998    129.4   1.008    129.9   1.018    130.5   1.028                    
00100+0835 A  1801           4    Tok2021c     17.3   0.359     17.1   0.364     16.9   0.368     16.8   0.371     16.6   0.374                    
00101+3825 HDS  23Da,Db      3    Cve2017b    297.1   0.179    294.9   0.168    292.3   0.155    289.2   0.138    285.2   0.118                    
00106-7313 I    43AB         5    Cve2010e    192.9   0.574    192.5   0.583    192.0   0.593    191.6   0.602    191.3   0.611                    
00111+0513 TOK 869           4    Tok2024c    266.1   0.098    299.4   0.092    359.6   0.059     75.6   0.085    106.7   0.117                    
00114+5850 SKW   1Aa,Ab      4    SKW2005      29.8   0.053     32.0   0.056     34.0   0.059     35.8   0.061     37.5   0.064                    
00114+5850 SKW   1Aa,Ab      4    SKW2005      47.9   0.064     49.3   0.068     50.6   0.072     51.8   0.076     52.8   0.079                    
00114+5850 SKW   1Aa,Ab      4    SKW2005     137.1   0.051    139.5   0.054    141.7   0.057    143.6   0.061    145.3   0.064                    
00114+5850 SKW   1Aa,Ab      4    SKW2005     214.5   0.078    215.5   0.080    216.5   0.082    217.4   0.084    218.2   0.086                    
00118+2825 BU  255           4    Zir2015a     62.1   0.407     61.6   0.403     61.1   0.398     60.6   0.394     60.1   0.389                    
00121-5832 RST4739           3    Cve2020     221.2   0.151    201.8   0.125    172.7   0.102    132.5   0.093     93.6   0.105                    
00121+5337 BU 1026AB         2    Hrt1996a    331.1   0.337    332.4   0.334    333.7   0.330    335.0   0.326    336.3   0.322                    
00122+4647 A   802           5    Msn2001c    113.0   0.236    112.5   0.236    112.1   0.236    111.6   0.236    111.2   0.236                    
00125+1434 LN Peg            9    HIP1997d     17.3   0.0028   120.1   0.0179   282.4   0.0091   306.3   0.0135   112.8   0.0158  astrometric orbit
00125-3219 B  1023           4    Tok2023a    161.1   0.355    160.6   0.359    160.1   0.363    159.7   0.367    159.2   0.370                    
00126-1142 RST3343           4    Doc2013g    276.8   0.262    278.4   0.259    280.0   0.257    281.7   0.254    283.3   0.251                    
00132+2023 HDS  29           4    Hor2021b    159.4   0.794    159.0   0.793    158.6   0.792    158.1   0.789    157.7   0.786                    
00134+2659 STT   2AB         3    Hrt2008     147.8   0.432    147.1   0.434    146.4   0.436    145.7   0.438    145.0   0.440                    
00135-3650 HDS  32           2    Tok2024c    168.4   0.163    132.6   0.185    105.1   0.210     83.1   0.231     64.4   0.245                    
00142-0712 MSH   1           5    Bwl2020      59.7   0.338     56.5   0.350     53.5   0.362     50.7   0.372     48.0   0.382                    
00143-2732 HDS  33           2    Tok2024c    235.6   0.112    258.0   0.145    273.4   0.164    286.4   0.173    298.7   0.174                    
00149-3209 B  1024           5    Tok2025b     55.2   0.296     53.5   0.288     51.7   0.281     49.9   0.274     47.9   0.266                    
00152+2722 J   868           5    Nov2007a    230.9   6.442    231.0   6.478    231.1   6.514    231.3   6.550    231.4   6.585                    
00153-4230 RST3344           4    Tok2023a    340.8   0.084    336.3   0.081    331.4   0.078    326.1   0.074    320.2   0.070                    
00153+4412 A  1256AB         4    USN2002     249.6   0.212    250.0   0.215    250.4   0.218    250.8   0.220    251.2   0.223                    
00153+4412 A  1256AB         3    Ole2003d    331.5   0.087    333.9   0.089    336.3   0.090    338.6   0.092    340.9   0.093                    
00155-1608 HEI 299           1    MnA2019     252.7   0.421    216.2   0.350    115.3   0.187    337.0   0.235    272.4   0.383                    
00160+0415 NLS   1AB         5    Bwl2020     106.2   0.030    100.1   0.034     95.3   0.039     91.4   0.043     88.3   0.048                    
00160-1637 BWL   2           4    TSN2022a    125.8   0.068    304.2   0.093      3.5   0.069     74.9   0.093    113.8   0.090                    
00160-4816 TOK 808           4    Tok2023a    349.9   0.149     24.5   0.184     51.3   0.192     79.7   0.174    119.4   0.138                    
00162+7657 STF  13           4    Msn2017c     46.6   0.966     46.4   0.967     46.1   0.968     45.9   0.969     45.7   0.970                    
00162+7657 STF  13           4    Izm2019      45.9   0.984     45.6   0.986     45.4   0.988     45.1   0.990     44.9   0.992                    
00164-2235 HDS  36Aa,Ab      3    Tok2023a    155.8   0.106    141.0   0.090    119.9   0.075     89.1   0.061     38.6   0.045                    
00164-7024 HEI 198           3    Msn2023     164.0   0.132    160.5   0.135    157.2   0.139    154.0   0.141    151.0   0.144                    
00167+3629 STT   4           2    Doc2025a    289.1   0.237    283.3   0.249    278.0   0.260    273.1   0.272    268.7   0.284                    
00169-5239 GJ 13             9    Jnc2005     165.1   0.0253   155.0   0.0143    30.1   0.0047   310.6   0.0048   193.4   0.0134  astrometric orbit
00171+3841 CHR 123           9    Gln2006     313.2   0.0041   144.7   0.0128   214.2   0.0078   106.6   0.0075   155.6   0.0117  astrometric orbit
00171+3841 CHR 123           9    Gln2006     187.9   0.0161   119.4   0.0096   162.8   0.0173   194.2   0.0151   131.9   0.0125  astrometric orbit
00174+0853 A  1803AB         2    Hrt2010a    130.0   0.127    128.3   0.150    126.9   0.168    125.8   0.180    124.8   0.187                    
00182+7257 A   803           4    Cve2006e    323.3   0.281    324.1   0.281    324.9   0.280    325.8   0.279    326.6   0.277                    
00184+4401 GRB  34AB         5    Lip1972      66.3  34.373     66.4  34.328     66.5  34.283     66.6  34.238     66.7  34.193                    
00203-3246 B  1025           4    Hrt2012a    355.1   0.589    354.2   0.582    353.3   0.574    352.4   0.564    351.5   0.553                    
00205+4531 A   647           5    Pru2008      87.1   0.768     86.4   0.775     85.7   0.781     84.9   0.788     84.2   0.794                    
00206+1219 BU 1015           2    Hrt2010a    115.6   0.516    116.3   0.516    117.1   0.516    117.8   0.516    118.6   0.516                    
00209+3259 AC    1           4    Zir2015a    289.0   1.848    289.1   1.848    289.1   1.849    289.1   1.849    289.1   1.849                    
00209+1059 BU 1093           4    Lin2010c    121.6   0.783    121.8   0.784    122.0   0.786    122.3   0.787    122.5   0.789                    
00210+6740 HJ 1018           4    Izm2019      87.8   1.593     87.8   1.587     87.8   1.580     87.9   1.573     87.9   1.565                    
00214+6700 STT   6AB         4    Ole2001     151.9   0.671    151.9   0.674    151.8   0.677    151.7   0.679    151.7   0.682                    
00219-2300 RST5493BC         3    Tok2021c     90.5   0.204     90.4   0.210     90.2   0.212     90.0   0.209     89.9   0.202                    
00224-2702 GJ 9011           9    Gln2007     196.4   0.026    306.1   0.035     68.4   0.039    168.4   0.026    292.1   0.038   astrometric orbit
00243+5201 CIA  47Aa,Ab      2    CIA2022f    181.2   0.0005   139.1   0.0005   337.4   0.0010   164.5   0.0010    25.0   0.0003                   
00243+5201 HU  506           3    Hmn2018     154.9   0.126    157.4   0.130    159.8   0.133    162.0   0.137    164.1   0.140                    
00247-2653 LEI   1BC         2    Tok2018j    224.8   0.330    250.6   0.246    292.4   0.216    329.1   0.274    349.9   0.362                    
00247-2653 LEI   1A,BC       5    Koh2012     228.0   0.597    242.0   0.592    256.3   0.585    270.7   0.589    284.5   0.611                    
00247-5103 CD-51   95        9    Jnc2005     132.7   0.0041   118.7   0.0061   107.4   0.0052    75.6   0.0022   314.3   0.0028  astrometric orbit
00251+4803 HDS  56AB         2    Mit2024     163.1   0.144    132.9   0.127     96.4   0.120     59.4   0.126     28.8   0.144                    
00258+1025 HDS  57           4    Tok2021c    287.2   0.080    277.8   0.090    270.4   0.101    264.4   0.112    259.5   0.122                    
00261-1123 YR    4           3    Msn2023      48.7   0.084    335.8   0.080    290.6   0.123    270.0   0.169    257.9   0.208                    
00262-4217 alp Phe           9    Jnc2005      43.1   0.126     27.2   0.104      0.5   0.076    312.2   0.061    260.9   0.069   astrometric orbit
00271-0753 A   431AB         2    Doc2023a    258.8   0.237    254.9   0.251    251.4   0.264    248.3   0.278    245.4   0.292                    
00274+3054 HDS  62           9    Ren2013      82.9   0.0035   216.5   0.0027   341.1   0.0031   126.5   0.0040   279.9   0.0040  astrometric orbit
00277-1625 YR    1Aa,Ab      4    Tok2020e    352.5   0.117      4.5   0.094     29.8   0.057     97.5   0.043    141.6   0.076                    
00277-1625 YR    1Aa,Ab      2    GmJ2022     356.0   0.112     10.6   0.090     46.4   0.043    298.5   0.054    325.6   0.096                    
00279+2220 FRV   1           2    Dup2017     111.5   0.066     53.1   0.125     30.0   0.145    360.0   0.100    283.7   0.075                    
00283+6344 HU 1007AB         5    USN2017b    110.0   0.348    111.6   0.342    113.2   0.336    114.9   0.330    116.7   0.324                    
00284-2020 B  1909           1    Hrt2010a    107.0   0.175    119.1   0.202    131.0   0.177    153.1   0.111    222.4   0.071                    
00287+3718 A  1504AB         4    Zir2014a     47.1   0.603     47.4   0.604     47.6   0.604     47.8   0.605     48.1   0.605                    
00304-6236 JNN 296Aa,Ab      4    Tok2024a    275.5   0.245    270.8   0.256    266.4   0.263    262.2   0.267    258.0   0.267                    
00308+4732 BU  394AB         3    Zul1997b    278.8   0.973    278.9   0.990    279.1   1.006    279.2   1.022    279.3   1.037                    
00310-3138 HDS  69           4    Tok2021c     98.7   0.169     98.9   0.177     99.2   0.183     99.5   0.190     99.7   0.195                    
00310-1005 BU 1158BC         4    Doc2019a    328.2   0.550    328.8   0.561    329.3   0.573    329.8   0.584    330.3   0.595                    
00315-6257 I   260CD         2    Tok2015c    317.5   0.462    314.5   0.479    311.7   0.496    309.1   0.511    306.7   0.525                    
00318+5431 STT  12           3    Dru2014     325.9   0.096    338.4   0.106    348.6   0.118    356.7   0.131      3.5   0.143                    
00320+2740 COU 547           5    Zir2010b     70.2   0.096     72.1   0.094     74.0   0.092     76.0   0.090     78.1   0.088                    
00321-1813 B  1910           3    Tok2022g    219.3   0.195    220.6   0.198    221.9   0.200    223.1   0.202    224.4   0.204                    
00321-1218 HDS  71           4    Tok2024c    263.5   0.206    256.4   0.192    248.2   0.179    238.8   0.167    228.2   0.158                    
00321-0511 A   111AB         1    Tok2015c    190.4   0.081     80.1   0.054      4.8   0.096    334.3   0.129    314.7   0.151                    
00324+0657 MCA   1Aa,Ab      2    Msn2023     285.4   0.259    284.4   0.269    283.5   0.276    282.6   0.280    281.7   0.282                    
00325-6800 DON   7           4    Tok2020e    242.2   0.518    238.9   0.515    235.6   0.512    232.3   0.509    228.9   0.506                    
00321+6715 VYS   2B          9    Ana2011     166.1   0.315    185.6   0.316    207.1   0.287    234.8   0.250    268.5   0.241   astrometric orbit
00321+6715 MCY   1Aa,Ab      2    MnA2019     130.5   0.478    147.9   0.514    163.5   0.531    179.0   0.514    197.2   0.456                    
00321+6715 VYS   2AB         5    Doc2006g    190.4   3.471    191.3   3.431    192.3   3.390    193.3   3.348    194.4   3.304                    
00329-0434 JNN  12AC         4    Tok2023a     17.7   0.084     17.7   0.162     17.7   0.212     17.7   0.225     17.7   0.200                    
00335-5520 I    45AB         4    Zir2013d    198.6   0.705    198.2   0.707    197.8   0.708    197.5   0.710    197.1   0.712                    
00335+4006 HO    3Aa1,Aa2    7    Tok2017a       .     .          .     .          .     .          .     .          .     .      incomplete elements
00335+4006 HO    3Aa,Ab      9    Tok2017a    277.3   0.043    113.8   0.019    101.9   0.062     95.5   0.034    283.5   0.041   astrometric orbit
00335+4006 HO    3AB         3    Tok2017a    129.0   0.471    127.7   0.476    126.5   0.479    125.2   0.481    124.0   0.481                    
00345-0433 D     2AB         4    Tok2020e     80.5   0.350     81.1   0.364     81.7   0.378     82.2   0.391     82.7   0.403                    
00348-5853 I   439           4    Tok2023e     42.0   0.125     47.5   0.146     51.6   0.166     54.8   0.186     57.4   0.205                    
00352-0336 HO  212AB         1    JAA2022     258.0   0.286    272.8   0.291    288.7   0.263    314.4   0.169    178.4   0.129                    
00356-3945 CD-40  135        9    SaJ2011     103.0   0.0031   121.2   0.0032   139.2   0.0031   158.3   0.0030   180.4   0.0027  astrometric orbit
00357+3429 HU 1011           5    Ole2002a     85.7   0.413     85.3   0.412     84.9   0.412     84.5   0.412     84.0   0.411                    
00360+3708 COU 850           5    Ksr2021       5.8   0.267     10.9   0.259     16.3   0.252     21.9   0.246     27.9   0.239                    
00360+2959 STF  42AB         5    Kis2009      19.8   6.343     19.7   6.347     19.6   6.350     19.5   6.353     19.5   6.357                    
00360+2959 STF  42AB         5    Izm2019      20.3   6.298     20.3   6.301     20.2   6.305     20.2   6.308     20.1   6.312                    
00366+5609 A   914           4    Cve2010e     20.1   0.451     19.8   0.449     19.5   0.448     19.2   0.447     18.8   0.445                    
00369+3343 MKT   1Aa,Ab      1    MkT1995     105.6   0.0068    82.3   0.0051   101.1   0.0088    39.9   0.0013    98.1   0.0100                   
00373-2446 BU  395           1    Hrt2010a    289.0   0.522    293.3   0.558    297.4   0.537    302.4   0.470    309.6   0.371                    
00393+3052 BTM   1Aa,Ab      9    Gon2002b    280.3   0.759    277.5   0.778    274.8   0.793    272.2   0.805    269.7   0.814   astrometric orbit
00401+5014 V523 Cas          7    Pbl2006        .     .          .     .          .     .          .     .          .     .      incomplete elements
00416+2438 WRH  28           5    Ole2005c    191.7   0.171    198.5   0.166    205.9   0.159    213.9   0.151    223.0   0.141                    
00417-2446 B    10           4    Tok2025b    205.9   0.042    203.3   0.055    201.6   0.066    200.4   0.075    199.4   0.084                    
00424+0410 STT  18AB         4    Hrt2001b    212.8   2.144    213.1   2.154    213.4   2.165    213.7   2.175    214.0   2.185                    
00426-0652 RST4154AB         4    Tok2024e    353.5   0.255    352.3   0.253    351.0   0.251    349.8   0.246    348.4   0.240                    
00427-6537 I   440           4    Hrt2010a    261.2   0.433    260.7   0.435    260.1   0.436    259.6   0.438    259.1   0.439                    
00427-3828 HDO 182           5    GMc2016     145.7   0.606    146.4   0.619    147.1   0.631    147.7   0.643    148.4   0.655                    
00428+1249 HDS  93           4    Cve2017b      0.8   0.305    357.7   0.304    354.4   0.302    351.2   0.299    347.9   0.297                    
00429+2047 A  2205           3    USN2017b    358.6   0.397    358.0   0.399    357.5   0.402    357.0   0.404    356.5   0.406                    
00431+7659 HU 1012           5    USN2002     110.5   0.538    109.9   0.541    109.2   0.545    108.6   0.549    107.9   0.552                    
00434+4726 A   651           5    USN2002     138.1   0.893    137.7   0.893    137.2   0.893    136.8   0.893    136.3   0.893                    
00446-1856 HDS  99Aa,Ab      2    Doc2023a    238.1   0.197    221.6   0.189    202.0   0.165    172.1   0.124    101.2   0.072                    
00447+4817 NOI   3Aa,Ab      2    Doc2019b    247.3   0.0132    93.5   0.0168   305.6   0.0098   228.3   0.0096    85.2   0.0168                   
00460-3043 HDS 100AB         3    Tok2024e     36.6   0.041     27.6   0.067     22.9   0.081     19.3   0.088     16.1   0.092                    
00462-2214 RST4155           2    Tok2020e    220.6   0.187    216.5   0.192    212.6   0.196    208.8   0.201    205.2   0.204                    
00463-0634 HDS 101           3    Doc2022a     20.1   0.153     23.0   0.152     26.0   0.150     29.1   0.146     32.3   0.142                    
00465-0131 RST4157           4    Tok2020g     86.3   0.170     87.5   0.178     88.7   0.185     89.8   0.192     90.8   0.198                    
00467-0426 LSC  10Aa,Ab      2    Tok2023b    129.4   0.065    324.0   0.066    313.4   0.119    295.8   0.039    133.4   0.073                    
00469+4339 HDS 102           4    Doc2017i    224.8   0.280    223.4   0.296    222.1   0.311    220.9   0.324    219.8   0.335                    
00470+2315 HU  413           5    Ole2003d    341.0   0.357    342.7   0.356    344.4   0.356    346.1   0.356    347.9   0.357                    
00479-2921 I   261           3    Tok2024b    233.6   0.288    233.6   0.293    233.7   0.297    233.7   0.302    233.7   0.306                    
00481+7240 HR  212           9    Gln2007     268.1   0.0220   277.9   0.0095   248.9   0.0048   261.9   0.0242   265.2   0.0264  astrometric orbit
00487+1841 BU  495AB         2    Sca2000b    230.7   0.571    229.9   0.587    229.2   0.603    228.6   0.618    227.9   0.633                    
00490+1656 64 Psc Aa,Ab      8    Bod1999b     87.7   0.0045   270.9   0.0028    69.5   0.0076   234.2   0.0047    58.2   0.0071                   
00491+5749 STF  60AB         3    Sca2015c    328.5  13.534    328.9  13.558    329.3  13.582    329.7  13.606    330.2  13.630                    
00492+5720 A   921AB         3    Cve2012      36.5   0.182     38.1   0.182     39.7   0.183     41.3   0.183     42.8   0.184                    
00494-2313 PES   1           4    JAA2023     229.2   0.423    237.8   0.379    249.2   0.322    267.0   0.239    321.0   0.105                    
00495+4404 HDS 109           3    FMR2013a    106.7   0.372    105.1   0.377    103.5   0.380    102.0   0.382    100.5   0.382                    
00496+4746 BD+46  176        9    Gln2006     219.8   0.0047   317.9   0.0110    23.2   0.0101   164.1   0.0039   310.3   0.0110  astrometric orbit
00496+4746 BD+46  176        9    Gln2006     340.1   0.0092   285.0   0.0157   301.2   0.0189   318.2   0.0153   250.2   0.0038  astrometric orbit
00504+5038 BU  232AB         3    Sca2025a    258.6   0.879    259.1   0.878    259.5   0.876    260.0   0.874    260.4   0.872                    
00507+6415 MCA   2           2    Mit2021     160.8   0.040    138.4   0.040    110.3   0.031     27.5   0.014    223.5   0.023                    
00508+3203 A   922Aa,Ab      4    Msn2001c    341.7   0.491    341.8   0.489    342.0   0.487    342.1   0.484    342.2   0.481                    
00516+4412 YR   19AB         3    Tok2023a     97.9   0.068    102.6   0.076    106.5   0.083    109.8   0.088    112.8   0.093                    
00516+2237 A  1808           3    Doc2005b    209.7   0.213    210.3   0.213    210.8   0.214    211.4   0.214    211.9   0.214                    
00519-4343 I    47           5    Cve2010e     36.0   0.530     36.9   0.520     37.8   0.510     38.7   0.500     39.7   0.490                    
00520+3154 A   924           4    Hrt2009     295.7   0.343    294.8   0.348    293.9   0.353    293.0   0.358    292.2   0.363                    
00521+1036 STF  67           4    Hrt2011a    348.6   2.309    348.5   2.311    348.4   2.314    348.3   2.316    348.2   2.319                    
00521-1314 HU  201           3    Sca2013d    125.8   0.792    126.5   0.783    127.2   0.772    127.9   0.762    128.6   0.751                    
00524-6930 DUN   2           5    LRR2018b     81.5  19.673     81.5  19.672     81.5  19.670     81.5  19.668     81.5  19.666                    
00533+0405 A  2307Aa,Ab      9    CIA2022f    186.1   0.0001   232.2   0.0002   276.5   0.0002   328.0   0.0001    19.8   0.0002  astrometric orbit
00533+0405 A  2307           2    CIA2022f     17.4   0.148     20.9   0.169     23.6   0.188     25.8   0.207     27.7   0.224                    
00533+0405 A  2307Ba,Bb      9    CIA2022f     50.7   0.0029   132.3   0.0029   199.4   0.0031   290.5   0.0025    16.8   0.0031  astrometric orbit
00533-4530 B   644           4    USN2019       1.3   0.275      2.1   0.274      2.9   0.273      3.8   0.272      4.6   0.271                    
00541+6626 YSC  19Aa,Ab      3    Tok2019e    288.3   0.036    204.0   0.027    162.1   0.055    148.2   0.077    139.1   0.085                    
00542+4318 COU1654           5    USN2002     248.7   0.098    246.1   0.096    243.5   0.095    240.7   0.092    237.8   0.090                    
00546+1911 STT  20AB         3    Doc2014a    169.4   0.639    168.6   0.644    167.9   0.649    167.1   0.653    166.4   0.658                    
00550+2338 STF  73AB         2    Mut2010b    339.5   1.222    340.4   1.230    341.4   1.237    342.3   1.244    343.2   1.250                    
00550-5315 RST  23           4    Tok2020e    322.6   0.408    321.8   0.405    321.1   0.402    320.3   0.398    319.6   0.395                    
00552-4724 CD-48  216        9    SaJ2011b     71.4   0.0015   184.9   0.0022    92.8   0.0018   198.0   0.0020   109.0   0.0020  astrometric orbit
00559-4709 CD-47  277        9    Gln2007     126.4   0.0183   307.9   0.0183   167.5   0.0155    31.9   0.0084   257.9   0.0127  astrometric orbit
00567+6043 BU 1028A          7    Gon2000        .     .          .     .          .     .          .     .          .     .      incomplete elements
00568+6022 BAG  10Aa,Ab      3    Tok2021b    210.2   0.027    273.6   0.029    321.1   0.031     59.0   0.016    159.5   0.029                    
00568+6022 BU 1099AB         2    Tok2021b     73.1   0.129     81.7   0.125     90.6   0.124     99.6   0.125    108.4   0.128                    
00569-5153 B  1418           2    Tok2019c     96.4   0.246     97.3   0.272     98.1   0.288     98.8   0.294     99.6   0.287                    
00572+2325 MKT   2Aa,Ab      1    MkT1993b     76.4   0.0104   129.6   0.0093   192.8   0.0093   246.1   0.0103   298.3   0.0094                   
00576+5424 HLD   4           4    Mnt2001c     57.4   0.517     58.0   0.528     58.7   0.538     59.3   0.548     59.9   0.559                    
00583+2124 BU  302           4    Cve2006e    329.1   0.194    334.8   0.208    339.7   0.223    344.0   0.239    347.8   0.254                    
00593-0040 A  1902           3    Doc2021c    226.1   0.348    227.3   0.346    228.5   0.344    229.7   0.341    230.9   0.339                    
00594+0047 STF  80A          9    Dom1969     194.5   0.212    197.2   0.197    200.4   0.180    204.3   0.161    209.3   0.142   astrometric orbit
00594+0047 STF  80A          9    Dom1969     166.5   0.235    167.8   0.236    169.1   0.236    170.4   0.235    171.8   0.234   astrometric orbit
00596-0111 A  1903AB         3    Hrt2010a     42.2   0.407     44.0   0.407     45.7   0.407     47.4   0.407     49.2   0.407                    
01001+4443 STF  79           5    FMR2020c    194.1   7.926    194.1   7.927    194.1   7.928    194.2   7.929    194.2   7.930                    
01001+4443 STF  79           5    FMR2020c    194.0   7.898    194.0   7.899    194.0   7.900    194.0   7.901    194.0   7.902                    
01006+4719 MAD   1           5    Lin2012a    355.4   0.733    355.0   0.730    354.6   0.726    354.1   0.723    353.7   0.719                    
01007-5235 I    49           4    Tok2023a    197.5   0.203    196.6   0.203    195.7   0.202    194.8   0.201    193.9   0.200                    
01011+6022 A   926           4    Cve2006e    355.7   0.368    356.5   0.368    357.3   0.367    358.2   0.367    359.0   0.367                    
01014+1155 BU  867           3    Hrt2008     348.4   0.538    347.8   0.525    347.2   0.512    346.6   0.498    346.0   0.483                    
01014+3535 COU 854           3    Hrt2009     310.7   0.142    305.7   0.143    300.8   0.144    295.9   0.145    291.1   0.146                    
01015+6922 A  2901           4    Nov2007d     68.4   0.391     68.8   0.390     69.2   0.389     69.7   0.387     70.1   0.386                    
01017+2518 HDS 134           2    Tok2024c    199.5   0.124    209.8   0.135    219.0   0.140    227.9   0.138    237.9   0.124                    
01017+4635 A   927           5    Izm2019      12.0   2.275     12.2   2.264     12.5   2.253     12.7   2.243     13.0   2.232                    
01023+0552 A  2003           3    Doc2009g    307.3   0.189    308.7   0.195    310.0   0.199    311.3   0.202    312.5   0.205                    
01024+0504 HDS 135AB         2    Tok2015c     38.4   0.504     31.0   0.445     21.3   0.379      7.3   0.309    345.1   0.240                    
01028+0214 A  2308           3    Tok2015c    127.0   0.412    127.9   0.412    128.8   0.411    129.8   0.410    130.7   0.409                    
01028+3148 sig Psc           8    Knc2004      14.8   0.0068   352.2   0.0097    14.5   0.0069   352.0   0.0097    14.1   0.0070                   
01030+4723 STT  21           5    Hei1966     175.9   1.202    175.9   1.208    175.9   1.213    175.9   1.218    175.9   1.224                    
01032+2006 LDS 873           5    FMR2008b     62.0   2.347     62.6   2.333     63.2   2.318     63.9   2.302     64.5   2.287                    
01032+2006 LDS 873           5    Izm2019      61.3   2.256     61.9   2.235     62.6   2.213     63.2   2.191     63.9   2.167                    
01036+6341 MLR  87AB         4    USN2007b    166.4   0.156    157.1   0.176    149.6   0.194    143.4   0.211    138.0   0.226                    
01040+3528 HO  213           4    Doc2007d    130.4   0.297    131.3   0.297    132.1   0.297    133.0   0.297    133.8   0.296                    
01048+0135 A  2310           4    Tok2024a    309.7   0.317    309.2   0.315    308.8   0.313    308.4   0.311    308.0   0.308                    
01049+3649 A  1515           3    Doc2009g    343.1   0.100    347.6   0.095    352.6   0.091    357.9   0.087      3.7   0.085                    
01055+2107 AG   14           4    FMR2014f    304.5   0.928    303.9   0.939    303.3   0.950    302.7   0.960    302.1   0.971                    
01057+2128 YR    6Aa,Ab      3    Hor2010     181.8   0.038    237.9   0.033    274.5   0.053    289.3   0.078    296.8   0.102                    
01061-4643 SLR   1AB         3    Ary2015b     64.2   0.762     62.4   0.780     60.7   0.797     59.0   0.815     57.5   0.831                    
01065-2003 B  1028           4    Tok2022g      3.4   0.126      1.0   0.131    358.8   0.136    356.8   0.141    354.9   0.146                    
01071-0036 HDS 144AB         4    Tok2014a    108.6   0.420    105.9   0.426    103.3   0.431    100.7   0.435     98.2   0.438                    
01072+3839 A  1516AB         2    Doc2017i    110.7   0.121    122.0   0.116    134.4   0.110    148.1   0.105    163.2   0.100                    
01077-1557 HDS 148           3    Tok2021c     24.1   0.124     24.8   0.127     25.4   0.126     26.1   0.123     26.8   0.118                    
01078+0425 BU 1292           5    FMR2013a    214.8   0.235    213.2   0.234    211.6   0.233    209.9   0.231    208.2   0.230                    
01078-4129 RST3352           2    DRs2012     318.8   0.327    321.4   0.322    324.1   0.311    327.1   0.294    330.6   0.270                    
01079-4519 TOK 941           4    Tok2025b    270.6   0.032    318.9   0.049    348.9   0.051     22.0   0.045     67.0   0.039                    
01083+5455 WCK   1Aa,Ab      2    BdH2020      72.1   0.858     66.7   1.019     62.6   1.158     59.4   1.274     56.7   1.366                    
01084-5515 RST1205AB         4    Lin2019a    132.0   0.603    133.3   0.608    134.5   0.614    135.7   0.620    136.9   0.626                    
01089-2937 I   262           5    Zir2013d     67.0   0.548     66.1   0.550     65.1   0.552     64.2   0.554     63.2   0.556                    
01094-5636 HU 1342           4    Hrt2010a    310.4   0.261    308.4   0.248    306.2   0.235    303.7   0.221    300.9   0.207                    
01095+4715 STT 515AB         4    Mut2010b    111.3   0.528    110.7   0.529    110.2   0.530    109.6   0.531    109.1   0.531                    
01096-4616 GAA   5           4    GaA2019      12.3   0.0009    13.7   0.0014    15.2   0.0009   148.5   0.0001   192.0   0.0009                   
01104-6727 GKI   3           1    Msn2023     349.5   0.067     67.2   0.093    105.3   0.107    152.2   0.083    212.1   0.093                    
01105+3917 COU1212           5    Cou1999b    297.1   0.594    296.6   0.592    296.1   0.589    295.6   0.585    295.1   0.580                    
01106+5101 BU  235Aa,Ab      4    USN2002     144.5   0.745    145.2   0.735    145.9   0.725    146.6   0.714    147.4   0.704                    
01108+6747 HDS 155           2    Mdz2022     284.8   0.029    140.2   0.064    158.2   0.111    167.6   0.129    175.7   0.129                    
01112+4113 A   655           3    Cve2006e     21.4   0.216     24.9   0.208     28.7   0.201     32.8   0.194     37.1   0.188                    
01114+1526 BEU   2           4    Mit2024     301.4   0.447    305.2   0.442    309.2   0.434    313.4   0.422    317.9   0.408                    
01117+0835 HDS 158           3    Tok2025b     80.1   0.044     99.5   0.081    106.8   0.115    111.0   0.145    113.8   0.172                    
01129+5136 HDS 160           4    Cve2013b    197.7   0.142    203.0   0.138    208.8   0.129    215.9   0.114    225.6   0.094                    
01131+1141 SAO 92318         9    HIP1997d     70.8   0.0090   271.6   0.0121   104.3   0.0144   294.6   0.0150   125.2   0.0139  astrometric orbit
01131+2942 A  1260AB         3    USN2017b     80.0   0.090     86.2   0.071     96.8   0.052    117.4   0.037    154.8   0.030                    
01141+1608 87 Psc            9    HIP1997d    250.5   0.0026    16.0   0.0020   271.6   0.0029    64.4   0.0017   289.0   0.0031  astrometric orbit
01148+6056 BU 1100           3    Msn2014b    123.2   0.201    118.5   0.202    113.9   0.203    109.4   0.206    105.1   0.209                    
01150-0908 GKM9020Aa,Ab      3    Tok2024c    275.4   0.036    114.5   0.038    182.1   0.037    267.9   0.037    107.2   0.035                    
01158-6853 I    27CD         2    Izm2019      15.4   0.964     20.1   0.956     24.8   0.949     29.6   0.944     34.5   0.940                    
01151+3416 HU  803           4    Lin2022b    217.2   0.918    217.5   0.918    217.7   0.918    218.0   0.918    218.3   0.917                    
01155+3745 BD+36  212        9    Ren2013      41.2   0.0075   193.1   0.0065    29.8   0.0072   178.2   0.0064    17.3   0.0069  astrometric orbit
01158-6853 HJ 3423AB         5    Tok2020d    312.5   4.474    312.1   4.454    311.7   4.434    311.3   4.413    310.8   4.392                    
01158+0947 A  2102           5    RAO2015      73.1   0.181     68.5   0.179     63.9   0.177     59.1   0.177     54.4   0.178                    
01166+1831 HDS 169A          9    Ren2013     310.8   0.0025   244.1   0.0026    54.6   0.0028   313.4   0.0025   246.4   0.0027  astrometric orbit
01166+1831 HDS 169           5    Hrt2011d    216.4   0.583    214.7   0.581    213.0   0.579    211.3   0.577    209.5   0.575                    
01191+8052 STT  28AB         5    PkO2018b    282.4   0.843    282.2   0.842    282.0   0.842    281.8   0.841    281.5   0.840                    
01196-0520 A   313           3    Tok2015c    240.3   0.170    235.5   0.174    230.9   0.179    226.5   0.184    222.4   0.189                    
01197+1209 CHR 196           3    Tok2025b    326.8   0.069    324.7   0.091    323.4   0.107    322.4   0.119    321.5   0.130                    
01198-0031 STF 113A,BC       4    Zir2015a     22.5   1.646     22.7   1.647     22.9   1.647     23.1   1.648     23.3   1.649                    
01198-0031 FIN 337BC         2    Msn2010c    264.5   0.089    282.0   0.094    297.8   0.099    311.8   0.105    324.3   0.111                    
01200-1549 HJ 2036           4    Ole2003d    336.1   2.434    335.9   2.442    335.7   2.450    335.5   2.458    335.3   2.466                    
01202+6535 HU 1027           5    Izm2019     291.9   0.230    293.5   0.259    294.9   0.286    296.0   0.310    296.9   0.333                    
01205-1957 TOK 203           9    Gln2006     303.3   0.037    283.8   0.053    272.0   0.062    262.3   0.065    252.7   0.062   astrometric orbit
01205-1957 TOK 203           9    Gln2006     255.3   0.046    239.4   0.055    227.2   0.060    216.6   0.063    206.2   0.062   astrometric orbit
01205-1957 TOK 203           4    Tok2021c    110.1   0.241    103.4   0.207     93.1   0.157     65.8   0.073    165.3   0.103                    
01212+5159 NLTT 4450         9    Ren2013     268.2   0.0048   250.1   0.0076   294.7   0.0020   254.6   0.0077   223.7   0.0018  astrometric orbit
01213+1132 BU    4AB         4    Sca2015b    105.2   0.615    105.0   0.618    104.8   0.620    104.6   0.622    104.3   0.624                    
01218-2408 SEE  13           5    Hrt2001b    176.9   1.368    177.0   1.375    177.1   1.381    177.2   1.388    177.3   1.394                    
01220-6943 I   263           4    Tok2015c    306.4   0.373    308.4   0.372    310.4   0.371    312.5   0.370    314.5   0.370                    
01234+5809 STF 115AB         3    Sca2025a    156.3   0.541    156.1   0.553    155.9   0.565    155.7   0.577    155.5   0.589                    
01237+3743 CIA  15           2    CIA2020a     30.4   0.0058    40.3   0.0051    54.1   0.0042    75.8   0.0032   113.5   0.0024                   
01241+5422 BD+53  293        9    Gln2007      85.3   0.0263   110.5   0.0241   261.5   0.0048    21.7   0.0186    60.0   0.0235  astrometric orbit
01243-0655 BU 1163           1    Mdz2022     219.7   0.299    218.1   0.330    216.8   0.353    215.6   0.367    214.5   0.374                    
01245-2519 B    18           4    Tok2024a    341.5   0.176    342.2   0.177    342.9   0.177    343.6   0.178    344.3   0.178                    
01246+4310 A  3001           5    Tok2024a     86.4   0.739     86.2   0.743     85.9   0.748     85.6   0.752     85.3   0.755                    
01250-3251 HDS 184           2    Tok2019c    291.3   0.071     70.8   0.065     95.6   0.165    103.3   0.212    109.6   0.202                    
01251+4537 A   939           3    Msn2014b    218.7   0.207    220.6   0.207    222.4   0.208    224.2   0.208    226.0   0.208                    
01259-4754 RST  33AB         4    Izm2019     290.1   1.097    289.6   1.094    289.2   1.092    288.7   1.090    288.2   1.087                    
01262-6751 DON  17           4    Izm2019     291.9   1.464    292.2   1.476    292.4   1.488    292.6   1.499    292.8   1.510                    
01263-0440 TOK 204Aa,Ab      2    Tok2024e     38.3   0.099     71.7   0.085    131.7   0.056    259.4   0.050    331.7   0.080                    
01277+4524 CIA   4Aa,Ab      1    CIA2014a    153.9   0.022    288.2   0.036    112.6   0.034    267.3   0.039     85.2   0.030                    
01277+0521 BU 1164AB         2    Doc2010i    165.0   0.432    164.5   0.444    164.0   0.454    163.6   0.463    163.2   0.471                    
01284-4319 gam Phe           9    Jnc2005      61.3   0.0039    12.4   0.0049   340.8   0.0056   309.4   0.0049   261.3   0.0039  astrometric orbit
01297+2250 A  1910AB         2    Hrt1996a    165.9   0.233    164.8   0.235    163.8   0.236    162.8   0.238    161.8   0.238                    
01308-5940 TOK 183           3    Tok2020e    160.3   0.024      0.5   0.025    349.5   0.028    174.5   0.053    171.8   0.085                    
01312+7016 38 Cas            9    Jnc2005     152.4   0.0038   337.0   0.0046   164.4   0.0075   159.3   0.0095   355.0   0.0019  astrometric orbit
01312-0702 HDS 198           4    Tok2018i     54.3   0.055     40.9   0.062     29.7   0.065     18.2   0.059    356.7   0.034                    
01315+1521 BU  506           5    Cve2010e     83.6   0.413     85.4   0.405     87.2   0.399     89.1   0.392     91.0   0.386                    
01316-5322 I   264AB         5    USN2002      23.7   0.915     23.2   0.918     22.7   0.921     22.2   0.924     21.7   0.927                    
01319+1603 BF Psc            9    Ren2013      75.3   0.0014   161.1   0.0025   200.4   0.0030   233.1   0.0030   269.8   0.0027  astrometric orbit
01321+1657 GAA  19Aa,Ab      1    GaA2023     267.3   0.0020   266.7   0.0021   266.0   0.0021   265.4   0.0021   264.9   0.0022                   
01329-3652 GC 1881           9    HIP1997d    346.6   0.0107   280.3   0.0090    25.5   0.0081   315.3   0.0109   176.3   0.0038  astrometric orbit
01334-4354 HDS 205           2    Tok2017b    192.9   0.139    219.3   0.068     16.6   0.080     53.0   0.085    102.1   0.073                    
01337-1213 HWE   4           3    Doc2017i    327.9   0.837    327.6   0.831    327.3   0.826    327.0   0.819    326.7   0.813                    
01343-0827 A   314           3    Hrt2010a      0.4   0.414    359.9   0.415    359.3   0.416    358.8   0.416    358.2   0.416                    
01345+3440 A  1913AB         5    Mnt1999a    121.2   0.330    120.7   0.329    120.2   0.329    119.8   0.328    119.3   0.328                    
01345+7804 HDS 211Aa,Ab      4    Doc2007g    260.7   0.230    254.5   0.255    249.3   0.274    244.6   0.285    240.1   0.289                    
01350-2955 DAW  31AB         1    Tok2021b    234.4   0.182    284.3   0.215    330.9   0.195     53.0   0.125    191.8   0.146                    
01350-2955 BU 1000AB,C       4    Tok2021b     20.9   1.569     23.3   1.556     25.7   1.543     28.1   1.531     30.6   1.519                    
01354+1126 HDS 213           5    Cve2017b    196.2   0.322    196.8   0.324    197.4   0.325    197.9   0.325    198.5   0.325                    
01361-2954 HJ 3447           4    Izm2019     206.0   0.834    207.4   0.836    208.8   0.838    210.2   0.839    211.5   0.840                    
01374+2510 G 34-39           8    Bod2006      74.0   0.0052   258.5   0.0045    70.4   0.0050   253.6   0.0043    66.5   0.0048                   
01376-0924 KUI   7           2    Tok1993     154.5   0.290    153.4   0.290    152.3   0.286    151.2   0.278    149.9   0.266                    
01377-5714 KRV  54           2    Krv2022     288.9   0.259    300.5   0.293    310.8   0.290    323.0   0.248    345.1   0.156                    
01379-8259 TOK 426           2    Tok2016c     44.7   0.046    271.9   0.085    115.2   0.064    298.1   0.090    169.3   0.057                    
01388-1758 LDS 838           2    Msn2023     199.9   0.554    151.0   1.020    131.1   1.327    117.4   1.499    106.0   1.605                    
01398-5612 DUN   5           4    Kpp2020f    184.6  11.449    184.4  11.447    184.1  11.444    183.9  11.440    183.7  11.436                    
01406+0846 TOK 872           3    Tok2024c    161.2   0.087    180.6   0.072    212.8   0.054    270.0   0.042    123.6   0.055                    
01409+0138 A  2404           3    Zir2010b    356.3   0.246    355.6   0.244    354.8   0.240    354.1   0.236    353.3   0.232                    
01409+4952 HU  531AB         4    Msn2014b    342.0   0.429    340.9   0.424    339.8   0.417    338.7   0.411    337.6   0.403                    
01409+1117 A  2320           3    Doc2007a    320.8   0.121    327.1   0.112    334.4   0.103    343.1   0.094    353.4   0.087                    
01417-1119 STF 147           4    FMR2013e     70.1   0.314     71.8   0.365     73.2   0.415     74.2   0.463     75.0   0.511                    
01418+4237 MCY   2           4    Trr2022     209.5   0.833    207.9   0.806    206.1   0.752    203.9   0.671    201.0   0.568                    
01424-0645 A     1           4    Tok2015c    257.4   0.866    257.7   0.867    258.1   0.869    258.4   0.871    258.8   0.872                    
01425+2016 107 Psc           9    HIP1997d     13.7   0.0033    11.9   0.0034   194.1   0.0027   192.1   0.0038    14.6   0.0021  astrometric orbit
01432+0520 A  2008AB         4    Tok2022g    335.7   0.283    334.0   0.281    332.3   0.280    330.6   0.277    328.8   0.275                    
01437+5041 CIA   6           4    CIA2015a    298.5   0.0058   288.8   0.0052   262.6   0.0022   141.5   0.0027   121.2   0.0054                   
01437+0934 BU  509           3    Hrt2010a     36.6   0.838     35.8   0.842     35.1   0.845     34.3   0.848     33.6   0.850                    
01443+5732 BU  870AB         4    Zas2017     140.0   0.255    131.3   0.302    124.8   0.344    119.7   0.382    115.5   0.416                    
01450+2703 COU 750           5    Doc2005c     39.4   0.306     40.3   0.296     41.3   0.285     42.3   0.274     43.5   0.262                    
01450+5707 BU  453AB         4    Lin2022b    117.1   0.851    117.8   0.859    118.5   0.866    119.1   0.874    119.7   0.882                    
01456-2503 HJ 3461AB         5    Izm2019      17.6   5.121     17.4   5.129     17.1   5.138     16.9   5.147     16.6   5.156                    
01460+8005 GW Cep            7    Pbl2006        .     .          .     .          .     .          .     .          .     .      incomplete elements
01461+6349 STF 148           5    Nov2007d    323.4   0.378    324.7   0.389    325.9   0.399    327.0   0.409    328.1   0.418                    
01462+3343 HU  804           5    Ole2001      78.1   0.441     78.6   0.443     79.0   0.445     79.4   0.447     79.9   0.449                    
01463+4439 A   948AB         5    USN2002     144.6   0.357    145.1   0.360    145.6   0.363    146.1   0.366    146.5   0.369                    
01467+3310 STF 158AB         5    Izm2019     272.5   2.094    272.5   2.092    272.6   2.089    272.7   2.087    272.8   2.085                    
01477-4358 I    52           4    Doc2016i    204.2   0.563    203.9   0.568    203.6   0.572    203.3   0.577    203.0   0.581                    
01493+4754 CHR   4Aa,Ab      4    Zir2014b    211.7   0.150    217.0   0.148    222.4   0.146    228.0   0.142    234.0   0.137                    
01491+2956 2M 0149+29        9    USN2015        .     .          .     .          .     .          .     .          .     .      incomplete elements
01494-1042 EZ Cet            9    Gln2007     221.9   0.035    279.7   0.033    323.1   0.039     98.4   0.016    155.4   0.055   astrometric orbit
01495+5645 A   950AB         4    Hei1998     305.4   0.286    306.6   0.285    307.8   0.284    308.9   0.283    310.1   0.281                    
01497-1414 HU  422           3    Doc2014a     14.5   0.335     13.6   0.335     12.8   0.335     12.0   0.335     11.1   0.334                    
01497-1022 BU 1168           4    Tok2024a    209.0   0.274    208.8   0.272    208.5   0.269    208.3   0.265    208.1   0.261                    
01498-3824 GC 2219           9    HIP1997d     85.9   0.0111   335.1   0.0035   249.4   0.0104    88.9   0.0103     4.8   0.0035  astrometric orbit
01499+8053 STT  34           3    Alz2023c    295.8   0.540    296.2   0.541    296.6   0.541    297.0   0.542    297.4   0.542                    
01499+8053 STT  34           4    Alz2023c    296.7   0.510    297.2   0.507    297.7   0.505    298.2   0.501    298.7   0.498                    
01499+7700 BD+76   58        9    Gln2006     216.0   0.022    194.9   0.014    217.5   0.021    197.8   0.016    219.1   0.020   astrometric orbit
01499+7700 BD+76   58        9    Gln2006      85.1   0.0074   189.4   0.0152    84.8   0.0074   189.3   0.0152    84.6   0.0073  astrometric orbit
01500+7456 MLR 297AC         5    Tok2019e    276.1   0.220    278.1   0.230    280.0   0.239    281.7   0.249    283.3   0.258                    
01500-0408 A  2602           5    Doc2016i    182.3   0.980    182.4   0.997    182.5   1.015    182.6   1.032    182.7   1.048                    
01503-8714 HDS 247           4    Tok2024c     62.7   0.098     55.4   0.086     45.9   0.075     33.3   0.065     17.2   0.059                    
01512+2439 HO  311           3    Hrt1989       1.7   0.439      2.1   0.443      2.5   0.448      2.8   0.452      3.2   0.456                    
01520+1326 HU 1213           3    Tok2021c    187.9   0.066    184.2   0.072    181.0   0.077    178.2   0.082    175.8   0.087                    
01522-5220 CVN   3           5    Gns2014       0.5   3.202      0.5   3.196      0.5   3.190      0.5   3.184      0.5   3.179                    
01522-5220 CVN   3           5    Gns2014     359.6   4.412    359.6   4.407    359.6   4.402    359.6   4.398    359.6   4.393                    
01522-5220 CVN   3           5    Gns2014       0.4   3.171      0.4   3.165      0.4   3.159      0.4   3.153      0.4   3.148                    
01528-0447 RST4188           5    Tok2015c     55.2   0.282     57.3   0.273     59.6   0.265     62.0   0.257     64.6   0.249                    
01532+1526 BU  260           5    Cve2006e    262.5   1.077    262.7   1.075    262.9   1.073    263.0   1.071    263.2   1.070                    
01536+0311 xi Psc            9    HIP1997d    255.1   0.0115   309.4   0.0062    84.0   0.0125   117.1   0.0107   218.4   0.0073  astrometric orbit
01541-7729 JSP  31           5    Tok2017c     46.3   0.378     45.7   0.386     45.1   0.394     44.6   0.402     44.1   0.409                    
01544-4230 phi Phe           9    Pbx2013     161.5   0.0060   158.2   0.0127   153.7   0.0049   162.6   0.0044   158.4   0.0128  astrometric orbit
01546+2049 MKT   3           2    Pbx2000b     92.9   0.059    109.3   0.054     82.1   0.038    102.0   0.064    143.2   0.016                    
01549+4042 HR  551           9    Jnc2005     326.0   0.0081   124.3   0.0079   281.2   0.0077    76.7   0.0075   231.6   0.0075  astrometric orbit
01551+2847 STF 183AB         3    USN2000b    134.0   0.361    133.1   0.360    132.3   0.360    131.4   0.360    130.5   0.359                    
01554+0257 A  2407           4    Tok2021c    345.8   0.743    347.2   0.751    348.5   0.758    349.8   0.764    351.0   0.771                    
01556+0146 BU 1367           5    Izm2019     113.4   0.744    114.2   0.747    115.0   0.751    115.7   0.755    116.5   0.759                    
01559+0151 STF 186           2    Msn2023     261.2   0.530    262.8   0.508    264.6   0.487    266.5   0.466    268.7   0.445                    
01559-2150 DON  27           4    Tok2022g    285.5   0.128    279.7   0.136    274.5   0.144    269.8   0.153    265.7   0.162                    
01570+3101 A   819AB         3    Lin2022b     88.2   0.225     92.9   0.238     97.2   0.252    101.0   0.266    104.4   0.281                    
01576+4205 NLTT 6522         9    Ren2010      45.3   0.0162    28.5   0.0105    42.9   0.0198   259.7   0.0015    41.2   0.0228  astrometric orbit
01577+4434 A  1526           4    Cve2010e    154.1   0.140    152.8   0.144    151.5   0.149    150.3   0.153    149.2   0.157                    
01588-6134 alp Hyi           9    HIP1997d    245.6   0.011    136.6   0.029     89.9   0.022    168.1   0.021    116.4   0.030   astrometric orbit
02009-4350 I   265           4    Hrt2010a    231.2   0.691    231.5   0.697    231.9   0.702    232.2   0.708    232.5   0.713                    
02012+1634 BU  515           5    Tok2025b     72.8   0.190     80.9   0.194     88.9   0.193     97.3   0.187    106.3   0.179                    
02020+7054 BU  513AB         2    Doc2024b     67.3   0.405     79.8   0.406     92.2   0.410    104.3   0.418    115.8   0.429                    
02020+0246 STF 202AB         4    Sca2015c    257.1   1.848    256.5   1.851    255.8   1.854    255.2   1.857    254.6   1.860                    
02022-2402 HDS 272AB         5    Hrt2011d    308.6   0.723    307.2   0.734    305.8   0.746    304.5   0.757    303.2   0.769                    
02022-2402 TOK  41Ba,Bb      3    Tok2018j    139.8   0.102    118.8   0.106     98.3   0.105     76.8   0.102     53.4   0.097                    
02022+3643 A  1813AB         1    Tok2020i    187.3   0.159    198.2   0.127    226.2   0.061    344.7   0.062     15.2   0.111                    
02022+3643 A  1813AB,C       5    Izm2019     195.9   1.717    195.5   1.725    195.1   1.732    194.7   1.739    194.3   1.746                    
02035-0455 TOK 873           4    Tok2024e      7.9   0.257     18.8   0.296     27.1   0.336     33.7   0.375     39.1   0.413                    
02037+2556 STF 208AB         3    Hei1996a    351.1   1.634    351.5   1.647    351.9   1.660    352.3   1.673    352.7   1.685                    
02038-0020 TOK  38Aa,Ab      3    Tok2020e     99.6   0.048    116.8   0.030    212.4   0.013    279.1   0.022     73.3   0.025                    
02039+4220 STT  38BC         2    Doc2017a    114.6   0.321    114.0   0.344    113.4   0.366    112.9   0.386    112.5   0.405                    
02039-4525 RST2272           4    Tok2016b    247.7   1.571    248.5   1.580    249.2   1.589    249.9   1.597    250.7   1.606                    
02048+6030 A   957           5    FMR2020a    355.4   0.367    354.0   0.367    352.6   0.367    351.3   0.367    349.9   0.367                    
02051-1737 BEU   3           4    MnA2019     284.7   0.353    283.4   0.384    281.6   0.243    111.0   0.072    104.1   0.352                    
02051+7717 SHJ  22A          9    HIP1997d    110.1   0.036     37.4   0.038    308.6   0.034    232.8   0.039    148.4   0.033   astrometric orbit
02057-2423 WSI  71Aa,Ab      3    Tok2014b    264.0   0.0291   296.3   0.0435   195.8   0.0174   281.4   0.0408   106.6   0.0065                   
02057-2423 I   454AB         4    Tok2014b    171.1   0.411    173.6   0.383    176.4   0.355    179.8   0.327    183.7   0.301                    
02060-2209 SEE  16           4    Tok2019h     94.4   0.117     91.4   0.122     88.7   0.127     86.1   0.132     83.7   0.137                    
02087-1005 HU   16           5    Tok2017c     42.5   0.868     43.5   0.865     44.4   0.862     45.4   0.859     46.4   0.856                    
02090+3540 COU1067           4    BAE2021      50.5   0.140     52.0   0.136     53.5   0.132     55.2   0.129     57.0   0.125                    
02091+4048 BX And            7    Pbl2006        .     .          .     .          .     .          .     .          .     .      incomplete elements
02095+3459 MKT   4           1    MkT1995     298.9   0.0083    45.2   0.0060   255.6   0.0091   318.7   0.0073    88.8   0.0042                   
02104-5049 ESG   1           5    Msn2017c     68.8   2.801     67.5   2.820     66.3   2.837     65.0   2.853     63.7   2.867                    
02104-5049 ESG   1           5    Bdt2019      69.3   2.658     67.9   2.651     66.4   2.638     65.0   2.619     63.6   2.594                    
02107+4426 COU1667           4    BAE2021     247.6   0.133    245.7   0.139    244.0   0.144    242.4   0.149    240.9   0.154                    
02114+6221 STF 216           5    Alz2024e    299.2   0.268    298.7   0.273    298.3   0.277    297.9   0.281    297.5   0.286                    
02124+3018 STF 227           4    FMR2020c     67.9   3.928     67.9   3.928     67.8   3.928     67.7   3.929     67.7   3.929                    
02124+3018 STF 227           4    FMR2020c     67.9   3.914     67.9   3.914     67.8   3.914     67.8   3.914     67.7   3.914                    
02128-0224 TOK  39Aa,Ab      3    Tok2020e    140.5   0.0209   125.3   0.0212   108.8   0.0191    83.5   0.0135   273.4   0.0047                   
02132+4030 HEL   5Ba,Bb      4    Hel2016     189.8   0.228    164.1   0.260    144.4   0.296    128.9   0.331    116.4   0.363                    
02130+0851 MCA   5           9    HIP1997d    231.3   0.0030    88.7   0.0032    61.2   0.0039   286.0   0.0021   247.8   0.0044  astrometric orbit
02132+4414 CHR   5           9    Ren2013     158.9   0.0032   317.4   0.0014   156.1   0.0031   302.8   0.0013   153.3   0.0030  astrometric orbit
02133+3649 JNN  18           2    MnA2019      86.1   0.205     74.0   0.215     58.6   0.163     14.7   0.080    278.4   0.096                    
02136+5104 BAG   1Aa,Ab      9    HIP1997d    136.3   0.0128    98.9   0.0129    59.5   0.0128    22.1   0.0129   162.6   0.0087  astrometric orbit
02136-5721 HDS 296           4    Tok2018i    122.9   0.064    134.4   0.049    154.7   0.037    187.7   0.032    220.3   0.037                    
02140+4729 STF 228           2    Pru2017     325.3   0.440    329.9   0.413    335.1   0.388    341.0   0.366    347.6   0.346                    
02143-4952 TOK 815           3    Tok2024c    276.6   0.132    301.1   0.045     84.2   0.083     97.9   0.123    111.6   0.090                    
02145+6631 MCA   6           2    Mit2021     232.1   0.064    245.4   0.061    260.3   0.057    277.1   0.054    296.0   0.051                    
02149-0639 HDS 298           4    Tok2024a    167.1   0.079    164.9   0.086    163.1   0.093    161.4   0.099    160.0   0.104                    
02155+5231 GC 2695           9    Jnc2005     173.5   0.0031   306.0   0.0045     9.2   0.0022   135.7   0.0052   202.5   0.0022  astrometric orbit
02157+2503 COU  79A          9    Mut2010e       .     .          .     .          .     .          .     .          .     .      incomplete elements
02157+2503 COU  79           2    Mut2010e    296.7   0.105    284.0   0.116    273.8   0.129    265.4   0.142    258.5   0.154                    
02158-1814 HTG   1           4    Izm2019     173.0   2.098    174.0   2.112    175.0   2.126    176.0   2.139    177.0   2.152                    
02159+0638 A  2013           2    Doc2006i    107.2   0.459    105.4   0.468    103.7   0.474    102.1   0.476    100.4   0.473                    
02164+0438 YR    8           5    Hor2021b    141.0   0.081    138.0   0.072    134.1   0.062    128.7   0.052    120.8   0.042                    
02166-5026 TOK 185           2    Tok2024c    302.5   0.076    343.4   0.063     30.2   0.069     62.8   0.085     86.4   0.093                    
02167+0632 YSC  20           3    Tok2024c    146.2   0.080    185.7   0.110    208.0   0.138    223.6   0.158    236.2   0.170                    
02168+4346 NLTT 7491         7    Hwd2010        .     .          .     .          .     .          .     .          .     .      incomplete elements
02171+3413 MKT   5Aa,Ab      1    Pbx2000b    104.8   0.0095   305.0   0.0094   140.3   0.0094   340.4   0.0095   175.5   0.0095                   
02174+6121 STF 234AB         4    Sta1983     217.8   0.533    216.9   0.516    215.9   0.498    214.8   0.479    213.7   0.460                    
02180+0145 GC 2770           9    WaX2015b    316.9   0.0124   341.0   0.0088    23.1   0.0075    60.0   0.0098    80.0   0.0131  astrometric orbit
02182+3920 A   207           5    Sca2020f      0.6   0.657      0.9   0.662      1.2   0.668      1.5   0.673      1.8   0.679                    
02186+4017 EGG   2Aa,Ab      3    Hor2015b    144.0   0.240    146.2   0.244    148.4   0.246    150.5   0.246    152.6   0.246                    
02193+5338 A  1274           5    Mnt2005a    288.4   0.468    288.7   0.468    288.9   0.469    289.1   0.470    289.4   0.471                    
02193-0259 JOY   1Aa,Ab      4    Sca2001f     89.8   0.437     88.9   0.432     87.9   0.428     87.0   0.424     86.0   0.419                    
02198-3527 HJ 3494           4    Izm2019     238.5   2.383    238.0   2.391    237.6   2.398    237.2   2.406    236.8   2.413                    
02198+0640 VOU  40AB         3    Tok2025b    170.4   0.062    180.0   0.053    192.9   0.046    209.6   0.041    228.8   0.040                    
02201-0332 HDS 305Aa,Ab      3    Tok2018i    191.3   0.088    210.6   0.091    228.5   0.095    244.7   0.101    259.1   0.108                    
02202+2949 A   961           4    Nov2007b    230.6   0.177    225.7   0.171    220.5   0.165    214.9   0.159    208.9   0.154                    
02211+4246 STF 248           3    Pbx2000b    197.0   0.826    196.3   0.843    195.6   0.859    194.9   0.874    194.3   0.890                    
02212+2136 HU  425Aa,Ab      5    Hei1995      30.5   0.330     28.2   0.335     26.0   0.340     23.9   0.345     21.8   0.350                    
02225-2349 LAF  27           3    Fek2018     188.8   0.506    198.2   0.486    208.4   0.469    219.3   0.456    230.7   0.449                    
02231+7021 MLR 377AB         5    USN2017c    132.2   0.709    131.7   0.709    131.2   0.709    130.8   0.709    130.3   0.709                    
02232-2952 BU  738           4    Izm2019     211.5   2.191    211.4   2.212    211.4   2.233    211.3   2.253    211.3   2.274                    
02246-4050 GC 2912           9    Jnc2005     172.3   0.0068   295.3   0.0038   193.2   0.0099    10.9   0.0057   207.2   0.0102  astrometric orbit
02249+3039 HDS 314AB         3    Mit2024     219.9   0.083     75.9   0.031     12.4   0.079    351.3   0.107    338.3   0.130                    
02250+2529 COU 357           4    Ksr2021     107.1   0.287    106.3   0.286    105.5   0.285    104.7   0.284    103.9   0.282                    
02254+0135 HDS 315           4    Tok2019c     19.5   0.244     21.7   0.252     23.8   0.260     25.7   0.269     27.5   0.277                    
02257+6133 STF 257           3    Doc2016b     84.0   0.493     84.6   0.497     85.2   0.502     85.8   0.506     86.3   0.510                    
02259+1747 JNN  19           5    Jnn2022     211.9   0.137    224.8   0.126    240.2   0.116    258.1   0.107    278.7   0.100                    
02260+0547 GJ 9082           9    Jnc2005     149.9   0.038     81.4   0.053     55.2   0.079     38.9   0.083     18.3   0.063   astrometric orbit
02262+3428 HDS 318           1    Mit2024     171.1   0.105    192.7   0.128    212.3   0.116    245.1   0.078    324.6   0.059                    
02270+3117 HO  216           5    Izm2019       7.8   1.424      8.0   1.426      8.2   1.427      8.4   1.429      8.6   1.430                    
02278+0426 A  2329           1    MnA2019     124.0   0.524    129.2   0.455    136.4   0.377    147.5   0.295    166.7   0.223                    
02280+0158 KUI   8           4    Zir2013a     41.6   0.469     41.8   0.467     42.0   0.465     42.3   0.463     42.5   0.460                    
02284+1722 A  2330           5    Izm2019     211.3   1.203    211.6   1.202    211.9   1.201    212.3   1.200    212.6   1.199                    
02288+3215 WOR   2           2    MnA2019      96.0   0.382     97.1   0.412     98.1   0.425     99.1   0.421    100.2   0.400                    
02288+2956 13 Tri            9    Hei1994a    322.2   0.0188   328.0   0.0188   338.7   0.0103   106.8   0.0044   138.5   0.0154  astrometric orbit
02290-1959 RST2280Aa,Ab      3    Msn2023      21.9   0.496     13.6   0.565      7.1   0.626      1.6   0.679    356.9   0.724                    
02291+6724 CHR   6Aa,Ab      3    Izm2019       7.9   0.619      5.6   0.605      3.1   0.589      0.5   0.571    357.7   0.550                    
02291+6724 STF 262AB         5    Tok2021b    227.6   3.067    227.5   3.076    227.4   3.084    227.2   3.092    227.1   3.101                    
02297-0216 BU  519           4    Tok2024c    118.6   0.141    124.0   0.128    130.5   0.116    138.4   0.106    147.9   0.097                    
02305-4342 ELP   1Aa,Ab      3    Tok2020e    332.8   0.122    313.0   0.132    294.9   0.133    275.9   0.125    253.0   0.112                    
02318+8916 WRH  39Aa,Ab      2    CIA2024c    282.7   0.112    275.8   0.121    269.8   0.129    264.5   0.137    259.9   0.145                    
02321-1515 TOK 382Aa,Ab      4    Tok2025a    192.3   0.634    190.8   0.629    189.3   0.616    187.7   0.594    185.9   0.563                    
02329+3433 GC 3048           9    HIP1997d    191.9   0.0039    16.7   0.0061   200.1   0.0058    26.9   0.0030   351.0   0.0012  astrometric orbit
02332-5156 HDS 333           4    Tok2018b    275.3   0.297    282.7   0.244    294.4   0.187    315.7   0.135    355.0   0.107                    
02333+5219 STT  42AB         3    Cve2006e     84.4   0.162     85.0   0.168     85.6   0.175     86.1   0.181     86.6   0.187                    
02336-3910 B   674           4    Tok2019c    264.8   0.077    257.1   0.076    249.3   0.076    241.5   0.076    233.8   0.077                    
02339+4930 BD+48  696        9    Jnc2005     112.0   0.0069   249.3   0.0121   259.9   0.0242   288.8   0.0023    84.5   0.0304  astrometric orbit
02339-5106 HR  755           9    Gln2007      16.4   0.0025   352.5   0.0132   165.4   0.0072   356.6   0.0098   187.2   0.0011  astrometric orbit
02355+5948 BD+59  515        9    Ren2013     214.4   0.0095    49.9   0.0090   144.7   0.0080   271.0   0.0075    91.8   0.0114  astrometric orbit
02361+0653 GKI   1Aa,Ab      9    Hei1994b     60.1   0.211     62.0   0.211     63.9   0.210     65.8   0.209     67.8   0.207   astrometric orbit
02361+0653 GKI   1AB         5    Ddr2025     181.6   1.331    189.2   1.399    196.2   1.470    202.4   1.544    208.1   1.622                    
02366+1227 MCA   7           1    Doc2016d    165.0   0.059    116.7   0.050    338.2   0.069    290.5   0.046    154.7   0.070                    
02370-3056 RST2283           4    Tok2024c    340.6   0.187    343.4   0.186    346.2   0.186    349.1   0.186    351.9   0.186                    
02371-1112 HU 1216AB         4    RAO2015      43.5   0.727     44.2   0.734     44.9   0.742     45.6   0.749     46.3   0.756                    
02374-5233 TOK 186Aa,Ab      2    Tok2017c     76.5   0.062     16.4   0.054    237.4   0.074     95.4   0.046     31.1   0.068                    
02379+2003 A  2219           4    USN2017b    145.3   0.486    145.1   0.489    145.0   0.492    144.9   0.495    144.7   0.497                    
02382+4604 A  1278           3    Doc2012i    296.8   0.225    296.1   0.225    295.5   0.225    294.9   0.224    294.2   0.223                    
02384-0125 A   450           5    USN2002     179.1   0.283    178.5   0.279    177.9   0.276    177.3   0.272    176.6   0.268                    
02390-5811 HDS 345           2    Tok2017c    142.4   0.074    347.2   0.170    310.1   0.226    275.3   0.182    147.8   0.075                    
02396-1152 FIN 312           1    Doc2013d     29.8   0.099    218.0   0.093    317.9   0.124     85.0   0.087    261.0   0.117                    
02396-5425 HU 1350           5    USN2002      38.3   0.913     37.7   0.919     37.2   0.924     36.7   0.929     36.1   0.934                    
02398-4254 GKM9050Ba,Bb      4    Tok2025b    292.1   0.051    332.0   0.079    358.1   0.076     44.6   0.046    142.6   0.047                    
02399+0009 A  1928           2    Doc2009g    314.7   0.080      1.7   0.067     50.9   0.073     94.8   0.073    139.6   0.077                    
02402+0436 HDS 347           4    Cve2020b    151.0   0.667    151.9   0.676    152.8   0.684    153.6   0.692    154.5   0.700                    
02405-2408 SEE  19           3    Tok2024c     52.7   0.140     49.0   0.151     45.7   0.162     42.9   0.172     40.4   0.182                    
02405-2408 SEE  19Ba,Bb      9    CIA2022f    345.0   0.0020   227.1   0.0008    31.5   0.0019   338.2   0.0019   174.0   0.0007  astrometric orbit
02407+2637 STT  43           4    Sca2001d    322.1   0.545    320.3   0.539    318.5   0.534    316.7   0.529    314.8   0.524                    
02409+0452 STT  45           5    Izm2019     253.6   0.728    253.0   0.724    252.4   0.719    251.7   0.715    251.1   0.710                    
02412-0042 STF 295           5    Izm2019     300.2   3.838    300.0   3.834    299.8   3.830    299.6   3.826    299.5   3.822                    
02415-7128 B  1923           4    Tok2022e    232.3   0.469    230.5   0.492    228.9   0.513    227.3   0.532    225.9   0.550                    
02415-7128 B  1923Aa,Ab      9    Tok2022e     82.7   0.0061   270.8   0.0039    54.8   0.0086    64.8   0.0157    70.2   0.0163  astrometric orbit
02415+4053 COU1511           3    Hrt2001b     84.2   0.156     76.4   0.152     68.2   0.146     59.0   0.137     48.4   0.125                    
02415-1506 HDS 351           3    Tok2024c     23.9   0.157     24.2   0.177     24.5   0.187     24.8   0.189     25.1   0.184                    
02418-5300 TOK 690Aa,Ab      3    Tok2025b     71.7   0.027     97.1   0.049    319.9   0.018     79.7   0.034    100.3   0.047                    
02418-5300 SYU   4Ba,Bb      2    Msn2023     348.1   0.072    257.0   0.030    113.5   0.064     66.5   0.074     26.0   0.077                    
02422+4012 MCA   8           8    Bgn2006     232.5   0.032     59.7   0.025     21.8   0.046      1.7   0.052    344.3   0.054                    
02423+4925 HU  539           3    USN2002     138.9   0.154    136.5   0.158    134.2   0.162    131.9   0.166    129.8   0.171                    
02424+3837 EVT   1Aa,Ab      3    EvT2012     223.9   0.026    154.3   0.028     85.9   0.026      3.9   0.024    272.9   0.024                    
02424+2001 BLA   1Aa,Ab      2    Msn2023     123.7   0.024    268.1   0.031    288.4   0.049    305.1   0.042    336.5   0.028                    
02425+1045 CHR 200           4    Tok2025b     97.2   0.026    171.5   0.022    216.2   0.036    241.3   0.034      0.1   0.013                    
02433+0314 STF 299AB         4    Alz2023     300.3   1.811    300.5   1.772    300.6   1.730    300.8   1.686    300.9   1.640                    
02433+1926 BAG  20           9    HIP1997d     10.9   0.030     31.0   0.025    232.7   0.016      1.0   0.023     23.5   0.034   astrometric orbit
02434-3756 TOK 187           5    Tok2018e    187.3   0.419    184.3   0.417    181.2   0.408    178.0   0.392    174.3   0.367                    
02434-6643 FIN 333           3    Msn2023     214.1   0.380    214.0   0.351    213.9   0.317    213.8   0.277    213.5   0.230                    
02435+2742 35 Ari            9    HIP1997d    235.6   0.0070   304.1   0.0068    31.8   0.0060   144.2   0.0052   240.8   0.0071  astrometric orbit
02436-6255 CP-63  179        9    SaJ2011     158.9   0.0145    12.4   0.0062   117.5   0.0160   168.1   0.0134    47.4   0.0083  astrometric orbit
02442+4914 STF 296AB         5    KSC2017     305.2  20.490    305.2  20.506    305.3  20.522    305.3  20.538    305.4  20.554                    
02442-2530 FIN 379Aa,Ab      1    Tok2016b    183.3   0.147    199.2   0.144    219.5   0.115    264.6   0.067     24.8   0.048                    
02442-2530 BSO   1AB         5    Kiy2017     192.9  12.614    193.0  12.620    193.0  12.627    193.0  12.634    193.1  12.641                    
02449+1007 TOK   1Aa,Ab      3    SAO2024     228.9   0.328    227.9   0.331    226.9   0.331    225.9   0.327    224.9   0.321                    
02452-4344 BRG  15Aa,Ab      3    TSN2022a      4.5   0.595    358.7   0.643    353.7   0.679    349.0   0.702    344.6   0.708                    
02456-7114 HDS 357           5    Hrt2011d      5.7   0.445      3.0   0.452      0.4   0.457    357.8   0.460    355.2   0.462                    
02457-3943 B  2077A          9    Gln2007     115.6   0.0075   333.5   0.0085   217.9   0.0044    19.9   0.0068   277.5   0.0096  astrometric orbit
02460-0457 BU   83Aa,Ab      9    Dom1972a    198.5   0.059    210.1   0.060    221.3   0.061    231.6   0.064    241.0   0.068   astrometric orbit
02460-0457 BU   83           5    Hrt2011d      7.1   1.081      6.7   1.091      6.3   1.100      5.9   1.109      5.6   1.118                    
02470+5007 ARG   9           5    Izm2019     151.6   2.481    151.7   2.472    151.8   2.464    151.8   2.455    151.9   2.447                    
02471+3533 BU    9AB         5    Zir2015a    225.2   0.830    226.3   0.821    227.5   0.811    228.8   0.802    230.0   0.793                    
02475+1922 STF 305AB         4    Msn2014b    306.5   3.578    306.4   3.575    306.3   3.571    306.2   3.568    306.2   3.564                    
02478+8127 HR  774           9    Jnc2005      98.1   0.0072   105.9   0.0052   265.5   0.0030   278.3   0.0083   285.2   0.0053  astrometric orbit
02482+2704 GC 3359           9    Hei1990d    233.5   0.0388   236.0   0.0372   239.2   0.0297   246.1   0.0176   298.2   0.0045  astrometric orbit
02489-3404 YMG   3           3    Tok2025b     44.9   0.042    184.3   0.039    205.6   0.076    226.5   0.040      5.9   0.042                    
02493-1033 STF 315           5    Izm2019     166.6   1.172    166.8   1.158    167.0   1.145    167.1   1.131    167.3   1.118                    
02512+0141 A  2338           3    Doc2016a     41.4   0.217     43.5   0.223     45.5   0.229     47.3   0.235     49.1   0.241                    
02514-2139 DON  43           3    Tok2023a    294.2   0.211    296.1   0.212    297.9   0.213    299.8   0.213    301.7   0.214                    
02517+4559 A  1281AB         3    Hrt2014a    151.8   0.677    152.7   0.678    153.7   0.679    154.6   0.679    155.5   0.679                    
02517-5234 HU 1562           3    Tok2020e     71.0   0.199     69.5   0.224     68.2   0.248     67.2   0.270     66.3   0.290                    
02529+5300 A  2906AB         3    Izm2019     108.0   0.234    107.4   0.232    106.7   0.230    106.0   0.228    105.3   0.226                    
02529+5300 STF 314AB,C       4    Izm2019     315.4   1.577    315.5   1.575    315.6   1.573    315.7   1.571    315.8   1.569                    
02537+3820 BU  524AB         2    Mut2010b    233.4   0.148    223.8   0.129    209.1   0.095    148.5   0.031     33.9   0.083                    
02539-4436 I  1480           3    Tok2016c    121.3   0.490    122.4   0.498    123.4   0.504    124.4   0.509    125.4   0.513                    
02543+5246 LAB   1Aa,Ab      3    Doc2014f    268.7   0.031    110.2   0.017    279.4   0.059    276.2   0.065    270.6   0.037                    
02544-2007 HDS 371           4    Tok2025b    325.9   0.175    321.1   0.182    316.7   0.187    312.5   0.190    308.3   0.191                    
02552+5950 MLR 520           3    Cve2020b     21.1   0.143     18.3   0.143     15.6   0.142     12.8   0.140      9.9   0.139                    
02554-2513 HDS 375           4    Tok2023a     12.5   0.335      6.2   0.314    358.9   0.295    350.8   0.280    341.9   0.269                    
02556+2652 STF 326AB         7    Hop1967        .     .          .     .          .     .          .     .          .     .      incomplete elements
02563+7253 STF 312AB         5    Izm2019      51.1   1.688     51.6   1.677     52.0   1.666     52.5   1.655     52.9   1.644                    
02563-2857 DAW  77           4    Tok2024e    265.6   0.274    266.1   0.268    266.6   0.261    267.1   0.254    267.6   0.247                    
02568-6343 YMG   4           4    Tok2025b    327.5   0.064    321.4   0.053    307.9   0.029    209.8   0.012    161.9   0.038                    
02572-2458 BEU   4Ca,Cb      2    Tok2015c    154.2   0.068    204.4   0.094    274.8   0.048    159.5   0.073    207.4   0.093                    
02572-2458 BU  741AB         3    Tok2019h    139.8   0.220    147.4   0.310    151.6   0.398    154.3   0.483    156.2   0.563                    
02572+0153 A  2413           3    USN2021b    172.0   0.659    172.8   0.662    173.6   0.663    174.4   0.664    175.2   0.664                    
02586+2408 BU 1173AB         4    Hrt2009     119.1   0.109    122.1   0.097    126.0   0.084    131.3   0.072    138.8   0.059                    
02589+2137 BU  525           4    Rbr2018     278.7   0.537    279.2   0.536    279.7   0.535    280.1   0.534    280.6   0.532                    
02592+2120 STF 333AB         4    Izm2019     210.6   1.283    210.7   1.275    210.7   1.266    210.8   1.257    210.9   1.248                    
03003-1118 A  2611           3    Tok2017c    291.9   0.077    305.3   0.069    322.0   0.062    342.0   0.057      3.8   0.056                    
03005+3934 A  1530           4    Hrt2011a    257.3   0.198    258.5   0.232    259.4   0.260    260.2   0.284    260.8   0.305                    
03006+4753 A  1529           4    Tam2006     160.4   0.229    160.2   0.227    160.1   0.224    159.9   0.221    159.7   0.217                    
03014+0615 HDS 385           2    Tok2019c    226.8   0.076    266.9   0.060    312.8   0.066    350.5   0.066     45.0   0.049                    
03019-1633 RST2292BC         3    Tok2021f    317.6   1.472    317.6   1.493    317.6   1.492    317.7   1.472    317.7   1.431                    
03023+1820 A  2414           5    Hei1997      99.4   0.343    100.7   0.342    102.0   0.341    103.3   0.340    104.6   0.340                    
03025-1516 HJL1114           2    HJL2016      23.0   0.0023    19.4   0.0102    14.2   0.0013    19.8   0.0095    18.3   0.0067                   
03030-0205 STF 341Ba,Bb      5    Tok2019g    114.3   0.039     55.2   0.050      1.7   0.040    123.9   0.036     60.7   0.049                    
03035+2304 HDS 389AB         3    Bag2005       2.2   0.148      7.1   0.174     11.3   0.171     17.0   0.127    259.1   0.016                    
03035-1059 BU 1174           5    Lin2016c    210.9   0.505    209.0   0.493    207.0   0.481    204.9   0.467    202.6   0.452                    
03046-5119 TOK 428Ba,Bb      3    Tok2023b    299.3   0.081    310.3   0.048      8.2   0.019     85.0   0.042     98.1   0.080                    
03048+5330 WRH  29Aa,Ab      2    Pbx2000b    244.6   0.216    244.6   0.237    244.5   0.249    244.5   0.254    244.4   0.250                    
03053-4059 HDS 391           4    Tok2023a    122.7   0.052    249.3   0.022    286.2   0.081    292.5   0.128    295.6   0.163                    
03054+2515 STF 346AB         3    Hei1981a    259.8   0.546    260.0   0.551    260.2   0.557    260.3   0.562    260.5   0.567                    
03073-1346 CRJ   7           5    Mre2020b    252.6   1.781    252.2   1.777    251.8   1.773    251.4   1.768    251.0   1.764                    
03076-0358 HDS 396           3    Tok2021c     27.4   0.265     20.6   0.293     14.8   0.314      9.7   0.330      5.0   0.342                    
03082+4057 CSI   1Aa1,2      4    CIA2012b    173.8   0.0004    36.4   0.0017   224.1   0.0021    52.5   0.0015   307.8   0.0003                   
03082+4057 LAB   2Aa,Ab      1    CIA2012b    141.1   0.057    314.5   0.095    157.5   0.026    318.3   0.067    269.3   0.017                    
03085-0335 BU  528AB         4    Tok2025b    316.1   0.095    311.0   0.091    305.3   0.087    299.3   0.084    292.9   0.082                    
03087-4413 HDS 398           5    Tok2020g     79.7   0.156     78.3   0.165     77.1   0.173     76.0   0.181     75.0   0.189                    
03087-4801 HDS 399           4    Tok2019d    226.9   0.143    231.3   0.153    235.2   0.159    238.9   0.162    242.6   0.162                    
03095+4544 HDS 404           3    MnA2019       9.7   0.548      7.8   0.472      5.1   0.379      0.4   0.271    348.7   0.153                    
03096+0512 A  2030           3    Sta1978b    316.3   0.331    313.2   0.331    310.2   0.332    307.1   0.331    304.0   0.330                    
03099-0654 TOK 188           7    Pbl2006        .     .          .     .          .     .          .     .          .     .      incomplete elements
03101-6355 FIN 361Aa,Ab      4    Tok2021c     82.3   0.180     83.5   0.184     84.6   0.188     85.6   0.192     86.6   0.196                    
03101+2145 BU 1030AB         4    Zir2012b    278.6   0.799    278.2   0.798    277.9   0.797    277.5   0.797    277.2   0.796                    
03119+6131 HDS 407           4    Cve2020b     92.5   0.370    100.3   0.419    106.6   0.457    112.0   0.488    116.8   0.514                    
03121-2859 HJ 3555           4    Izm2019     301.4   5.480    301.4   5.493    301.5   5.504    301.6   5.515    301.7   5.525                    
03122+3713 STF 360           4    Tok2020i    124.6   2.980    124.5   2.988    124.5   2.996    124.4   3.003    124.4   3.011                    
03124-4425 JC    8AB         2    Doc2023a    212.0   0.262    205.2   0.327    200.5   0.384    196.9   0.433    194.1   0.477                    
03125+1857 HDS 408           2    Mit2024     178.1   0.011      7.6   0.054      0.2   0.081    355.7   0.093    351.9   0.096                    
03127+7133 STT  50AB         4    Sca2012b    134.6   0.809    133.4   0.799    132.2   0.789    130.9   0.779    129.6   0.769                    
03128-0112 HJ  663AB         5    Hle1994     182.0   2.085    180.9   2.082    179.9   2.080    178.8   2.078    177.8   2.077                    
03128-0112 HJ  663Ba,Bb      7    Sef2010a       .     .          .     .          .     .          .     .          .     .      incomplete elements
03130+4417 STT  51           5    Lin2012a    357.8   0.450    359.3   0.437      1.0   0.423      2.8   0.409      4.6   0.396                    
03140+0044 STF 367           3    Izm2019     127.9   1.281    127.5   1.284    127.2   1.288    126.9   1.291    126.6   1.294                    
03147-3533 GAA   4           2    GaA2016     245.7   0.0030   235.8   0.0012    71.3   0.0019    65.2   0.0029    51.0   0.0008                   
03151+1618 HU 1055AB         4    Hrt2000a    116.5   0.498    116.1   0.503    115.8   0.508    115.5   0.513    115.1   0.517                    
03158+5057 HU  544           5    Izm2019     102.6   1.656    102.7   1.659    102.7   1.661    102.7   1.664    102.7   1.666                    
03160-0555 BU   84           5    Izm2019       5.7   0.977      5.6   0.975      5.5   0.972      5.3   0.970      5.2   0.967                    
03162+5810 MLB 115AB         5    Zir2008     358.8   4.998    358.5   5.000    358.2   5.001    357.8   5.002    357.5   5.003                    
03162+5810 MLB 115AB         5    Izm2019     359.3   5.052    358.9   5.056    358.6   5.060    358.3   5.064    358.0   5.068                    
03175+6540 STT  52AB         4    USN2017c     49.7   0.523     49.3   0.525     48.8   0.527     48.3   0.529     47.9   0.532                    
03177+3838 STT  53AB         3    Rbr2018     221.8   0.494    220.0   0.483    218.1   0.471    216.1   0.459    214.1   0.446                    
03178-1407 HU  432           4    Tok2020e    117.8   0.175    122.8   0.173    127.9   0.170    133.1   0.168    138.5   0.167                    
03184-2231 SEE  23           3    USN2017b    314.2   0.183    318.7   0.172    323.7   0.163    329.3   0.154    335.5   0.146                    
03184-2231 SEE  23           3    Tok2023a    132.5   0.072    151.6   0.097    164.5   0.110    175.0   0.119    184.1   0.127                    
03184-0056 AC    2AB         4    Izm2019     264.0   1.178    264.4   1.174    264.8   1.169    265.2   1.164    265.6   1.159                    
03185+1511 LDS6150A          9    Jnc2005     237.8   0.015    218.8   0.025    208.6   0.029    200.4   0.031    192.5   0.031   astrometric orbit
03189-0101 BU 1177           4    Doc2025b    191.1   0.619    190.7   0.620    190.3   0.621    189.9   0.622    189.5   0.623                    
03193-5053 RST  70           3    Tok2019c    243.8   0.175    246.5   0.184    249.1   0.191    251.4   0.197    253.7   0.202                    
03196+6714 HU 1056           5    Zir2015a     78.7   1.008     78.5   1.001     78.3   0.993     78.1   0.985     78.0   0.977                    
03213+1038 HEI 449           3    Tok2021c     48.4   0.244     47.1   0.228     45.5   0.209     43.6   0.187     41.2   0.162                    
03217+0845 STF 380           4    Izm2019       0.2   0.936    359.5   0.936    358.9   0.936    358.3   0.937    357.7   0.937                    
03221+4440 COU1681           3    BAE2021     152.2   0.203    147.8   0.204    143.5   0.205    139.2   0.206    134.9   0.207                    
03223-4119 I   151           5    Izm2019     192.7   0.758    193.2   0.749    193.8   0.740    194.4   0.731    194.9   0.723                    
03236-4005 I   468           5    Izm2019     128.8   2.788    129.6   2.808    130.3   2.828    131.0   2.847    131.8   2.865                    
03244-1539 A  2909AB         2    Doc2016d    295.3   0.028     17.4   0.118     33.0   0.131     50.9   0.109     79.2   0.086                    
03260-3558 B  1449BC         3    Tok2021c      5.5   0.078      9.7   0.094     12.7   0.109     14.9   0.124     16.7   0.137                    
03261+1229 A   829           3    Hrt2008      32.0   0.426     31.0   0.425     29.9   0.424     28.9   0.423     27.8   0.421                    
03262+2950 ALP  10           9    USN2015        .     .          .     .          .     .          .     .          .     .      incomplete elements
03264+3520 HDS 430           3    Mit2020      61.3   0.224     68.5   0.224     75.8   0.223     83.2   0.220     90.8   0.216                    
03266+2843 CIA  10Aa1,2      2    Hmm2017b    271.1   0.0015   338.6   0.0012    99.4   0.0017   174.5   0.0011   286.8   0.0017                   
03266+2843 CHR   9Aa,Ab      5    Ptn2011      49.6   0.296     49.1   0.286     48.4   0.276     47.8   0.265     47.0   0.254                    
03271+1845 CHR  10AB         2    Tok2023a     61.7   0.070     79.2   0.079     94.3   0.081    109.7   0.077    128.2   0.067                    
03272+0944 MKT  15Aa1,2      8    Nem2016     149.3   0.0018   152.6   0.0011   267.7   0.0001   324.9   0.0012   328.0   0.0019                   
03272+0944 MKT  15Aa,Ab      4    Nem2016     145.9   0.010    328.1   0.019    147.3   0.012    328.6   0.019    148.4   0.013                    
03272+0944 HDS 433AB         3    Tok2015c    276.8   0.624    279.3   0.639    281.7   0.651    284.1   0.662    286.3   0.671                    
03275+1911 A  2345           5    Izm2019     181.1   1.004    181.5   1.004    182.0   1.004    182.4   1.004    182.8   1.004                    
03279-1948 GC 4128           9    HIP1997d    164.5   0.023    108.9   0.020    310.8   0.014    206.7   0.019    145.5   0.024   astrometric orbit
03281+4904 CIA  67           3    CIA2025a     84.2   0.0017   131.5   0.0018   180.9   0.0017   229.5   0.0018   277.8   0.0017                   
03284+6015 A   980AB         4    Baz1994     323.6   0.401    322.6   0.402    321.7   0.403    320.8   0.404    319.8   0.404                    
03286-3034 NLTT 11035        9    Gln2007     299.3   0.011    114.2   0.012    311.7   0.013    126.4   0.013    322.1   0.013   astrometric orbit
03294-2406 GAA  18           3    GaA2023     185.2   0.0009    12.0   0.0015     4.6   0.0009   191.8   0.0015   184.0   0.0008                   
03305+2006 RAO  11Ba,Bb      5    Tok2019c    246.7   0.356    245.2   0.377    243.8   0.391    242.5   0.400    241.2   0.402                    
03307-1926 HDS 441           3    Cve2016b     14.4   0.134    348.8   0.046    212.4   0.081    199.8   0.158    194.4   0.193                    
03309-6200 TOK 190           2    Tok2024c     19.6   0.032     39.4   0.068     89.7   0.019    207.6   0.045     30.7   0.064                    
03309+1256 5 Tau             9    HIP1997d     26.2   0.0054   219.3   0.0028   349.7   0.0053    56.4   0.0040   289.3   0.0035  astrometric orbit
03310+2937 A   983           4    Doc2010d    147.2   0.580    147.6   0.587    148.0   0.593    148.3   0.599    148.7   0.606                    
03311-0029 HDS 444           3    Msn2023      30.5   0.032     88.2   0.038    127.6   0.048    152.2   0.060    168.0   0.073                    
03321+4340 COU1688AB         4    Baz1993d     31.1   0.138     64.1   0.126    107.2   0.111    152.2   0.123    185.0   0.145                    
03337+5752 CHR 117           2    Bag2002     264.4   0.141    276.7   0.133    291.0   0.122    308.2   0.111    329.0   0.102                    
03339-3105 B    52           2    Tok2021c    320.6   0.298    321.4   0.300    322.2   0.290    323.2   0.267    324.3   0.233                    
03342+4837 BU  787AB         5    Izm2019     295.3   5.454    295.4   5.482    295.6   5.511    295.8   5.540    295.9   5.568                    
03344+2428 STF 412AB         3    Sca2002a    348.7   0.784    348.4   0.788    348.1   0.791    347.8   0.794    347.5   0.797                    
03350+6002 STF 400AB         3    Rbr2018     269.7   1.645    269.8   1.649    270.0   1.653    270.2   1.656    270.3   1.660                    
03356+3141 BU  533AB         4    Zir2015a    220.5   0.989    220.4   0.984    220.4   0.978    220.3   0.972    220.3   0.966                    
03362+4220 A  1535           3    Hrt2008     353.2   0.682    354.1   0.676    355.1   0.670    356.1   0.663    357.1   0.656                    
03363-1728 HDS 456           3    Tok2019c     87.6   0.181     85.4   0.187     83.3   0.191     81.3   0.193     79.3   0.191                    
03365+1011 A   830           5    Zir2012b    328.7   0.218    326.6   0.212    324.4   0.207    322.1   0.202    319.7   0.197                    
03368+0035 STF 422           4    Izm2019     275.2   6.738    275.4   6.741    275.6   6.744    275.8   6.747    276.0   6.750                    
03369-4957 SEE  29A          9    Mkr2007a    132.6   0.0009    40.9   0.0046    27.7   0.0039   246.8   0.0017   217.6   0.0051  astrometric orbit
03375+3107 GC 4314           9    HIP1997d    210.3   0.0085    27.8   0.0086   205.3   0.0086    22.9   0.0087   200.5   0.0087  astrometric orbit
03376+2121 PAT   1           5    Hor2021b    216.4   0.451    212.5   0.443    208.5   0.437    204.4   0.432    200.2   0.430                    
03379+0538 YSC  27           3    Tok2020e    114.8   0.139    103.1   0.139     90.0   0.124     71.1   0.096     32.7   0.064                    
03390+4232 NLTT 11456        9    Gln2007     348.5   0.0030   200.3   0.0082   243.0   0.0171   354.3   0.0030   201.1   0.0083  astrometric orbit
03391+5249 YSC 127AB         3    Hor2020     238.2   0.0076   158.2   0.0274   109.2   0.0220    58.9   0.0282    33.4   0.0395                   
03396+1823 JAO   9Ba,Bb      2    Jao2016      34.6   0.021    341.9   0.018    148.3   0.011     94.6   0.025     63.6   0.024                    
03400+6352 HU 1062BC         3    Tok2019e    121.8   0.047    189.4   0.078    209.2   0.130    218.1   0.172    224.0   0.199                    
03401+3407 RBR  26Aa,Ab      9    GnR2015a    208.6   0.127    207.1   0.124    205.4   0.121    203.7   0.118    201.9   0.115   astrometric orbit
03401+3407 STF 425AB         4    Kiy2018a     57.8   1.709     57.4   1.705     56.9   1.701     56.5   1.697     56.1   1.693                    
03402-1936 GC 4392           9    HIP1997d     72.9   0.0030   246.4   0.0029    59.5   0.0028   232.2   0.0027    44.6   0.0027  astrometric orbit
03407+0643 A  1934           3    Tok2024e    352.7   0.148      0.6   0.143      9.0   0.138     18.0   0.135     27.3   0.133                    
03413+4554 BU 1181AB         3    RAO2015      90.1   0.214     90.0   0.245     90.0   0.270     90.0   0.290     90.0   0.306                    
03417-5126 FR    9           4    Tok2024c    267.5   0.063     34.0   0.071    136.0   0.042    292.0   0.057     50.0   0.077                    
03422+6313 BD Cam            9    Pbx2000a    170.9   0.0019   340.7   0.0025   135.1   0.0012   274.8   0.0006   356.6   0.0019  astrometric orbit
03423+3141 COU 691           3    Doc2010d     46.5   0.112     51.0   0.123     54.8   0.133     58.1   0.141     61.1   0.148                    
03425+1216 JNN  26           5    Bwl2020     359.6   0.845    359.8   0.853      0.0   0.861      0.2   0.868      0.4   0.876                    
03426+1718 GC 4435           9    HIP1997d    273.9   0.0207    80.2   0.0321   247.8   0.0228   328.5   0.0070    88.3   0.0260  astrometric orbit
03434-0934 GJ 3247           9    TSN2020     265.2   0.028    212.3   0.020    119.9   0.018     10.0   0.017    308.6   0.028   astrometric orbit
03440+5228 A  1289           5    USN2002      92.0   0.268     92.9   0.267     93.9   0.266     94.8   0.265     95.8   0.263                    
03442-6448 TOK 191Aa,Ab      9    HIP1997d    168.4   0.0056   200.2   0.0297   206.4   0.0289   237.3   0.0061    20.1   0.0208  astrometric orbit
03447+2755 STT4038B          9    Gln2007     322.5   0.0114   179.8   0.0099   308.2   0.0112   156.1   0.0078   293.5   0.0112  astrometric orbit
03448+4602 BAG   8AB         2    MnA2019      85.2   0.195     71.7   0.127     30.2   0.069    322.8   0.091    299.1   0.158                    
03453+2428 Pleiades H 156    9    Ole2003b     87.6   0.069    254.8   0.026     87.4   0.069    253.1   0.024     87.2   0.070   astrometric orbit
03454-2752 BU 1003           5    Cve2008a    268.2   1.595    269.8   1.618    271.4   1.640    272.9   1.662    274.4   1.683                    
03462-2423 RST2321           3    Tok2020e    322.0   0.170    324.2   0.182    326.2   0.193    327.9   0.203    329.5   0.214                    
03463-6630 HDS 477           4    Tok2017c    349.5   0.196    351.1   0.202    352.5   0.208    353.8   0.214    355.1   0.218                    
03463+2411 BU  536AB         4    Hrt2009     178.5   1.070    178.5   1.075    178.4   1.081    178.3   1.086    178.3   1.091                    
03466+2255 RDR   2AB         5    Bwl2020      36.0   2.861     36.0   2.861     36.0   2.861     35.9   2.861     35.9   2.861                    
03470+4126 STF 443AB         4    Izm2019      56.9   6.732     57.0   6.716     57.1   6.699     57.1   6.682     57.2   6.666                    
03474+2255 SAO 76196         9    HIP1997d    290.1   0.0049    50.8   0.0034   168.5   0.0048   317.8   0.0059   107.0   0.0048  astrometric orbit
03478+3212 HR 1164           9    Ren2010     302.0   0.0266    86.4   0.0120   178.9   0.0096   296.4   0.0270    39.9   0.0079  astrometric orbit
03481+2409 COU  80           4    BAE2021      78.4   0.460     77.7   0.452     76.9   0.443     76.0   0.434     75.2   0.425                    
03480+6840 KUI  13BC         5    Baz1986a     68.0   0.213     40.1   0.198      9.5   0.195    340.1   0.208    316.1   0.237                    
03482+2219 EQ Tau            7    Pbl2006        .     .          .     .          .     .          .     .          .     .      incomplete elements
03484+5202 HU  546           2    Hrt2009     322.9   0.317    317.8   0.317    312.7   0.316    307.5   0.316    302.4   0.315                    
03489+1143 A   831           4    Tok2023a    104.4   0.209    107.4   0.212    110.4   0.215    113.2   0.219    116.0   0.224                    
03489+6445 STT  62           3    Hrt2008       0.9   0.385      2.1   0.381      3.4   0.377      4.7   0.374      6.0   0.370                    
03491+2347 TRR  16           4    Trr2020b     29.4   0.015    105.6   0.022    126.5   0.040    135.0   0.054    140.5   0.062                    
03491+4358 V376 Per          9    HIP1997d    329.6   0.0053   349.2   0.0071   155.7   0.0076   176.6   0.0047   339.3   0.0091  astrometric orbit
03492+2403 MKT  12Aa1,2      1    Zwa2004     149.0   0.0143     5.9   0.0054   294.8   0.0058   168.4   0.0128   147.0   0.0136                   
03494-1956 RST2324           3    Doc2019d    190.9   0.316    189.6   0.315    188.3   0.314    187.0   0.313    185.7   0.311                    
03496+6318 CAR   1           2    Zir2013b    138.0   0.126    154.7   0.121    174.9   0.103    210.6   0.067    312.6   0.049                    
03496-0220 YR   23           4    Doc2022d    274.1   0.397    271.3   0.396    268.5   0.392    265.6   0.386    262.6   0.378                    
03501+4458 CHR 126           9    Ren2013     259.5   0.0020    57.7   0.0021    70.4   0.0036   286.7   0.0008    64.4   0.0032  astrometric orbit
03503+2535 STT  65           2    DRs2012     203.9   0.637    204.1   0.650    204.3   0.661    204.5   0.671    204.7   0.679                    
03513+2621 A  1830AB         5    USN2017c    194.1   0.501    194.1   0.504    194.1   0.507    194.1   0.509    194.1   0.512                    
03513+2621 A  1830AB         4    Tok2021c    193.4   0.464    193.4   0.468    193.4   0.472    193.4   0.476    193.4   0.480                    
03520+2801 COU 696           4    BAE2021     210.7   0.282    209.9   0.290    209.2   0.298    208.6   0.304    207.9   0.311                    
03520+0632 KUI  15AB         4    Zir2015a    206.3   0.817    206.3   0.819    206.2   0.821    206.2   0.824    206.2   0.826                    
03520+2440 BOV  27AB         3    Sfr2014     226.6   0.114    230.1   0.112    233.6   0.110    237.3   0.107    241.3   0.103                    
03521+4048 STT  66           4    Izm2019     145.4   0.992    145.5   0.991    145.5   0.990    145.6   0.988    145.6   0.987                    
03526-0829 RST4762AB         3    Msn2023     209.1   0.095    205.5   0.094    201.8   0.092    198.1   0.091    194.2   0.091                    
03537+5316 A  1293AB         4    Lin1992b    230.9   0.358    232.8   0.368    234.7   0.376    236.5   0.383    238.2   0.389                    
03544-4021 FIN 344AB         2    Msn2023     253.1   0.071    264.6   0.081    274.0   0.087    282.6   0.090    290.9   0.089                    
03545+0510 A  1831BC         4    Tok2015c    240.7   0.176    241.8   0.176    242.9   0.175    243.9   0.174    245.0   0.173                    
03556-2613 HDS 495           3    Tok2024e     53.7   0.243     50.6   0.246     47.7   0.247     44.7   0.248     41.7   0.247                    
03562+5939 HDS 497AD         5    Tok2019e      1.5   0.403      9.8   0.407     18.0   0.410     26.0   0.413     33.9   0.412                    
03565-0624 A   463           4    Tok2023a     75.0   0.305     74.3   0.309     73.6   0.314     72.9   0.319     72.2   0.323                    
03566+5042 CIA  16Aa,Ab      2    CIA2020a    351.0   0.0100   350.9   0.0100   350.9   0.0100   350.8   0.0100   350.8   0.0100                   
03571-0828 RST4764           4    Tok2024c     93.3   0.126     90.1   0.125     86.8   0.124     83.4   0.123     80.0   0.123                    
03575-0110 BU  543           5    Izm2019      13.1  10.938     13.0  10.935     12.9  10.932     12.8  10.929     12.7  10.926                    
03590+0947 HU   27           4    Hrt2010a    339.8   0.470    340.4   0.474    341.0   0.478    341.6   0.482    342.1   0.486                    
03596-1019 HU   29           4    Doc2025b    314.1   0.384    314.3   0.379    314.5   0.375    314.7   0.370    314.9   0.365                    
04002+0818 A  1936BC         5    Tok2017c    280.2   0.403    278.7   0.406    277.2   0.409    275.7   0.412    274.2   0.415                    
04007+2023 TOK 363Aa,Ab      3    Tok2023a    273.1   0.086    309.5   0.076    349.4   0.078     24.9   0.084     55.5   0.090                    
04008+0505 A  1937AB         2    Tok2020e    177.4   0.103    181.6   0.110    185.3   0.116    188.6   0.122    191.7   0.128                    
04021-3429 BU 1004AB         4    Tok2024a     40.5   1.072     38.9   1.064     37.4   1.056     35.9   1.048     34.3   1.041                    
04024-2832 DAW  79           3    Msn2011c    121.3   0.538    120.1   0.543    119.0   0.547    117.8   0.550    116.6   0.553                    
04025+0638 HDS 510           3    EFR2021      82.9   0.275     84.2   0.283     85.5   0.290     86.8   0.296     88.0   0.300                    
04028-3115 HDS 511           4    Tok2019c    224.1   0.086    214.6   0.098    207.1   0.110    201.2   0.123    196.4   0.136                    
04037-1545 A  2913           4    Tok2023a    357.0   0.325    356.7   0.334    356.4   0.342    356.1   0.350    355.8   0.357                    
04041+3931 STF 483           3    USN2006b     49.5   1.717     49.1   1.735     48.7   1.753     48.4   1.771     48.0   1.788                    
04044+2406 MCA  13Aa,Ab      3    Msn2018b    273.8   0.010    203.7   0.023    177.6   0.030    159.9   0.035    145.3   0.037                    
04049-3527 CHR 224BC         4    Tok2017b    106.5   0.406    105.8   0.418    105.2   0.429    104.7   0.439    104.1   0.448                    
04063+1952 BAG   4           3    Bag2001     343.9   0.050    324.5   0.047    304.8   0.049    287.3   0.053    273.1   0.060                    
04063+1952 BAG   4           3    Tok2025b      8.8   0.040    330.0   0.020    171.8   0.019    124.9   0.036    105.7   0.048                    
04064+4325 A  1710           3    Sca2024a    304.6   0.585    304.0   0.579    303.3   0.572    302.7   0.565    302.0   0.557                    
04070-1000 HDS 521AB         2    Tok2020e    355.4   0.238    349.5   0.235    343.3   0.229    336.8   0.222    329.8   0.214                    
04070+3934 COU1394           5    Lin2023     137.0   0.344    137.6   0.344    138.1   0.343    138.7   0.341    139.3   0.340                    
04074-6413 LMP  51           5    Tok2017b    300.3   0.247    297.7   0.354    296.3   0.434    295.2   0.492    294.4   0.532                    
04076+3804 STT 531AB         5    Hei1986b    348.5   2.690    348.2   2.707    347.9   2.723    347.7   2.739    347.4   2.754                    
04078+6220 CHR 209Ea,Eb      5    Grd2007b    146.8   0.033    149.7   0.029    153.6   0.024    159.3   0.020    168.4   0.015                    
04089+2911 BU 1232           4    Mlr1978a    354.4   0.351    355.0   0.338    355.8   0.323    356.6   0.308    357.5   0.291                    
04089+4614 A   998           3    Pop2000a    359.1   0.214    357.6   0.225    356.3   0.235    355.0   0.245    353.9   0.254                    
04091+2839 HO  326           3    Hrt2008     306.8   0.363    307.9   0.356    309.1   0.349    310.3   0.340    311.6   0.331                    
04093-2025 RST2333AB         3    Tok2024b    191.0   0.372    191.5   0.374    192.0   0.376    192.5   0.378    193.0   0.380                    
04093-0756 A   469           3    Doc2019a    336.3   0.241    337.2   0.242    338.1   0.242    338.9   0.243    339.8   0.244                    
04100+4235 COU1702           4    Cou1999b     32.4   0.160     34.6   0.161     36.8   0.162     39.0   0.164     41.1   0.165                    
04100+8042 STF 460           3    Sca2003a    165.7   0.661    167.1   0.659    168.5   0.658    170.0   0.657    171.4   0.656                    
04102+1722 HEI  35           3    Tok2021c    309.6   0.243    304.6   0.204    297.0   0.160    283.5   0.114    253.2   0.073                    
04107-0452 A  2801           2    JAA2022      19.9   0.149     24.7   0.139     30.2   0.127     36.9   0.115     45.2   0.103                    
04108-4200 HDS 530           3    Msn2023     146.8   0.134    133.7   0.124    118.9   0.119    103.5   0.119     89.0   0.126                    
04119+2338 CHR  14Aa,Ab      3    Tok2023a    238.9   0.152    244.4   0.145    250.4   0.139    256.9   0.134    263.9   0.130                    
04123+0939 STT  74           3    Tok2024d    290.3   0.530    290.1   0.537    289.9   0.544    289.8   0.551    289.6   0.557                    
04129+6830 HR 1282           9    Gln2007     214.5   0.0066   113.1   0.0064   210.5   0.0069   108.5   0.0063   206.7   0.0071  astrometric orbit
04130+5237 PRV   1AB         2    Mtc2009     319.5   0.044    132.0   0.065    325.3   0.042    134.6   0.063    331.6   0.040                    
04130-2832 HWE  10           4    Izm2019      57.3   1.262     57.6   1.247     57.9   1.232     58.2   1.217     58.5   1.201                    
04132+2258 HU  302           4    Doc2010e     64.5   0.240     65.2   0.240     65.8   0.240     66.5   0.240     67.2   0.240                    
04136+0743 A  1938           1    Mut2010b    325.7   0.145    355.4   0.068    132.7   0.082    167.3   0.093    229.0   0.063                    
04139+0916 BU  547AB         4    Zir2015a    338.3   1.268    338.2   1.269    338.1   1.269    337.9   1.269    337.8   1.270                    
04142-4608 RST2338           2    Doc2016i    275.1   0.210    285.2   0.232    293.5   0.253    300.7   0.271    307.0   0.284                    
04142-4608 RST2338           2    Tok2020e     96.8   0.214    106.4   0.241    114.3   0.263    121.0   0.280    127.1   0.292                    
04142+2813 BOD   2Aa1,2      4    TRM2012      69.2   0.0020   168.5   0.0010   227.0   0.0027   241.5   0.0036   254.1   0.0031                   
04142+2813 GHE   1Aa,Ab      3    Bod2012     246.5   0.057    260.5   0.073    269.4   0.089    275.7   0.102    280.8   0.111                    
04148+2813 GHE   2Aa,Ab      4    Tof2024     103.6   0.133    107.2   0.132    110.8   0.132    114.4   0.131    118.1   0.131                    
04149+4825 STT  73A          9    Ald1925     216.1   0.0050   303.8   0.0169    92.1   0.0115   128.0   0.0152   287.3   0.0156  astrometric orbit
04152-0425 GJ 1069           9    Gln2007     327.8   0.016    153.5   0.017    353.7   0.018    178.5   0.018     17.7   0.017   astrometric orbit
04153-0739 STF 518BC         3    WSI2021     328.7   7.776    328.4   7.690    328.1   7.600    327.7   7.507    327.3   7.410                    
04157+2049 CIA  62Aa,Ab      3    CIA2024d    215.5   0.0050   292.3   0.0100    61.3   0.0034   256.1   0.0074   308.3   0.0090                   
04159+3142 STT  77AB         2    Sca2023a    314.0   0.416    315.8   0.407    317.6   0.399    319.6   0.391    321.6   0.384                    
04163+0710 WSI  97           4    Tok2015c     84.8   0.069    175.4   0.083    151.6   0.149    139.1   0.168    127.3   0.158                    
04163-6057 GLE   1           4    Doc2021a    243.2   0.437    245.3   0.446    247.2   0.456    249.1   0.465    250.9   0.474                    
04170+1941 HO  328           2    Sca2025a    351.7   0.298    350.6   0.279    349.4   0.258    347.9   0.235    346.1   0.209                    
04177-6315 RMK   3           5    LRR2018b     20.4   5.563     20.4   5.561     20.4   5.558     20.4   5.555     20.4   5.552                    
04179-3348 HMM   2Aa1,2      4    Hmm2017     346.4   0.0016    27.8   0.0017    61.4   0.0019    92.3   0.0019   128.0   0.0017                   
04179+5847 STF 511           3    Hei1996c     65.8   0.524     64.9   0.525     64.0   0.526     63.2   0.528     62.3   0.529                    
04180-3826 HDS 546           3    Tok2018b     65.8   0.094    358.5   0.042    263.4   0.098    244.7   0.144    231.2   0.138                    
04180+1815 CIA  63Aa,Ab      2    CIA2024d    132.4   0.0070   334.8   0.0018   315.6   0.0101   312.6   0.0120   308.3   0.0069                   
04182+2248 STF 520           3    USN2021b     84.9   0.717     85.2   0.723     85.6   0.730     86.0   0.737     86.4   0.743                    
04182+5018 b Per             9    HIP1997d    118.1   0.0050   292.6   0.0047   119.8   0.0047   294.5   0.0048   121.9   0.0042  astrometric orbit
04184+2135 MCA  14Aa,Ab      2    JAA2022     315.8   0.094    268.9   0.077    222.9   0.097    197.6   0.130    181.7   0.152                    
04186+6030 STT  75           4    PkO2018b    189.7   0.296    190.1   0.293    190.5   0.289    190.9   0.286    191.3   0.282                    
04187+2819 SKW   2Aa,Ab      4    Mnr2008     257.5   0.038    317.1   0.034    357.2   0.051     15.8   0.069     28.2   0.077                    
04187+0445 A  1939           5    Zir2012b    307.3   0.633    308.1   0.629    308.9   0.626    309.8   0.623    310.6   0.619                    
04188+2820 KSA 104AB         2    Riz2020     148.6   0.052    125.8   0.038     52.5   0.016    245.6   0.030    215.4   0.049                    
04188-3407 I   724           5    Tok2021f    220.1   0.138    219.5   0.145    218.9   0.151    218.3   0.158    217.8   0.165                    
04192+6135 BU 1333BC         3    Tok2019e     29.8   0.177     28.1   0.169     26.2   0.160     24.1   0.151     21.8   0.142                    
04195+3800 HDS 552           3    Doc2017i    129.4   0.067    117.2   0.088    108.4   0.094    100.1   0.093     91.2   0.089                    
04199+1631 STT  79           2    Sod1999      21.8   0.704     23.1   0.716     24.4   0.727     25.7   0.737     26.9   0.747                    
04201+3108 HDS 555           5    Cve2017b    245.1   0.370    248.4   0.380    251.6   0.388    254.7   0.395    257.6   0.402                    
04205-0119 RST4769           3    Hrt2012a     19.0   0.366     18.7   0.371     18.3   0.374     18.0   0.377     17.7   0.378                    
04209+1352 CIA  60Aa,Ab      3    CIA2024d     74.2   0.0009   215.1   0.0011     6.9   0.0012   157.3   0.0011   293.3   0.0009                   
04212+0614 A  1834           5    Tok2025b    293.1   0.510    293.7   0.513    294.2   0.517    294.8   0.520    295.4   0.524                    
04215-2055 B  1935AB         2    Doc2025b    213.6   0.157    188.3   0.188    170.1   0.218    156.2   0.246    145.0   0.270                    
04215-2544 BU  744AB         2    Sca1991c    251.8   0.523    254.3   0.534    256.7   0.544    259.0   0.554    261.2   0.564                    
04216+0658 A  1835           4    Tok2024e     20.8   0.255     21.5   0.257     22.3   0.260     23.0   0.262     23.7   0.265                    
04218+1929 SIG   1           3    Dup2017      68.6   0.138     72.1   0.152     75.2   0.160     78.0   0.163     80.9   0.160                    
04220+1932 GHE   6AB         5    Sfr2020     199.6   0.663    200.4   0.662    201.1   0.661    201.8   0.661    202.6   0.660                    
04220+1932 GHE   6AB         5    Kiy2023     199.0   0.659    199.8   0.658    200.5   0.656    201.3   0.655    202.0   0.654                    
04220+1932 KRS   2Ba,Bb      4    Sfr2020     217.5   0.050    241.3   0.064    256.6   0.077    267.6   0.088    276.2   0.098                    
04220+2658 SMN   9AB         5    Tam2002     137.4   0.218    139.3   0.218    141.3   0.218    143.2   0.218    145.1   0.218                    
04224+1118 PAT   5           2    Tok2024c    356.1   0.047     96.1   0.056    208.4   0.037    350.5   0.047     92.1   0.056                    
04227+1503 CIA  24Aa,Ab      8    CIA2022b    314.0   0.0009    52.3   0.0012   184.0   0.0010   270.1   0.0010    29.6   0.0013                   
04227+1503 STT  82AB         3    USN2021b    320.2   1.186    319.2   1.180    318.2   1.174    317.1   1.168    316.1   1.162                    
04233+1123 STF 535           4    Izm2019     263.2   1.114    262.4   1.113    261.7   1.112    261.0   1.111    260.2   1.110                    
04234+1940 V988 Tau          9    HIP1997d     39.8   0.0043   157.0   0.0109   112.5   0.0098   207.2   0.0054   140.9   0.0116  astrometric orbit
04236+4226 STT  80           4    Zir2014a    130.6   0.244    129.5   0.242    128.5   0.240    127.4   0.237    126.3   0.235                    
04237+1131 LSC  30           4    Tok2024c    119.3   0.026    148.2   0.027    172.4   0.031    189.2   0.038    200.7   0.045                    
04238-0414 BUG   7           5    Dup2017     264.4   0.103    301.5   0.086    339.3   0.101      3.0   0.132     17.9   0.157                    
04239+0928 HU  304           2    Hrt2000b    223.9   0.308    225.3   0.306    226.7   0.302    228.2   0.298    229.8   0.293                    
04242-5704 RMK   4AB         5    Jaw2025e    249.2   5.186    249.4   5.174    249.5   5.161    249.6   5.148    249.7   5.136                    
04242+1445 HDS 564           4    Zir2008     226.5   0.590    226.0   0.600    225.5   0.610    225.0   0.619    224.5   0.628                    
04245+2244 BU 1235           4    Zir2010      37.1   0.099     39.3   0.110     41.1   0.122     42.6   0.133     43.9   0.145                    
04245+5051 COU2459AB         5    Ksr2021     123.9   1.167    123.2   1.183    122.6   1.199    122.0   1.216    121.4   1.232                    
04246+3358 STT  81AB         5    Izm2019      10.2   4.183      9.9   4.182      9.7   4.180      9.4   4.178      9.2   4.176                    
04247+0442 HJL1115AB         3    HJL2020     147.8   0.010    161.2   0.014    155.4   0.020    147.5   0.010    161.0   0.014                    
04248+1552 HDS 566Aa,Ab      4    Tok2018e    290.1   0.165    281.1   0.157    271.2   0.151    260.8   0.149    250.3   0.149                    
04249-3445 DAM1313Aa,Ab      5    Tok2024c    202.8   0.072    223.7   0.086    237.9   0.105    247.7   0.124    254.9   0.143                    
04252+1716 AST   4           2    AST2021     241.3   0.0674   268.8   0.0771    98.3   0.0098   250.5   0.0769   277.9   0.0676                   
04256+1556 FIN 342Aa,Ab      1    Sod1999      79.5   0.093     44.1   0.061    193.0   0.074    161.8   0.093    136.2   0.096                    
04257-0214 BU  403           4    Izm2019      80.2   0.828     79.8   0.816     79.4   0.805     79.0   0.794     78.6   0.782                    
04258+1800 COU2682           3    Tok2025b    123.7   0.235    128.5   0.259    132.5   0.280    136.0   0.297    139.2   0.311                    
04259+1852 BU 1185           2    Sca2024a    183.2   0.088    152.4   0.041     67.1   0.045     41.5   0.094     33.6   0.143                    
04262+3544 HU  608           4    Hrt2009      47.1   0.630     46.6   0.633     46.1   0.637     45.6   0.640     45.2   0.644                    
04263+3443 HU  609           3    Doc2013a    252.8   0.197    250.0   0.199    247.4   0.202    244.7   0.204    242.2   0.207                    
04263+2128 CIA  22Aa,Ab      8    CIA2022b    134.3   0.0016   334.2   0.0018   235.0   0.0023   158.0   0.0019   357.9   0.0017                   
04268+1240 WOR  15           3    Hor2021b    338.3   0.485    336.5   0.470    334.6   0.453    332.5   0.433    330.2   0.410                    
04268+5539 STF 531           5    Izm2019     326.9   0.923    327.1   0.921    327.3   0.919    327.6   0.917    327.8   0.915                    
04268+1052 PAT   8           3    Tok2021c    192.1   0.150    203.5   0.149    214.8   0.151    225.7   0.155    236.0   0.160                    
04269-2405 BU  311           4    Sca2003b    169.8   0.405    171.4   0.402    173.0   0.399    174.6   0.397    176.2   0.394                    
04271+2542 THB   1           3    Pra2017      83.3   0.065     70.4   0.068     58.7   0.071     48.0   0.074     38.1   0.077                    
04275+1113 BU 1186           4    Ole2005a    194.5   0.362    193.6   0.376    192.9   0.390    192.1   0.403    191.4   0.416                    
04275-2427 I   413           4    Hrt2010a    333.4   0.729    334.1   0.731    334.7   0.732    335.3   0.734    336.0   0.735                    
04279+2427 TOK 877           3    Tok2025b     76.7   0.157     89.6   0.173    101.8   0.168    116.8   0.139    149.1   0.074                    
04284+1444 CIA  26           8    CIA2022b    171.3   0.025    156.6   0.029    142.3   0.025    109.3   0.013    356.7   0.014                    
04287+1552 MCA  15Ba,Bb      3    Trr1997c    324.5   0.026    201.8   0.028    184.4   0.072    180.1   0.112    177.9   0.139                    
04287+1552 MKT  13Aa,Ab      1    Lmp2011      92.1   0.0134    34.1   0.0266   335.6   0.0092    52.2   0.0226    15.8   0.0242                   
04287+2613 HDS 576           3    Tok2023a    256.2   0.162    259.1   0.170    261.8   0.178    264.3   0.185    266.5   0.192                    
04290+1610 HU 1080           2    Trr2019b    260.1   0.431    259.8   0.444    259.5   0.451    259.2   0.454    258.9   0.451                    
04293-3124 SIG   4           4    Tok2021f    159.2   0.483    152.0   0.481    144.8   0.479    137.5   0.477    130.2   0.475                    
04293+1733 Hyades vB 77      9    Jnc2005     314.9   0.012    196.3   0.012    333.3   0.011    213.2   0.013    355.7   0.010   astrometric orbit
04293+1733 CIA  27           8    CIA2022b    149.1   0.025      2.4   0.020    168.0   0.023     28.1   0.021    190.4   0.021                    
04295+2617 SMN  11AB         4    Doc2018g    335.4   0.151    336.5   0.154    337.5   0.157    338.5   0.159    339.5   0.161                    
04297+2633 ITO  13BC         5    Bwl2020     357.6   0.803    357.7   0.803    357.8   0.802    357.9   0.801    357.9   0.801                    
04297+2633 GHE   7Aa,Ab      5    TSY2023     292.8   0.090    293.6   0.092    294.3   0.093    295.1   0.093    295.8   0.092                    
04298+1741 COU 567           4    BAE2021     112.3   0.082    109.8   0.083    107.4   0.084    105.0   0.085    102.7   0.087                    
04300+8320 HR 1304           9    Ren2013     276.6   0.0015   113.2   0.0008   281.5   0.0012   136.7   0.0005   290.7   0.0008  astrometric orbit
04301+1538 STF 554           3    Trr2019      14.5   1.374     14.4   1.359     14.2   1.343     14.1   1.327     13.9   1.310                    
04302-1747 B  1937           4    Tok2019c    102.1   0.181     97.7   0.181     93.3   0.182     89.0   0.183     84.7   0.185                    
04303+1950 PAT  10           3    Tok2020e    280.4   0.211    274.0   0.202    266.6   0.183    256.9   0.154    241.1   0.113                    
04306+1542 CIA  65Ca,Cb      3    CIA2024d    322.4   0.020    317.7   0.018    311.7   0.015    303.3   0.013    291.0   0.010                    
04309+2442 SMN  13           4    Sfr2014     347.8   0.102    345.2   0.102    342.6   0.102    340.0   0.102    337.4   0.101                    
04312+5858 STI2051A          9    Str1977     358.7   0.038     20.3   0.038     40.2   0.041     56.1   0.047     68.3   0.054   astrometric orbit
04312+5858 STI2051AB         5    Kpp2020f    235.4  10.982    235.1  11.066    234.8  11.150    234.5  11.235    234.2  11.320                    
04312+0157 HDS 585           3    Tok2023a    191.4   0.091    207.2   0.110    218.0   0.134    225.3   0.161    230.6   0.188                    
04316+1743 vA 627            9    AST2011     171.4   0.010     58.3   0.016    230.1   0.012     83.0   0.017    283.4   0.010   astrometric orbit
04318-2407 RST2347           3    Tok2020e     86.3   0.091     80.8   0.094     75.5   0.097     70.5   0.100     65.9   0.103                    
04321+0525 BNV   3Aa,Ab      5    Kuz2022      29.8   0.205     23.6   0.159     12.3   0.113    347.5   0.074    299.7   0.064                    
04325+1732 LEI   3Aa,Ab      4    Koh2011     131.0   0.244    129.4   0.243    127.7   0.242    126.0   0.241    124.2   0.239                    
04330-1633 CRI   7Ba,Bb      3    Msn2023     345.1   0.081    308.3   0.023    182.3   0.060    169.8   0.078     30.3   0.017                    
04331+2410 GHE  13Ab1,2      2    Sfr2012     246.3   0.028    209.5   0.036    185.7   0.042    167.2   0.046    150.5   0.047                    
04338+1451 rho Tau           9    HIP1997d    191.1   0.0003    41.8   0.0008   230.1   0.0012    54.0   0.0016   236.4   0.0019  astrometric orbit
04344-6612 HDS 595           5    Tok2021c    226.2   0.095    235.4   0.099    243.7   0.105    251.1   0.112    257.5   0.120                    
04359+2254 KSA 109Ba,Bb      3    Riz2020     316.8   0.077    321.2   0.073    326.1   0.069    331.8   0.064    338.6   0.058                    
04340+1510 CHR  17           2    Cve2008d    156.1   0.098    184.4   0.117    205.4   0.134    221.7   0.150    234.7   0.166                    
04340-5503 B  2092AB         2    Hrt2010a    128.7   0.219    137.3   0.274    143.5   0.306    148.8   0.320    153.9   0.319                    
04347-1138 YSC  32           4    Tok2024e     48.3   0.421     52.5   0.436     56.4   0.451     60.0   0.466     63.4   0.481                    
04349+3908 HU 1082           3    Doc2020f     61.9   0.115     81.1   0.175     90.8   0.229     96.9   0.276    101.4   0.317                    
04353+2254 KSA 108           3    Riz2020     185.0   0.015    140.9   0.022    109.6   0.024     85.2   0.028     67.5   0.033                    
04354+8532 BD+85   63        9    Gln2007      63.8   0.0041    18.0   0.0191   213.2   0.0141    35.7   0.0119    13.3   0.0148  astrometric orbit
04357+1010 CHR  18Aa         9    Lne2007     247.2   0.0007   112.1   0.0013    25.4   0.0005   285.1   0.0013   156.8   0.0006  astrometric orbit
04357+1010 CHR  18Aa,Ab      2    Lne2007     307.3   0.172    318.0   0.210    326.2   0.225    334.4   0.210    345.2   0.170                    
04357+1010 CHR  18Ab         9    Lne2007     248.5   0.0019     6.0   0.0019   113.4   0.0018   224.7   0.0020   340.6   0.0018  astrometric orbit
04357+3944 HU 1084           5    Lin2012a     67.6   0.342     67.2   0.348     66.9   0.354     66.6   0.360     66.3   0.366                    
04361+5525 BD+55  900        9    Ren2013     286.8   0.0074   275.4   0.0058   235.2   0.0019    75.0   0.0031    27.6   0.0034  astrometric orbit
04362+0814 A  1840AB         3    Hrt2010a    333.2   0.202    331.3   0.206    329.5   0.210    327.8   0.214    326.1   0.218                    
04364+3413 HU  610           3    Tam2006      45.8   0.174     49.6   0.181     53.2   0.187     56.5   0.193     59.7   0.199                    
04366+1946 STT  86           4    Zir2010     351.6   0.474    351.0   0.474    350.5   0.474    349.9   0.474    349.3   0.474                    
04367+4116 58 Per            9    Hei1993e    240.9   0.075    241.6   0.071    242.5   0.066    243.5   0.059    244.7   0.053   astrometric orbit
04367+1930 STF 567           4    Izm2019     345.7   2.026    345.9   2.025    346.1   2.024    346.3   2.022    346.5   2.021                    
04368-1733 A  2915           4    Tok2015c    336.0   0.245    338.1   0.251    340.0   0.256    341.9   0.261    343.8   0.264                    
04374-0951 RST3401           4    Tok2015c    239.6   0.406    238.2   0.405    236.8   0.404    235.4   0.402    233.9   0.401                    
04375+1509 CHR 153           4    Tok2021b    140.3   0.633    141.2   0.633    142.1   0.631    143.0   0.627    143.9   0.622                    
04375+1509 CIA  58a,Ab       9    Tok2021b    152.3   0.051    315.7   0.023    153.0   0.051    319.2   0.022    153.7   0.051   astrometric orbit
04376-0228 KAS   1Ca,Cb      3    Jnn2022     200.6   0.291    199.8   0.306    199.1   0.303    198.2   0.282    197.2   0.242                    
04382-1418 KUI  18           3    Izm2019      11.2   0.950     12.1   0.929     13.2   0.906     14.3   0.882     15.4   0.857                    
04384+1733 PAT  13           4    Tok2021c    149.4   0.151    164.3   0.194    174.3   0.226    182.1   0.250    188.7   0.268                    
04385+2656 STF 572AB         4    Izm2019     188.1   4.403    188.1   4.409    188.0   4.415    187.9   4.421    187.8   4.427                    
04386-0921 TOK 387           2    Tok2024d    325.5   0.019    243.6   0.044    223.3   0.053     48.6   0.027    355.0   0.024                    
04389-1207 HDS 599           3    Tok2020e    267.6   0.143    272.1   0.150    276.3   0.157    280.1   0.164    283.6   0.171                    
04389-1207 HDS 599Ba,Bb      9    CIA2022f    314.5   0.0005   330.2   0.0022   333.6   0.0026   337.8   0.0018    15.0   0.0003  astrometric orbit
04395+3408 COU1085           5    Cve2022     238.5   0.489    237.0   0.485    235.4   0.481    233.8   0.477    232.1   0.473                    
04395-4507 I  1489           4    Doc2012a    265.5   0.238    267.1   0.206    269.5   0.164    273.9   0.113    286.4   0.057                    
04397+0952 HDS 601Aa,Ab      5    Tok2021b    316.2   0.718    317.4   0.754    318.6   0.789    319.6   0.823    320.5   0.858                    
04397+0952 HDS 601Aa1,2      1    Tok2021b     45.0   0.032    300.1   0.044     89.1   0.042    338.3   0.035    171.4   0.013                    
04400+5328 BU 1295AB         2    Tok2021b    165.0   0.281    163.0   0.285    161.0   0.286    159.0   0.286    157.0   0.283                    
04400+5328 STF 566AB,C       3    USN2021b    321.9   0.958    320.8   1.052    319.9   1.133    319.1   1.204    318.4   1.267                    
04400+2301 HU  442           4    Hrt2009     320.3   0.313    321.4   0.320    322.4   0.326    323.4   0.333    324.4   0.339                    
04400-3105 HDS 602           3    Tok2023a    340.4   0.248    334.2   0.271    328.8   0.283    323.8   0.290    318.9   0.292                    
04403-5857 HJ 3683           4    USN2006b     89.5   3.894     89.4   3.910     89.4   3.926     89.4   3.941     89.4   3.956                    
04404+1631 CHR 154           3    Tok2021f    186.3   0.468    188.6   0.464    190.9   0.457    193.4   0.447    195.9   0.436                    
04406-0912 WOR  17           5    Tok2020e    196.5   2.131    197.1   2.170    197.8   2.209    198.4   2.246    199.0   2.282                    
04409-4230 HDS 603           4    Tok2021c    276.2   0.099    280.6   0.103    284.7   0.106    288.6   0.109    292.2   0.113                    
04422+3731 STF 577           4    RAO2015     309.2   0.647    306.8   0.646    304.4   0.645    302.0   0.645    299.6   0.645                    
04422+0259 A  2424           2    Tok2017b    231.4   0.147    231.9   0.144    232.5   0.140    233.1   0.135    233.7   0.128                    
04422+2257 MCA  16Aa,Ab      3    Cve2010e    349.7   0.291    345.9   0.275    341.6   0.257    336.6   0.238    330.7   0.218                    
04430+5712 A  1014           3    USN2007a     51.9   0.291     54.9   0.284     58.0   0.277     61.4   0.269     64.9   0.261                    
04433-2338 CD-23 2115        9    Gln2007     175.2   0.0102   310.5   0.0083   169.7   0.0100   302.1   0.0081   163.9   0.0097  astrometric orbit
04433+5931 A  1013           3    Doc1990c    305.6   0.444    306.2   0.446    306.9   0.448    307.5   0.450    308.1   0.452                    
04445+3953 COU1524           4    Doc2019f    260.4   0.057    269.0   0.053    278.6   0.051    288.9   0.050    299.3   0.050                    
04448+0517 STF 589AB         4    Izm2019     275.0   4.614    274.8   4.615    274.6   4.615    274.5   4.615    274.3   4.616                    
04456-5004 CD-50 1492        9    SaJ2011     320.4   0.0171   338.3   0.0173   358.7   0.0152    29.6   0.0114   142.6   0.0029  astrometric orbit
04460-0659 BU  186           5    FMR2015a     61.0   0.404     63.4   0.409     65.7   0.415     67.9   0.421     70.0   0.427                    
04460-6605 HDS 613           3    Tok2021c     47.6   0.219     45.7   0.206     43.5   0.188     40.7   0.166     37.0   0.140                    
04464+4221 COU2031           2    Doc2014i    181.4   0.039    270.7   0.024    311.6   0.059    321.3   0.092    326.5   0.109                    
04469-6036 GAA   6Aa,Ab      4    GaA2019     223.9   0.0023    42.5   0.0015   223.9   0.0023    42.4   0.0014   223.8   0.0022                   
04475+4324 A  1544AB         3    Doc2010f    140.8   0.153    137.2   0.151    133.4   0.148    129.5   0.145    125.5   0.142                    
04478+3643 GAA   2Aa,Ab      3    CIA2024e    126.2   0.029    132.2   0.028    138.4   0.027    144.9   0.027    151.6   0.027                    
04478+5318 HU  612           4    Doc2019f      5.4   0.733      5.8   0.734      6.1   0.736      6.5   0.737      6.9   0.738                    
04480+5645 HDS 617Aa,Ab      5    Tok2019e    279.8   0.135    264.4   0.119    242.5   0.093    166.6   0.036     74.4   0.103                    
04492+2448 CIA  61Aa,Ab      2    CIA2024d    141.4   0.0012     6.7   0.0019   169.4   0.0020    71.3   0.0007   354.6   0.0019                   
04492-3126 HDS 620           4    Tok2017c    348.0   0.383    340.5   0.398    333.5   0.413    327.1   0.428    321.0   0.443                    
04493+2934 RAS  18           4    Tok2024c    226.9   0.123    217.5   0.121    207.8   0.119    197.9   0.118    187.9   0.118                    
04496+0212 A  2621           4    USN1999b    172.4   0.100    175.8   0.100    179.1   0.101    182.4   0.102    185.6   0.103                    
04496-5353 I   342           5    Cve2008a    132.5   3.381    132.4   3.396    132.3   3.410    132.2   3.424    132.1   3.439                    
04502-3113 B  1474           3    Doc2023b    328.5   0.292    332.2   0.292    335.9   0.291    339.5   0.290    343.2   0.290                    
04504+1712 CIA  64           4    CIA2024d    120.9   0.018    295.5   0.017     12.5   0.015    152.1   0.017    320.8   0.023                    
04505+0103 A  2622           4    Tok2015c    242.7   0.317    242.1   0.318    241.6   0.319    241.0   0.320    240.5   0.321                    
04505-3834 GC 5916           9    HIP1997d    275.4   0.0081   153.9   0.0127    20.7   0.0094   295.3   0.0093   163.0   0.0127  astrometric orbit
04506+1505 CHR  20           2    Tok2024c    320.7   0.083    293.1   0.072    184.0   0.040    132.8   0.088    101.9   0.062                    
04507-8202 HDS 625           5    Tok2023a    118.8   0.183    118.2   0.198    117.6   0.211    117.1   0.224    116.7   0.235                    
04512+1104 BU  883AB         1    Sod1999     359.6   0.220     12.2   0.240     23.1   0.253     33.1   0.261     42.7   0.263                    
04515-3454 FIN 320           2    Tok2015c     67.3   0.191     64.9   0.198     62.7   0.205     60.7   0.211     58.7   0.217                    
04518+1339 BU  552A          9    Ren2013     142.2   0.0066   322.4   0.0016   141.3   0.0061   149.7   0.0019   140.1   0.0051  astrometric orbit
04518+1339 BU  552AB         2    Tok2019c    280.5   0.910    281.8   0.922    283.0   0.933    284.2   0.944    285.4   0.954                    
04521+0929 GJ 179            7    Hwd2010        .     .          .     .          .     .          .     .          .     .      incomplete elements
04523-3619 HDS 630           3    Tok2023e     99.8   0.133     97.5   0.124     94.8   0.114     91.6   0.103     87.6   0.091                    
04536+2522 CHR 127AB         4    Hrt2012a     19.7   0.150     23.5   0.142     27.8   0.133     32.6   0.125     38.2   0.117                    
04539-2032 HDS 633           3    Tok2020e    156.8   0.259    159.0   0.249    161.5   0.226    164.8   0.188    170.5   0.127                    
04545-0314 RST5501           3    CIA2022f    129.4   0.150    124.7   0.153    120.3   0.158    116.1   0.162    112.2   0.168                    
04545-0314 RST5501Ba,Bb      9    CIA2022f     39.2   0.0007   323.7   0.0008   135.2   0.0004     4.0   0.0008   281.6   0.0006  astrometric orbit
04550+1436 HDS 634           3    Tok2024c    177.6   0.118    173.4   0.122    169.5   0.126    165.8   0.129    162.3   0.132                    
04553-0352 RST4257AB         4    Tok2020e     23.9   0.175     20.8   0.189     18.1   0.204     15.8   0.218     13.7   0.231                    
04553-1625 HDS 635           4    Tok2023a    269.7   0.443    268.7   0.448    267.8   0.453    267.0   0.457    266.1   0.462                    
04559-3052 HDS 637           3    Tok2017c    306.5   0.187    300.2   0.201    294.8   0.216    290.1   0.232    286.0   0.247                    
04560+3021 SFN   1Aa,Ab      4    Sfn2001     155.3   0.034    125.8   0.020     40.6   0.016    336.2   0.013    194.9   0.026                    
04563+5206 HU  555AB         4    Hei1976     115.2   0.218    118.0   0.214    120.9   0.209    124.0   0.202    127.3   0.195                    
04570+7350 YSC 145           4    Cve2020b    127.7   0.061    111.9   0.062     94.8   0.056     71.2   0.046     34.3   0.037                    
04571-1338 A  2625           3    Tok2021c    230.0   0.042    246.9   0.043    262.0   0.046    274.5   0.052    284.3   0.058                    
04573+5345 D     5AB         5    FMR2013a    192.7   0.646    192.1   0.652    191.4   0.659    190.8   0.665    190.2   0.672                    
04584-0344 HDS 644           4    Tok2019d    183.5   0.723    185.1   0.730    186.7   0.737    188.3   0.744    189.8   0.751                    
04589+6435 GNO   1           5    Leg2019     112.9   0.370    116.5   0.416    119.5   0.457    122.0   0.493    124.1   0.523                    
04590-1623 BU  314AB         2    Msn2023     313.9   0.611    313.1   0.575    312.2   0.534    311.2   0.488    309.9   0.436                    
04591+6322 HU 1090           4    Msn2014b    212.5   0.203    206.2   0.199    199.6   0.194    192.7   0.189    185.5   0.185                    
04598-1016 63 Eri            9    Ren2013      52.1   0.0082     5.6   0.0038   103.8   0.0028    36.3   0.0091   220.6   0.0052  astrometric orbit
04599+0031 J    47           5    Izm2019     296.7   6.118    296.6   6.141    296.6   6.164    296.5   6.187    296.5   6.210                    
04599+5327 A  1303           3    Sca2001a    189.0   0.110    184.0   0.108    178.8   0.105    173.3   0.102    167.5   0.099                    
05000-0333 JNN  29           4    Jnn2022     122.7   0.116    139.0   0.116    155.3   0.117    171.1   0.119    186.2   0.122                    
05003+3924 STT  92AB         5    Cve2006e    284.1   4.263    284.3   4.274    284.5   4.286    284.6   4.297    284.8   4.308                    
05005+0506 STT  93           4    Tok2024d    243.0   1.740    242.9   1.752    242.8   1.765    242.8   1.777    242.7   1.789                    
05009+6107 HDS 650           4    Hor2021b    346.0   0.143    344.8   0.181    344.0   0.215    343.4   0.245    343.0   0.271                    
05010-1112 A  2629           3    Doc2023b    357.7   0.170    357.0   0.170    356.4   0.170    355.7   0.169    355.0   0.169                    
05013+5015 STF 619           5    Kis2009     163.0   4.111    163.3   4.114    163.7   4.117    164.0   4.119    164.4   4.122                    
05017+2050 HU  445AB         2    Tok2020g    185.2   0.309    188.1   0.315    190.8   0.320    193.5   0.324    196.2   0.328                    
05017+2640 A  1844AB         2    Msn2021a    174.1   0.185    201.0   0.182    227.6   0.187    252.0   0.198    273.4   0.213                    
05020+4349 eps Aur           9    HIP1997d    121.6   0.0019   247.0   0.0038   257.3   0.0087   260.4   0.0132   261.9   0.0168  astrometric orbit
05025-2115 DON  91AB         3    Tok2024b     16.3   1.078     19.1   1.094     21.8   1.107     24.4   1.118     27.0   1.123                    
05025+4105 MKT   6           2    MkT1996     347.7   0.0088   292.0   0.0010   343.5   0.0211   160.9   0.0067   339.9   0.0112                   
05033-2315 BEU   7           4    Tok2023a    115.5   0.296     97.3   0.326     81.1   0.331     64.2   0.315     44.5   0.287                    
05043-0602 A   481AB         4    USN2002     284.8   0.461    284.4   0.460    284.0   0.460    283.6   0.459    283.1   0.458                    
05047+7404 STT  89           3    Alz2020c    305.8   0.251    306.1   0.243    306.5   0.235    306.9   0.227    307.3   0.219                    
05048+1319 HEI 104           4    Tok2019c    218.9   0.017    252.5   0.010    306.5   0.012    333.2   0.019    343.9   0.028                    
05051+0608 SAO 112399        9    HIP1997d    352.2   0.0043   181.4   0.0026    44.8   0.0010   314.1   0.0018   150.4   0.0036  astrometric orbit
05055+1948 STT  95           4    Jas1996b    294.5   0.972    294.3   0.973    294.1   0.974    293.9   0.975    293.7   0.976                    
05059-1355 A  3009           4    Izm2019     284.5   1.190    285.6   1.190    286.7   1.190    287.8   1.190    288.9   1.189                    
05060+3556 HDS 664           5    Cve2017b     88.2   0.355     90.7   0.363     93.1   0.371     95.4   0.380     97.6   0.388                    
05066-7734 CD-77  182        9    Gln2006     301.3   0.0068    48.9   0.0055   305.2   0.0067    54.3   0.0058   309.1   0.0065  astrometric orbit
05066-7734 CD-77  182        9    Gln2006      80.4   0.0081   354.4   0.0048    82.2   0.0081   359.3   0.0048    83.9   0.0080  astrometric orbit
05066-7734 TOK 785           2    Tok2025b     77.1   0.040    170.1   0.026     43.5   0.023    137.6   0.038    333.0   0.023                    
05067+1427 GJ 3330           9    HIP1997d     10.8   0.0090   305.7   0.0109   243.0   0.0099   172.8   0.0097    84.0   0.0077  astrometric orbit
05069-2135 DON  93BC         4    USN2021b     83.5   1.180     80.9   1.193     78.3   1.205     75.8   1.215     73.3   1.224                    
05072-1924 FIN 376           2    Tok2014a    229.1   0.1048   220.2   0.0116   245.5   0.0048   230.0   0.1146   229.0   0.0983                   
05073-8352 HDS 669           3    Tok2016c    223.2   0.284    227.8   0.275    232.9   0.263    238.4   0.251    244.5   0.238                    
05074+1839 A  3010           3    Egg1956      31.6   0.100      7.9   0.100    344.1   0.098    301.3   0.032     84.4   0.098                    
05078+1759 CRC  48           4    Tok2022g    280.1   0.329    280.9   0.389    281.4   0.446    281.9   0.501    282.2   0.553                    
05079+0830 STT  98           2    Izm2019     275.6   1.018    274.2   1.024    272.9   1.031    271.6   1.037    270.2   1.042                    
05084+5525 GC 6249           9    HIP1997d    139.7   0.0081   326.6   0.0073   155.8   0.0060   350.8   0.0045   198.4   0.0033  astrometric orbit
05085-2102 YMG   9           3    Tok2024a    251.1   0.019    304.4   0.046     47.6   0.016    118.7   0.050    165.9   0.021                    
05085+3755 COU1531           5    Ksr2021     292.8   0.062    260.7   0.068    238.2   0.086    224.4   0.109    215.5   0.133                    
05086-1810 WSI  72           2    Tok2017b    205.6   0.0242   130.8   0.0066    56.4   0.0243    48.4   0.0461    45.5   0.0662                   
05089+0313 A  2636           4    Hrt2010a    173.3   0.386    173.6   0.388    173.9   0.390    174.2   0.392    174.5   0.393                    
05091-4201 HDS 676           4    Tok2020g    134.6   0.127    139.3   0.147    143.0   0.166    145.9   0.184    148.3   0.200                    
05098+2802 BU 1047BC         3    Doc2020e     72.4   0.343     71.1   0.335     69.8   0.325     68.3   0.312     66.7   0.297                    
05102-7236 WSI 122           4    Tok2020g    211.6   0.794    209.1   0.832    206.8   0.868    204.7   0.902    202.7   0.935                    
05103-0736 A   484           2    Tok2019c    321.8   0.127    317.5   0.148    314.3   0.166    311.6   0.181    309.3   0.193                    
05110+3203 STF 648AB         5    Izm2019      60.7   4.595     60.7   4.589     60.6   4.583     60.5   4.577     60.4   4.571                    
05112-0833 GOE   1Aa,Ab      4    Tok2021c      6.0   0.198      5.5   0.204      5.0   0.210      4.5   0.215      4.1   0.220                    
05117+0031 HU   33           3    Ana2004     332.5   0.167    331.9   0.168    331.3   0.169    330.7   0.169    330.1   0.170                    
05133+0252 STF 654A          9    Ren2013      62.2   0.0077   293.9   0.0044   166.7   0.0037    51.9   0.0074   269.0   0.0054  astrometric orbit
05133+3720 CRE   2Aa,Ab      5    Bdt2021b    311.4   0.582    316.3   0.580    321.3   0.579    326.2   0.581    331.1   0.585                    
05133+3720 SEI 105AB         5    Bdt2021b    185.8  47.415    185.9  47.417    185.9  47.419    185.9  47.421    185.9  47.423                    
05135+0158 STT 517AB         4    Tok2014a    242.0   0.734    242.1   0.738    242.3   0.742    242.4   0.747    242.5   0.751                    
05140+5126 HU  821           4    Doc2016c    180.9   0.835    181.9   0.843    182.8   0.850    183.7   0.857    184.6   0.864                    
05143-1550 GJ 193            9    Ren2013     292.7   0.0073    82.0   0.0081   260.0   0.0092    56.6   0.0102   237.8   0.0104  astrometric orbit
05148+1232 HU 1224           5    Izm2019     111.9   0.991    111.7   0.989    111.5   0.986    111.3   0.983    111.1   0.980                    
05153+4710 A  1031           5    Zir2008     107.3   0.495    107.9   0.499    108.5   0.504    109.1   0.509    109.6   0.514                    
05157-4927 GC 6457           9    HIP1997d    223.9   0.014     90.2   0.013    255.7   0.013    119.7   0.016    286.1   0.015   astrometric orbit
05162-1121 CHR 225           3    Tok2023a     55.2   0.057     57.2   0.052     59.6   0.045     63.3   0.035     71.4   0.020                    
05164-0139 A   844           4    Tok2021f    225.1   0.217    226.6   0.218    228.1   0.220    229.5   0.221    230.9   0.223                    
05165-2106 DON  97           4    Tok2014a    184.6   0.480    183.8   0.484    183.0   0.488    182.2   0.493    181.4   0.497                    
05167+4600 ANJ   1Aa,Ab      1    Trr2015     252.4   0.051     68.9   0.052    245.4   0.053     62.1   0.053    238.8   0.054                    
05174-3522 TSN   1           2    Msn2023     160.8   0.063    337.8   0.047    176.8   0.060     51.2   0.016    227.4   0.023                    
05167+4600 ST    3HL         5    Izm2019     179.8   3.402    180.3   3.390    180.9   3.378    181.5   3.366    182.0   3.353                    
05177+0721 BD+07  855        7    Hwd2010        .     .          .     .          .     .          .     .          .     .      incomplete elements
05182+3322 STT 103A          9    HIP1997d    233.5   0.0077   190.5   0.0051    96.2   0.0050    47.2   0.0066   351.3   0.0048  astrometric orbit
05190-2159 RST2375           4    USN2019     110.2   0.173    114.4   0.181    118.2   0.189    121.7   0.197    124.9   0.206                    
05196-0942 HDS 700AB         4    Tok2024e     69.8   0.035     73.2   0.043     75.6   0.051     77.4   0.058     78.8   0.065                    
05199-0724 JNN  35AB         5    VSP2022b    292.7   0.289    288.8   0.291    284.9   0.293    281.1   0.296    277.4   0.300                    
05202+4105 HDS 701           4    Cve2020b    311.9   0.244    314.3   0.249    316.7   0.253    318.9   0.258    321.1   0.262                    
05223-0840 V1261 Ori         9    Pbx2000a    113.2   0.0016   265.1   0.0005    55.9   0.0004   135.1   0.0011   309.3   0.0013  astrometric orbit
05226+0236 A  2641           3    Tok2018e    102.1   0.480     92.5   0.452     81.8   0.436     70.7   0.434     59.8   0.445                    
05229-4219 TOK  93Aa,Ab      3    Tok2020e    230.2   0.052     43.1   0.029     84.8   0.053    120.8   0.044    167.5   0.044                    
05234-3640 I   275           5    Zir2010     205.8   0.838    204.7   0.839    203.6   0.839    202.4   0.839    201.3   0.840                    
05237+7347 A   843AB         5    Tok2019e    197.0   0.105    198.7   0.115    200.2   0.125    201.4   0.134    202.5   0.142                    
05239-0052 WNC   2A,BC       5    FMR2013a    158.1   3.179    158.1   3.187    158.0   3.195    158.0   3.203    157.9   3.211                    
05239-0052 A   847BC         2    Tok2018j    329.0   0.122    332.2   0.091    338.7   0.059    359.2   0.029     81.3   0.021                    
05245-0224 MCA  18Aa,Ab      2    Tok2020e    303.2   0.063    298.1   0.055    289.5   0.038    253.9   0.014    143.5   0.022                    
05247+6323 STF 677AB         4    Izm2019     104.1   1.157    103.2   1.160    102.2   1.163    101.3   1.165    100.3   1.167                    
05248-5219 I   345AB         3    Ary2010     198.8   0.371    198.1   0.376    197.4   0.380    196.7   0.383    196.1   0.386                    
05249-5810 I   390           4    Tok2020g     48.8   0.153     50.3   0.155     51.8   0.157     53.2   0.160     54.6   0.162                    
05251-3803 I  1493           5    Tok2024b    141.8   0.161    143.1   0.157    144.5   0.154    145.9   0.150    147.4   0.147                    
05255-0033 A   848           4    Nov2007d    182.0   0.358    182.4   0.361    182.7   0.364    183.0   0.367    183.3   0.370                    
05267-6436 I  1150           5    Tok2024e     37.8   0.109     44.0   0.109     50.1   0.110     56.0   0.112     61.6   0.115                    
05270-6837 I   276           4    Zir2013d    157.5   1.513    157.3   1.519    157.2   1.524    157.0   1.529    156.9   1.534                    
05270+2737 HO  226AB         4    Zir2014a    276.4   0.599    276.9   0.592    277.4   0.586    278.0   0.579    278.5   0.572                    
05272+1758 MCA  19Aa,Ab      2    Tok2020e     84.0   0.110     81.8   0.107     79.4   0.099     76.5   0.086     72.1   0.065                    
05275-7723 HDS 719AB         4    Tok2022g    198.5   0.131    198.9   0.138    199.2   0.143    199.5   0.147    199.9   0.150                    
05276-2055 SEE  53           3    Doc2022d    126.8   0.270    128.8   0.273    130.7   0.274    132.6   0.276    134.5   0.277                    
05286-4548 HDS 723           4    Tok2024c    190.8   0.088    188.9   0.097    187.4   0.105    186.0   0.113    184.8   0.120                    
05278-2848 LSC  37Aa,Ab      4    Tok2021f    218.6   0.393    222.3   0.438    225.3   0.481    227.8   0.522    230.0   0.559                    
05287-6527 CLO  10Ba,Bb      2    Jnn2018     214.7   0.043    211.7   0.042    208.6   0.041    205.2   0.039    201.7   0.038                    
05287-6527 CLO  10Aa,Ab      4    Msn2013a    156.3   0.382    164.3   0.362    174.4   0.301    192.3   0.204    243.8   0.116                    
05288-4001 B  1483           5    Tok2024a     30.6   0.181     33.0   0.172     35.8   0.163     38.8   0.154     42.2   0.145                    
05289-0318 DA    6           4    Tok2024c    324.1   0.204    326.0   0.208    327.9   0.212    329.8   0.215    331.5   0.219                    
05297-0048 A   850A          9    Gln2006     118.5   0.029    153.2   0.025    200.9   0.023    241.6   0.028    271.7   0.028   astrometric orbit
05297-0048 A   850A          9    Gln2006     307.6   0.017     28.5   0.016     74.7   0.028     92.2   0.038    103.3   0.043   astrometric orbit
05301-3228 B  1946           3    Tok2024c    260.1   0.034    283.8   0.045    297.9   0.057    307.2   0.068    313.8   0.079                    
05308+0557 STF 728           4    USN1999b     43.6   1.405     43.5   1.413     43.4   1.422     43.4   1.430     43.3   1.438                    
05315+5439 STF 711AB         5    Izm2019     223.1   7.463    223.1   7.452    223.0   7.442    222.9   7.432    222.8   7.421                    
05319-7620 gam Men           9    Gln2006     270.7   0.018    351.5   0.033     36.8   0.042     63.7   0.054     81.3   0.063   astrometric orbit
05319-7620 gam Men           9    Gln2006      75.8   0.066     91.7   0.075    105.6   0.075    121.6   0.064    159.2   0.030   astrometric orbit
05321-0305 JNN  39Ba,Bb      4    Tok2024c    211.9   0.074    253.8   0.080    295.0   0.075    345.8   0.068     36.6   0.075                    
05320-0018 HEI  42Aa,Ab      4    Msn2023     127.6   0.333    127.3   0.333    127.1   0.333    126.8   0.333    126.5   0.333                    
05321-0305 JNN  39Aa,Ab      4    Tok2024c    307.3   0.365    309.3   0.416    310.9   0.463    312.2   0.505    313.4   0.545                    
05322+7049 A  1034           5    Cve2008a    136.6   1.053    136.4   1.060    136.3   1.067    136.1   1.074    136.0   1.081                    
05330-6414 28 Dor            9    Ren2013      30.6   0.0025    33.0   0.0025    35.6   0.0024    38.3   0.0023    41.3   0.0022  astrometric orbit
05330-2415 DAW  85           4    Doc2022d    289.7   0.518    288.6   0.523    287.6   0.527    286.5   0.530    285.5   0.533                    
05333+4449 AST   3           2    MnA2019      30.8   0.123      0.7   0.040    235.0   0.053     49.9   0.206     47.7   0.300                    
05334-4923 HDS 732Aa,Ab      4    Tok2019c    326.9   0.162    329.0   0.167    330.9   0.168    332.9   0.166    334.9   0.162                    
05335-4257 SYU   7           2    TSN2022a    221.6   0.065    306.7   0.052    226.0   0.068    314.6   0.047    230.1   0.070                    
05336-5104 HU 1566           5    Izm2019      45.3   1.831     44.8   1.837     44.3   1.843     43.9   1.849     43.4   1.855                    
05352-0223 HDS 743           3    Tok2024e    177.2   0.033    194.6   0.034    209.8   0.037    222.4   0.042    232.5   0.046                    
05352-4657 RST 141           5    Doc2023b    274.5   0.527    275.2   0.524    275.8   0.522    276.5   0.519    277.2   0.516                    
05353-0523 WGT   1Ca,Cb      2    Gvt2018      61.0   0.0049    24.6   0.0300    16.2   0.0286     3.1   0.0200   328.1   0.0115                   
05353-0523 GVT   1Da,Dc      5    Gvt2018      14.7   0.0025    35.5   0.0022    66.3   0.0017   125.8   0.0012   226.2   0.0011                   
05354-3316 HU 1393           3    Tok2020e    352.1   0.264    351.0   0.285    350.1   0.305    349.3   0.324    348.5   0.341                    
05364+2200 STF 742           5    Hop1973b    276.8   4.176    277.0   4.179    277.1   4.182    277.2   4.185    277.3   4.189                    
05365+2556 CHR 203           3    Tok2020e    273.9   0.146    271.4   0.155    269.1   0.159    266.8   0.159    264.5   0.154                    
05371+2655 STF 749AB         4    Izm2019     136.6   1.151    136.4   1.151    136.1   1.152    135.9   1.152    135.6   1.152                    
05373+6642 MLR 314           3    Doc2017c    314.6   0.273    317.1   0.270    319.7   0.266    322.4   0.260    325.3   0.251                    
05384+4301 A  1563           4    Cou1986b    275.2   0.173    274.3   0.176    273.5   0.178    272.7   0.179    271.8   0.181                    
05386+3030 BU 1240AB         2    FMR2008     277.2   0.066    252.6   0.043    197.3   0.033    149.9   0.047    127.0   0.063                    
05387-0236 NOI   6Aa,Ab      4    NOI2016b    197.3   0.0074   124.9   0.0010   201.8   0.0070   176.6   0.0042   207.1   0.0062                   
05387-0236 BU 1032AB         2    NOI2016b     54.1   0.258     51.8   0.258     49.5   0.258     47.1   0.258     44.8   0.258                    
05389-0713 49 Ori            9    HIP1997d    151.6   0.0004   342.5   0.0003   329.5   0.0019   328.0   0.0027   326.8   0.0025  astrometric orbit
05394+4343 A  1564           4    USN2006a    177.8   0.141    179.6   0.135    181.6   0.129    183.7   0.122    186.1   0.116                    
05407-0157 NOI   1Aa,Ab      2    Hmm2013     271.1   0.025    177.1   0.021    113.0   0.035     86.0   0.045     65.3   0.046                    
05407-0157 STF 774AB         4    Izm2019     167.0   2.439    167.1   2.440    167.2   2.440    167.3   2.441    167.4   2.442                    
05413+1632 BU 1007           2    Dru2014     263.5   0.098    266.2   0.089    269.6   0.080    273.8   0.072    279.1   0.064                    
05413+1632 BU 1007Ba,Bb      9    CIA2022f     20.1   0.0000   223.0   0.0000    65.6   0.0000   266.6   0.0001   105.7   0.0001  astrometric orbit
05417-0254 BU 1052           3    Tok2018e    181.7   0.654    181.4   0.654    181.1   0.653    180.8   0.651    180.5   0.650                    
05418-5000 HU 1568           4    Tok2024c    102.2   0.246     95.7   0.241     89.1   0.238     82.4   0.238     75.7   0.242                    
05427-6708 I   745           4    Tok2024c    225.3   0.144    228.6   0.173    230.9   0.201    232.7   0.228    234.1   0.254                    
05429-0648 A   494AB         2    Msn2009     118.1   0.168    127.3   0.145    140.1   0.121    158.8   0.100    184.0   0.091                    
05441-1934 HDS 766AB         4    Tok2019d      1.8   0.123      4.8   0.132      7.4   0.139      9.7   0.147     11.8   0.153                    
05447+3118 A  1040           5    Izm2019      82.4   0.808     82.0   0.802     81.5   0.797     81.1   0.790     80.7   0.784                    
05460+2119 STF 787AB         5    Zir2014a     51.8   0.619     51.5   0.612     51.1   0.605     50.7   0.598     50.4   0.590                    
05465+7437 YSC 148AB         3    Tok2019e    355.3   0.196     13.9   0.160     48.1   0.108    120.4   0.088    178.4   0.115                    
05472+2153 HU   39           3    Alz2020c    210.6   0.136    204.8   0.105    193.8   0.073    167.1   0.045    112.0   0.040                    
05473-5104 LGR   1Aa,Ab      3    Bdt2021      32.3   0.571     32.6   0.542     32.9   0.487     33.2   0.409     33.8   0.310                    
05474+2939 BU  560           4    Izm2019     122.8   1.742    122.6   1.746    122.4   1.750    122.3   1.754    122.1   1.759                    
05474-1032 MCA  22           3    Doc2022d    296.2   0.168    297.2   0.164    298.3   0.158    299.5   0.151    300.8   0.142                    
05479+0758 STT 119           5    PkO2018b    358.2   0.689    358.5   0.689    358.8   0.689    359.1   0.689    359.4   0.689                    
05480+0627 STF 795           4    Izm2019     221.4   0.959    221.6   0.951    221.8   0.944    222.0   0.936    222.2   0.927                    
05482+0137 A  2657           2    Doc2008c      6.1   0.073     23.5   0.074     40.3   0.076     55.8   0.080     69.7   0.084                    
05484+2052 STT 118AB         4    Tok2017c    319.3   0.217    319.3   0.228    319.3   0.238    319.2   0.249    319.2   0.259                    
05487-1419 HDS 781           4    Tok2021c     89.1   0.222     90.9   0.226     92.5   0.229     94.1   0.232     95.7   0.234                    
05491+6248 STF3115           4    Nov2007d    324.8   0.728    324.0   0.726    323.3   0.723    322.5   0.721    321.7   0.719                    
05498-7225 TOK 431           3    Tok2024e    182.5   0.140    170.7   0.153    160.2   0.158    149.8   0.156    138.8   0.148                    
05505-5246 B  1493           4    Tok2020e    290.5   0.161    288.8   0.167    287.1   0.172    285.5   0.178    284.1   0.183                    
05505-0310 HDS 785           4    Tok2019c    338.0   0.082    330.3   0.083    322.5   0.081    314.4   0.080    306.0   0.078                    
05508-3945 I  1494AB         4    Tok2023a    258.8   0.300    257.9   0.291    256.9   0.282    255.9   0.273    254.7   0.263                    
05525-0217 HDS 787           2    Msn2023     319.4   0.097    339.2   0.116    356.5   0.113     17.6   0.097     47.5   0.082                    
05532-6150 SLR  15           4    Tok2015c    107.0   0.513    106.4   0.516    105.9   0.519    105.4   0.523    104.9   0.526                    
05535+3720 BU 1053           5    Izm2019       1.4   1.899      1.6   1.902      1.7   1.905      1.9   1.908      2.1   1.911                    
05536-5640 FIN  93Aa,Ab      5    Tok2018b    156.7   0.351    157.8   0.347    158.9   0.341    160.0   0.333    161.2   0.324                    
05542-2909 FIN 382           2    Tok2016e     40.4   0.054    294.2   0.040    223.2   0.091    205.3   0.136    195.0   0.160                    
05544+2017 KNG   1           9    HaI2002     128.2   0.095    125.8   0.080    120.7   0.043    322.8   0.017    307.0   0.060   astrometric orbit
05558+3656 STT 122           3    Lin1990a     93.6   0.394     93.9   0.394     94.3   0.395     94.6   0.396     95.0   0.396                    
05565-2631 B    94           4    Tok2024e     29.6   0.269     28.7   0.275     27.9   0.282     27.1   0.289     26.4   0.295                    
05580-5212 HU 1570           4    Hrt2010a    352.1   1.049    352.5   1.054    353.0   1.060    353.4   1.065    353.8   1.069                    
05584-0439 A   322AB         5    USN2021c     42.3   1.901     43.3   1.869     44.3   1.838     45.4   1.806     46.5   1.774                    
05589+1248 STT 124           4    Tok2024e    299.6   0.647    299.7   0.650    299.7   0.652    299.7   0.655    299.7   0.658                    
05589-3422 GC 7577           9    HIP1997d    200.3   0.0083    64.2   0.0067   308.7   0.0064   176.6   0.0081    33.4   0.0079  astrometric orbit
05590-0740 HDS 809           4    Tok2018c    217.7   0.354    222.5   0.360    227.1   0.366    231.6   0.372    236.0   0.377                    
05595+4457 KOE   1Aa,Ab      2    MkT1995     316.8   0.0019   104.9   0.0026   129.5   0.0024   279.3   0.0022   304.7   0.0028                   
05597+3713 STT 545AB         5    Izm2019     302.7   4.119    302.5   4.129    302.3   4.139    302.2   4.150    302.0   4.160                    
05598-4814 HDS 814           5    Tok2018e    141.6   0.202    138.7   0.193    135.5   0.186    132.1   0.178    128.3   0.172                    
06003-3102 HU 1399AB         3    Tok2014a     60.4   0.294     50.7   0.281     40.4   0.275     30.0   0.278     20.1   0.289                    
06003-3102 HJ 3823AC         5    Tok2020k    355.3   3.354    355.0   3.389    354.6   3.424    354.3   3.458    354.0   3.493                    
06003-3102 TOK   9CE         3    Tok2020k    150.6   0.475    148.9   0.511    147.4   0.526    145.9   0.520    144.3   0.494                    
06018-7158 HEI 676           4    Tok2016e    182.0   0.449    180.1   0.463    178.2   0.476    176.4   0.488    174.7   0.500                    
06023+0142 CHR 162           4    Tok2019c     75.6   0.063     70.6   0.064     65.9   0.066     61.4   0.067     57.0   0.067                    
06024+0939 A  2715A          9    Mut2008     262.3   0.0014   314.9   0.0011    11.7   0.0014    46.7   0.0017    78.6   0.0015  astrometric orbit
06024+0939 A  2715AB         2    DRs2012      25.2   0.285     24.1   0.341     23.2   0.377     22.5   0.399     21.8   0.408                    
06024+0939 A  2715B          9    Mut2008     284.6   0.0016   124.7   0.0014    11.5   0.0006   274.3   0.0013   115.5   0.0017  astrometric orbit
06032+5813 A  1315           5    Doc2020c    273.9   0.565    274.2   0.580    274.4   0.594    274.7   0.607    274.9   0.620                    
06032+1922 HDS 823Aa,Ab      4    Tok2021c     88.6   0.062     80.8   0.060     72.0   0.054     46.4   0.011    232.1   0.079                    
06033-1603 YSC 188           2    GaA2023     125.5   0.0148   258.7   0.0053   116.0   0.0131   195.9   0.0065   102.5   0.0105                   
06035+1941 MCA  24           2    JAA2023      92.3   0.047     85.3   0.053     79.6   0.057     74.6   0.060     69.8   0.059                    
06041+2316 KUI  23AB         2    Hei1986b    144.6   0.156    160.0   0.213    169.6   0.249    177.4   0.265    184.9   0.260                    
06041+1101 J   335           5    Ole2002a    273.0   1.169    272.8   1.165    272.6   1.161    272.4   1.156    272.2   1.152                    
06042-0643 CIA  55Aa,Ab      2    CIA2024a    337.7   0.0005   172.1   0.0006     1.3   0.0008   187.6   0.0009    12.1   0.0011                   
06047-4505 HJ 3834AB         5    Izm2019     214.5   6.162    214.4   6.179    214.3   6.196    214.3   6.213    214.2   6.230                    
06048-4828 DUN  23           4    Izm2019     131.8   2.532    132.4   2.522    132.9   2.512    133.4   2.501    133.9   2.489                    
06050+0410 66 Ori            9    Ren2013      46.0   0.0014     9.1   0.0029   221.0   0.0018    44.7   0.0015     8.8   0.0029  astrometric orbit
06053+7400 STT 121           3    Doc1995b    198.7   0.419    198.1   0.422    197.5   0.426    197.0   0.430    196.4   0.433                    
06073+2641 MCA  25           5    Mnt2002a    190.8   0.106    195.0   0.102    199.7   0.097    205.0   0.090    211.3   0.082                    
06082+3759 STT 132           5    PkO2018b    333.0   1.822    333.1   1.823    333.1   1.825    333.2   1.826    333.3   1.828                    
06088-5208 HU 1573           3    Tok2024e    274.6   0.225    271.6   0.219    268.5   0.214    265.3   0.210    262.0   0.206                    
06093-3550 WHH   1AB         5    Bwl2020     271.5   6.370    271.4   6.352    271.4   6.335    271.3   6.317    271.3   6.300                    
06098-2246 RST3442           2    Hrt1996a     33.1   0.212     44.6   0.226     55.0   0.236     64.7   0.240     74.4   0.236                    
06105+2300 BU 1058           4    FMR2014b     30.2   0.270     29.7   0.277     29.2   0.284     28.8   0.291     28.4   0.298                    
06106-2152 NAJ   1           5    Bdt2021b    184.4   4.271    185.9   4.101    187.5   3.927    189.3   3.747    191.3   3.561                    
06109+1020 KAM   1AB         4    Tok2021c      2.5   1.626      3.6   1.720      4.5   1.808      5.4   1.890      6.2   1.967                    
06111-1348 LSC  40Aa,Ab      2    Tok2021f    308.5   0.044    106.4   0.055    220.0   0.048     32.4   0.045    155.7   0.057                    
06115-7214 JNN  48           4    Tok2023a    211.2   0.259    208.1   0.272    205.3   0.285    202.7   0.297    200.3   0.310                    
06122-3645 RST4800           4    Tok2014a    195.6   0.235    194.0   0.241    192.5   0.246    191.1   0.252    189.7   0.257                    
06136-1527 HDS 852Aa,Ab      4    Tok2024b     99.1   0.027     40.8   0.012    308.0   0.024    289.4   0.042    281.5   0.056                    
06138-2352 JNN  50Ba,Bb      3    Jnn2022     281.6   0.194    265.2   0.224    252.9   0.255    243.2   0.283    235.1   0.303                    
06143-1729 A  3025           4    Tok2019c    207.6   0.264    204.1   0.284    201.0   0.302    198.4   0.321    195.9   0.338                    
06145+1754 KUI  24           4    Zir2013a    146.9   0.190    147.4   0.179    148.0   0.167    148.6   0.156    149.4   0.144                    
06146-0434 CHR 164Aa,Ab      3    Tok2020e    311.7   0.071    314.9   0.070    318.2   0.067    321.9   0.064    326.1   0.059                    
06149+2230 BU 1008           5    Izm2019     254.5   1.760    254.3   1.759    254.2   1.758    254.0   1.756    253.8   1.754                    
06154-0902 A   668           3    Hrt1996a    353.2   0.284    354.2   0.287    355.1   0.290    356.0   0.292    356.9   0.295                    
06159+0110 RST5225           2    Msn2023      31.4   0.103     58.9   0.107     83.2   0.117    103.1   0.130    119.2   0.144                    
06165-4032 CD-40 2356        9    SaJ2011     232.7   0.012    221.2   0.018    213.7   0.019    206.6   0.019    197.7   0.015   astrometric orbit
06165-4032 CD-40 2356        9    SaJ2011     271.3   0.0098   249.3   0.0136   234.6   0.0149   220.5   0.0141   201.7   0.0112  astrometric orbit
06171+0957 FIN 331Aa,Ab      1    Hrt1996a    247.4   0.066    276.0   0.088    294.1   0.102    310.7   0.094    338.0   0.062                    
06173+0506 CAT   1Aa,Ab      5    Tok2018e     83.9   0.715     87.8   0.676     92.2   0.632     97.3   0.583    103.4   0.529                    
06186+6744 HU 1119           4    Hei1998      39.1   0.269     39.9   0.286     40.6   0.302     41.2   0.319     41.7   0.335                    
06187+0903 GC 8096           9    HIP1997d    271.4   0.0076    90.5   0.0129    69.8   0.0145     2.0   0.0050   203.6   0.0030  astrometric orbit
06196+5901 UZ Lyn            9    HIP1997d     99.6   0.0059   225.0   0.0095    67.6   0.0071   209.3   0.0089    36.4   0.0056  astrometric orbit
06197-0749 CHR  22           3    Tok2024b     56.3   0.059     60.0   0.059     63.6   0.059     67.2   0.059     70.8   0.059                    
06200+2826 BU  895AB         2    Hrt2000c    287.4   0.151    291.2   0.163    294.5   0.175    297.4   0.187    300.0   0.198                    
06201-0752 HDS 866           3    Tok2019c     72.4   0.053     77.6   0.086     80.1   0.112     81.7   0.133     82.9   0.150                    
06203-3004 TOK 821Aa,Ab      3    Tok2021f     49.0   0.034    178.6   0.022     62.6   0.039    214.4   0.023     74.2   0.040                    
06214+0216 A  2667           2    Msn2023     304.1   0.243    309.3   0.219    315.9   0.194    324.4   0.168    336.1   0.143                    
06215-2909 CD-29 3031        9    Gln2007     326.0   0.0075    97.9   0.0071   294.9   0.0053    70.1   0.0066   227.6   0.0041  astrometric orbit
06221+5922 STF 881AB         4    Zir2013a    153.3   0.613    153.8   0.611    154.4   0.609    155.0   0.607    155.6   0.605                    
06221-3326 del Col           9    Jnc2005     294.0   0.0066   359.6   0.0068   312.9   0.0104    46.3   0.0049   326.2   0.0103  astrometric orbit
06224+2514 HO   25AB         5    Izm2019     251.6   0.397    251.8   0.376    252.1   0.354    252.3   0.331    252.7   0.308                    
06227-2751 B   697           4    USN2021b    301.1   0.239    307.3   0.241    313.4   0.243    319.3   0.246    325.2   0.249                    
06229-3337 CD-33 2935        9    Ren2013      33.6   0.0018   240.3   0.0017    89.2   0.0017   304.6   0.0017   149.3   0.0017  astrometric orbit
06229-5622 nu Pic            9    Gln2007      81.2   0.0050   161.3   0.0031   222.4   0.0054   279.1   0.0027    44.3   0.0054  astrometric orbit
06234-3001 DAW 120           4    Tok2020g    257.2   0.188    257.7   0.195    258.1   0.201    258.5   0.207    258.9   0.213                    
06236+1739 A  2517           4    Tok2024c    172.2   0.081    170.5   0.079    168.8   0.077    167.0   0.075    165.1   0.073                    
06237-3319 TOK 823Aa,Ab      3    Msn2023      35.6   0.071     18.8   0.058    254.0   0.012     82.8   0.036     51.7   0.062                    
06243-2801 I   753AB         4    Tok2024b    226.1   0.316    225.2   0.320    224.2   0.323    223.2   0.327    222.3   0.330                    
06247+2503 GC 8261           9    HIP1997d    334.2   0.0018    72.3   0.0026   255.8   0.0028    15.2   0.0022   111.1   0.0015  astrometric orbit
06253+0130 FIN 343           3    Tok2020e    327.1   0.091    318.6   0.094    310.7   0.097    303.2   0.100    296.2   0.103                    
06255+2327 BAG   5           5    Mut2010b      3.4   0.074      5.6   0.070      8.0   0.065     10.8   0.061     14.1   0.057                    
06255+2320 MCA  26           3    Doc2018c    111.0   0.017    128.3   0.028    135.6   0.040    139.6   0.051    142.2   0.062                    
06256+2227 STT 139           4    Sca2024b    259.3   0.807    259.5   0.812    259.7   0.817    259.9   0.822    260.1   0.827                    
06262+1845 BU 1191AB         5    Izm2019     343.3   0.474    353.8   0.347     14.7   0.242     52.8   0.201     88.2   0.258                    
06274-2544 B   114           2    Doc2016i     43.4   0.463     47.6   0.440     52.4   0.416     57.7   0.390     63.9   0.363                    
06290+2013 BU 1192Ba,Bb      3    USN2021b    302.4   0.225    301.4   0.224    300.3   0.223    299.3   0.221    298.2   0.219                    
06290+2013 CIA  17Aa1,2      2    CIA2021b    355.2   0.0008   313.2   0.0029   293.7   0.0016   142.0   0.0020   122.6   0.0021                   
06290+2013 BTZ   1Aa,Ab      2    Msn2021a    229.0   0.025    266.3   0.037    283.2   0.052    292.9   0.064    300.5   0.066                    
06293-0248 B  2601AB         2    MnA2019      66.0   1.182     77.6   1.041     93.0   0.892    114.0   0.769    140.5   0.711                    
06298-5014 HDO 195CD         2    Doc2021a    231.0   0.468    234.8   0.479    238.5   0.490    242.0   0.501    245.3   0.512                    
06298-5014 R    65AB         2    Tok2022g    288.2   0.311    285.8   0.360    284.0   0.404    282.5   0.443    281.2   0.478                    
06300-1840 DE0630-18         9    SaJ2015     293.1   0.0256   262.8   0.0019   105.7   0.0098   293.5   0.0246   282.3   0.0055  astrometric orbit
06308-7643 HEN   4           5    Kpp2020f    275.4   1.668    277.2   1.741    278.9   1.785    280.4   1.807    282.0   1.813                    
06312-7031 HDS 889           4    Tok2023a    146.2   0.111    140.9   0.107    135.2   0.103    128.9   0.098    122.1   0.093                    
06314+0749 A  2817           2    Tok2020h    157.1   0.183    166.5   0.192    175.0   0.202    182.8   0.211    189.9   0.220                    
06319-0938 A   670           4    Tok2023a    180.8   0.549    181.1   0.560    181.3   0.570    181.6   0.580    181.8   0.590                    
06322-6519 SAO 249579        9    HIP1997d    247.8   0.0056    68.8   0.0053   250.0   0.0050    71.3   0.0047   252.8   0.0044  astrometric orbit
06323+5225 WOR   6           4    Hrt2009     131.4   0.807    129.3   0.788    127.1   0.761    124.8   0.726    122.1   0.680                    
06328-1110 CHR 129           9    Pbx2000a    162.8   0.0012   116.9   0.0047    93.9   0.0021   304.3   0.0036   289.0   0.0041  astrometric orbit
06336-1207 HU   43           5    Izm2019     312.4   0.977    312.6   0.987    312.8   0.996    313.0   1.005    313.1   1.014                    
06337-2853 B   700           4    Tok2023a    236.7   0.071    232.7   0.074    229.0   0.077    225.6   0.081    222.5   0.084                    
06337-7538 LDS 169           5    Kpp2020f     35.7  21.140     35.7  21.091     35.7  21.041     35.7  20.991     35.7  20.941                    
06344+1445 STF 932           5    Hop1960a    297.8   1.593    297.4   1.590    297.1   1.586    296.7   1.583    296.4   1.580                    
06345-1114 HO  234           4    Hrt2008       7.8   0.732      8.3   0.740      8.7   0.748      9.1   0.756      9.5   0.764                    
06345+5521 BQ Lyn            9    Ren2013      61.1   0.0013    94.8   0.0012   130.2   0.0013   162.3   0.0014   190.8   0.0014  astrometric orbit
06354-0403 JNN 271           4    Tok2023a    345.6   0.058    349.7   0.148    350.9   0.207    351.6   0.223    352.4   0.193                    
06359-3605 FIN  19Aa,Ab      2    Tok2021c    159.1   0.232    156.0   0.239    152.8   0.229    149.1   0.208    144.5   0.179                    
06359-3605 RST4816Ba,Bb      2    Tok2015c    147.5   0.155    138.3   0.180    131.1   0.198    124.9   0.208    118.9   0.203                    
06364+2717 STT 149           2    Hei1993d    272.2   0.702    271.0   0.692    269.8   0.681    268.6   0.668    267.3   0.653                    
06377+1624 OCC9011Aa,Ab      5    Dru2014     258.3   0.383    256.3   0.376    254.3   0.350    251.6   0.299    247.2   0.202                    
06379+7342 HR 2365           9    Gln2006     223.7   0.024    196.8   0.039    182.7   0.047    171.8   0.051    161.5   0.050   astrometric orbit
06379+7342 HR 2365           9    Gln2006     156.4   0.049    143.0   0.041    114.9   0.021    231.5   0.025    203.7   0.038   astrometric orbit
06380-6132 I     5AB         4    Doc2025b     94.7   1.183     94.5   1.224     94.2   1.264     94.0   1.301     93.8   1.337                    
06384+2859 MCA  27           3    Hrt2000c    327.7   0.140    323.3   0.156    319.7   0.170    316.7   0.184    314.0   0.196                    
06390-5850 B  1962           5    Tok2023a     34.6   0.317     33.8   0.326     33.0   0.334     32.3   0.343     31.6   0.351                    
06393+4200 STT 150           3    Doc2012g     10.2   0.301     10.0   0.302      9.8   0.303      9.7   0.304      9.5   0.305                    
06404+4058 STF 945           4    Nov2007d    344.6   0.490    345.3   0.491    346.1   0.493    346.9   0.495    347.6   0.497                    
06410+0954 CHR 168Aa,Ab      5    Cve2010f    279.6   0.117    281.0   0.117    282.4   0.117    283.8   0.116    285.3   0.116                    
06416+3556 HR 2452           9    Ren2010     286.9   0.036    110.4   0.027    315.4   0.013    273.9   0.022     97.0   0.027   astrometric orbit
06416+3556 YSC 129           3    Hor2019     102.9   0.036    286.2   0.028    134.6   0.017     80.2   0.019    264.4   0.024                    
06418+3041 A   218           3    Hei1997     194.7   0.171    192.4   0.178    190.3   0.183    188.2   0.186    186.2   0.188                    
06418+3041 A   218           3    USN2017b     20.7   0.204     19.1   0.200     17.4   0.195     15.7   0.191     13.9   0.186                    
06424+1739 26 Gem            9    HIP1997d     27.9   0.0038   283.3   0.0087   218.4   0.0040   105.5   0.0086    47.5   0.0044  astrometric orbit
06425+6612 MLR 318           5    Pal2005b    308.7   1.748    308.7   1.753    308.7   1.757    308.7   1.762    308.7   1.766                    
06426+3955 HDS 930           3    Doc2019g    238.2   0.056    186.0   0.050    137.4   0.058    103.1   0.068     76.5   0.075                    
06427-3243 HDS 932AB         5    CIA2022f    346.5   0.059    342.6   0.043    334.4   0.028    306.4   0.013    222.8   0.013                    
06427-3243 HDS 932Ba,Bb      9    CIA2022f      9.2   0.0001   180.7   0.0001   353.1   0.0001   166.5   0.0001   340.8   0.0001  astrometric orbit
06427-3243 HDS 932Ba,Bb      9    CIA2022f    100.5   0.0002   109.2   0.0003   115.8   0.0003   123.1   0.0002   135.1   0.0002  astrometric orbit
06432-2821 HDS 933           3    Tok2019d    210.7   0.162    209.2   0.160    207.6   0.156    206.0   0.150    204.2   0.142                    
06439-5434 HDS 934           3    Tok2015c     96.5   0.116    136.0   0.103    183.2   0.099    226.8   0.111    259.9   0.128                    
06447-5726 CP-57 1047        9    Gln2007      38.2   0.0081   164.9   0.0094   345.5   0.0086   119.5   0.0087   265.1   0.0058  astrometric orbit
06450+1045 A  2825           5    Zir2013d    168.6   0.252    168.2   0.251    167.8   0.250    167.4   0.248    167.0   0.247                    
06451-1643 AGC   1AB         2    BdH2017      59.0  11.256     57.1  11.163     55.2  11.032     53.3  10.861     51.2  10.648                    
06454-3148 EHR   9Ba,Bb      2    Tok2024e    354.8   0.120    308.6   0.105    248.7   0.096    183.2   0.093    114.8   0.095                    
06455+2922 A   122           3    Sca2024a     19.2   0.419     18.5   0.414     17.8   0.409     17.0   0.404     16.3   0.399                    
06458+0230 V505 Mon          9    Ren2013     139.5   0.0013   218.8   0.0014   287.6   0.0013     8.6   0.0013    79.0   0.0014  astrometric orbit
06460-6624 TOK 826CD         4    Tok2024c    302.9   0.089    283.8   0.113    270.8   0.131    260.5   0.143    251.4   0.149                    
06462+5927 STF 948AB         4    Izm2019      63.4   1.921     63.0   1.923     62.7   1.925     62.3   1.927     61.9   1.928                    
06467+0822 HDS 940AB         5    Tok2023c    331.8   0.323    337.2   0.326    342.4   0.330    347.5   0.335    352.4   0.339                    
06467+0822 HDS 940BC         3    Tok2023c    261.5   0.073    294.7   0.070    329.6   0.071      0.8   0.078     26.2   0.086                    
06471+1001 A  2828           3    Tok2024b    138.2   0.189    140.3   0.192    142.3   0.194    144.3   0.196    146.2   0.199                    
06474+1812 STT 156           3    Pru2017      50.5   0.201     44.8   0.213     39.6   0.224     35.0   0.236     30.8   0.248                    
06478+0020 STT 157           4    Doc2018l    156.8   0.625    156.2   0.632    155.5   0.638    154.9   0.645    154.3   0.651                    
06479+0225 18 Mon            9    HIP1997d     46.0   0.0084    31.1   0.0022   222.9   0.0035    56.2   0.0046    49.3   0.0090  astrometric orbit
06481-0948 A  1056           3    Tok2024a     85.8   0.349     86.4   0.346     87.1   0.343     87.7   0.340     88.3   0.336                    
06482-6156 alp Pic           9    Gln2006     123.1   0.025     52.4   0.032    352.2   0.019    190.4   0.033    137.2   0.026   astrometric orbit
06482-6156 alp Pic           9    Gln2006     246.1   0.014    179.7   0.033    117.0   0.023     52.9   0.033      4.9   0.021   astrometric orbit
06482+5542 STF 958AB         5    Izm2019      76.4   4.446     76.4   4.439     76.4   4.433     76.4   4.426     76.3   4.419                    
06485-1226 A  2935           3    Tok2021c    253.7   0.130    244.7   0.129    235.7   0.130    226.9   0.132    218.6   0.137                    
06487+0737 A  2731AB         4    Izm2019      68.9   1.412     69.1   1.417     69.4   1.423     69.6   1.428     69.8   1.433                    
06490-1509 AC    4           4    Tok2015c     21.1   0.193     27.6   0.178     35.3   0.164     44.3   0.153     54.5   0.145                    
06493-0216 FIN 322           2    Tok2023a    235.4   0.121    231.9   0.112    227.9   0.102    222.8   0.090    216.0   0.077                    
06494+4346 MET   5AB         5    Bwl2020      81.4   0.935     81.3   0.941     81.2   0.947     81.1   0.952     81.0   0.957                    
06499-5337 V415 Car          9    HIP1997d    299.0   0.0010   317.8   0.0021   327.6   0.0019   358.6   0.0007   124.1   0.0012  astrometric orbit
06499-2806 HDS 947AB         3    Tok2024e      0.7   0.125      8.6   0.119     18.4   0.102     34.3   0.072     76.5   0.041                    
06499-5037 tau Pup           9    Jnc2005     178.7   0.0065   244.8   0.0015     7.9   0.0060   180.6   0.0070   292.1   0.0014  astrometric orbit
06500-6015 VSP   5           5    Bwl2020     298.3   0.848    298.5   0.860    298.6   0.871    298.8   0.880    298.9   0.889                    
06502+3624 COU1738           4    Doc2018c    197.7   0.200    198.8   0.200    199.8   0.200    200.9   0.199    202.0   0.198                    
06503+2409 COU 768           2    Doc2003e    166.3   0.137    158.5   0.130    149.8   0.121    139.6   0.113    127.9   0.104                    
06508-1423 RST4323           3    Tok2023a    323.7   0.038    298.0   0.042    279.4   0.052    267.3   0.064    259.2   0.078                    
06510+0551 HDS 950           2    Tok2025b    136.0   0.031    350.4   0.027    304.4   0.018    186.5   0.034    171.9   0.069                    
06512-2935 CD-29 3557        9    Pbx2000a     87.6   0.0088     6.2   0.0046   225.9   0.0071    62.3   0.0123   260.4   0.0101  astrometric orbit
06515+0358 A  1956           3    Tok2020e    287.1   0.231    284.1   0.247    281.5   0.262    279.2   0.277    277.1   0.291                    
06517+2503 A   512           5    Cou1982c     55.5   0.166     57.7   0.167     59.8   0.168     61.9   0.169     64.0   0.171                    
06523-0510 WNO  17AB         5    Kpp2020f    180.8  58.828    180.8  58.836    180.9  58.843    180.9  58.850    180.9  58.857                    
06528+2458 A   513AB         5    Hei1996c    137.3   0.400    135.6   0.407    134.1   0.414    132.6   0.421    131.1   0.428                    
06531+5927 STF 963AB         3    Sca2008d      5.3   0.355      6.6   0.363      7.8   0.372      9.0   0.380     10.1   0.388                    
06532+3826 COU1877           4    Hrt2009     311.6   0.455    313.4   0.473    315.0   0.491    316.6   0.509    318.0   0.526                    
06533-1902 CHR 169           3    Tok2019c    348.2   0.185    345.8   0.189    343.4   0.188    340.9   0.186    338.4   0.180                    
06541+6052 HEI 334           3    MnA2019     285.6   0.475    279.6   0.517    273.8   0.508    267.4   0.462    259.0   0.392                    
06545-2734 B   706           4    Tok2014a    296.0   0.727    296.3   0.726    296.7   0.725    297.0   0.725    297.3   0.724                    
06546+1311 STF 982AB         4    Izm2019     142.1   7.429    141.9   7.437    141.8   7.444    141.7   7.452    141.6   7.460                    
06548-3301 GKM9164Aa,Ab      4    Tok2024e    186.4   0.042    223.8   0.061    246.7   0.069    267.1   0.069    291.5   0.058                    
06549+1158 A  2833           4    FMR2020a    144.7   0.513    145.0   0.519    145.3   0.524    145.6   0.530    145.9   0.535                    
06555+3010 STF 981           5    Kiy2017     110.6   0.780    109.4   0.761    108.1   0.742    106.7   0.724    105.3   0.706                    
06573+5825 STT 159AB         3    Alz2000a    239.3   0.704    239.9   0.703    240.5   0.701    241.0   0.699    241.6   0.697                    
06573-3530 I    65           1    Doc2009g    313.2   0.131      8.0   0.098     72.6   0.119    106.8   0.168    126.2   0.208                    
06573-4929 RST5253AB         3    Tok2020e    345.0   0.169    348.9   0.153    353.8   0.136      0.1   0.118      8.7   0.101                    
06575+0253 A  2681           5    USN2007b    312.2   0.441    312.0   0.443    311.9   0.445    311.7   0.447    311.5   0.449                    
06576-2438 B   122           3    Tok2024e    296.7   0.394    295.0   0.412    293.4   0.430    292.0   0.448    290.7   0.466                    
06579-4417 LPM 248           5    Zir2003     237.2   2.963    236.4   3.044    235.7   3.125    235.1   3.203    234.4   3.281                    
06584-3407 HDS 970           3    Tok2024e    246.6   0.105    238.9   0.121    232.8   0.136    228.0   0.149    223.9   0.162                    
06584-1300 HDS 969AB         5    Tok2019c      5.6   0.103    328.4   0.059    268.3   0.072    244.0   0.125    234.9   0.186                    
06586-0016 RST5252           4    Tok2023a     53.2   0.482     52.8   0.488     52.5   0.494     52.1   0.500     51.8   0.506                    
06594+2514 A  1061AB         5    USN2002     163.4   0.233    164.7   0.236    165.9   0.238    167.2   0.240    168.4   0.242                    
06598+3141 COU1241           4    Mnt1999b     65.9   0.173     59.7   0.174     53.5   0.172     47.1   0.168     40.3   0.163                    
07003-2207 FIN 334Aa,Ab      3    Doc2018l    324.9   0.128    324.2   0.130    323.4   0.131    322.7   0.131    322.0   0.132                    
07006+3157 RED  16           4    Dup2017     102.8   0.376    103.3   0.363    103.9   0.325    104.7   0.264    106.1   0.184                    
07012+1146 STT 163AB         4    Zul1996b    122.3   0.297    122.8   0.302    123.3   0.308    123.7   0.313    124.2   0.318                    
07013-0906 A   671           4    Doc2018l    180.8   0.366    180.1   0.369    179.4   0.372    178.6   0.374    177.9   0.377                    
07015-0942 A  3042AB         3    Tok2024a    105.6   0.220    108.8   0.223    111.9   0.227    114.9   0.231    117.8   0.235                    
07018-1053 BU  573           4    Izm2019     324.3   0.317    327.8   0.274    332.6   0.231    339.7   0.188    350.9   0.147                    
07026+1558 A  2462AB         2    Tok2024b    235.9   0.270    233.6   0.276    231.4   0.281    229.3   0.284    227.3   0.286                    
07029-1313 HDS 980           4    Tok2024b    257.8   0.313    262.3   0.292    267.5   0.270    273.7   0.247    281.3   0.222                    
07031+3809 NLTT 17323        9    Ren2013     149.7   0.0039    76.7   0.0026   304.6   0.0022   175.3   0.0035   119.9   0.0034  astrometric orbit
07036+3941 A  1959           3    Doc2006i      3.1   0.242      9.3   0.224     16.9   0.200     26.8   0.172     40.5   0.145                    
07036+3648 BD+37 1643        9    Gln2007     120.0   0.0132    27.8   0.0054   253.2   0.0036    99.4   0.0114   316.6   0.0103  astrometric orbit
07038+6727 SAO 14059         9    HIP1997d    200.3   0.0080    82.9   0.0121   296.9   0.0128   169.7   0.0085    67.0   0.0104  astrometric orbit
07040-4337 TOK 390Ca,Cb      4    Tok2019c    292.5   0.140    119.2   0.101     42.9   0.200      8.0   0.225    330.8   0.189                    
07039+5242 BEU   8           2    MnA2019     195.1   0.146     40.3   0.101    317.7   0.155    220.0   0.136    107.2   0.085                    
07040-4337 DUN  38AB         5    LRR2021     123.4  21.902    123.4  21.909    123.4  21.916    123.5  21.923    123.5  21.929                    
07043-1031 BEU   9           2    MnA2019     278.1   0.136    235.6   0.022     13.9   0.051    292.5   0.102    271.6   0.137                    
07043-0303 A   519AB         2    Msn2023     278.3   0.410    277.8   0.418    277.4   0.425    276.9   0.429    276.5   0.431                    
07051+0124 NLTT 17385        9    Ren2013      35.5   0.0060   174.8   0.0044   238.3   0.0058    72.4   0.0054   214.7   0.0089  astrometric orbit
07053-3409 JSP 132AB         4    Tok2021c     21.5   0.490     22.0   0.499     22.5   0.508     23.0   0.516     23.4   0.525                    
07044-1027 ZRR   1Aa,Ab      2    Zrr2022     153.1   0.0017   150.4   0.0018   148.0   0.0019   145.9   0.0020   143.9   0.0021                   
07079-1542 A  3043           3    Hrt2012a    329.9   0.293    330.6   0.293    331.3   0.292    331.9   0.292    332.6   0.291                    
07061-1843 RST2453           5    Tok2021c    163.0   0.110    161.1   0.112    159.3   0.114    157.5   0.116    155.8   0.119                    
07080+3552 COU2063           3    Cve2017b    321.0   0.052    332.6   0.077    338.6   0.101    342.2   0.125    344.8   0.147                    
07091-5905 RST4340           4    Tok2023a    276.4   0.256    278.2   0.255    280.1   0.254    281.9   0.252    283.9   0.249                    
07092+1903 CHR 216           3    RAO2015     329.5   0.164    328.3   0.157    326.9   0.150    325.3   0.141    323.6   0.132                    
07093-1021 SNA   5           5    LeB2017     187.9   0.0071   207.7   0.0103   242.8   0.0043     5.6   0.0071    26.5   0.0099                   
07100+3832 GJ  268           8    Sgr2012      84.1   0.0127    82.7   0.0119    81.0   0.0110    78.9   0.0099    76.3   0.0086                   
07101+2115 GC 9462           9    Jnc2005      37.8   0.0037    75.3   0.0051   194.4   0.0013   290.5   0.0040     3.9   0.0030  astrometric orbit
07106+1543 J   703           5    Cve2008d    112.2  10.471    112.1  10.529    112.0  10.587    112.0  10.645    111.9  10.702                    
07112+4330 MTG   1AB         3    Dup2017      19.1   0.037    180.5   0.187    186.1   0.290    189.2   0.351    191.5   0.388                    
07113-1032 A  2122           4    Tok2020g    303.0   0.078    298.0   0.077    292.9   0.076    287.8   0.076    282.6   0.076                    
07116-7959 HDS 998           5    Tok2019c    110.3   0.082    119.3   0.082    128.4   0.082    137.3   0.083    145.8   0.085                    
07123+1839 AG  331           5    Izm2019      10.4   0.416     11.3   0.438     12.1   0.458     12.8   0.477     13.5   0.494                    
07128+2713 STF1037AB         2    Sca2015b    297.8   0.704    296.6   0.674    295.3   0.643    293.9   0.611    292.3   0.576                    
07135-4438 HJ 3943A          9    Gln2007     258.9   0.0119   358.9   0.0051   242.6   0.0113   289.7   0.0077   187.6   0.0031  astrometric orbit
07138+2830 STT 520           5    PkO2018b     31.8   0.611     32.1   0.611     32.4   0.612     32.7   0.612     33.0   0.613                    
07143-2621 FIN 323           3    Tok2015c      0.1   0.069      2.5   0.067      5.0   0.065      7.6   0.063     10.4   0.061                    
07148-1529 BU  575AB         5    Hrt2001a    344.2   0.284    348.2   0.282    352.3   0.280    356.5   0.280      0.6   0.281                    
07155-7552 I   312           4    Tok2018b    343.7   0.436    343.2   0.462    342.9   0.486    342.5   0.509    342.2   0.532                    
07163+2709 BEU  10           9    Are2000     145.5   0.0148   328.2   0.0233   320.2   0.0155   172.6   0.0068   152.5   0.0239  astrometric orbit
07166+0920 A  2854AB         4    Tok2023a    189.1   0.117    188.2   0.114    187.2   0.110    186.2   0.107    185.1   0.103                    
07167+1609 HDS1007           3    Tok2019c    308.4   0.066    322.1   0.099    328.9   0.132    332.9   0.164    335.7   0.193                    
07168+0059 A  2855           2    Msn2009      67.5   0.287     60.7   0.291     54.1   0.294     47.6   0.297     41.1   0.298                    
07171-1202 A  2123AB         3    Tok2021c      8.5   0.337      9.7   0.331     11.0   0.325     12.3   0.319     13.7   0.312                    
07175-4659 I     7           3    Tok2015c    195.4   0.501    194.3   0.480    193.2   0.458    192.0   0.436    190.6   0.413                    
07176+0918 STT 170AB         3    Sca2018e    277.9   0.703    276.6   0.723    275.4   0.742    274.2   0.759    273.1   0.774                    
07185-5721 HDS1013Aa,Ab      3    Msn2023     111.7   0.407    116.1   0.409    120.4   0.411    124.6   0.412    128.9   0.412                    
07192+2058 HDS1019AB         5    Tok2021f    162.0   0.255    162.2   0.287    162.3   0.317    162.4   0.345    162.5   0.372                    
07200-0847 BUG  17           4    Kpp2020f    198.8   0.114     87.4   0.181     68.3   0.341     59.7   0.401     51.3   0.350                    
07201+2159 STF1066A          9    HIP1997d     71.8   0.0119    69.9   0.0181    68.3   0.0151    63.3   0.0057   254.4   0.0064  astrometric orbit
07201+2159 STF1066           5    Izm2019     230.4   5.409    230.6   5.391    230.9   5.372    231.1   5.353    231.4   5.334                    
07204-5219 RMK   6AB         5    LRR2018b    346.3  25.540    346.3  25.530    346.3  25.519    346.3  25.509    346.3  25.498                    
07211+6740 JNN  55BC         4    Tok2019e     74.7   0.167     82.6   0.143     98.3   0.077    284.6   0.072    311.8   0.090                    
07256+0734 BD+07 1719        9    Pbx2000a    104.1   0.0040   288.4   0.0033    90.2   0.0024   237.3   0.0008    32.7   0.0011  astrometric orbit
07260-4601 RST4851           4    Tok2021c    128.3   0.066    124.3   0.067    120.5   0.068    116.7   0.069    113.2   0.070                    
07269+2015 CHR  26           2    Tok2024b    140.3   0.041    192.9   0.025    313.4   0.032    347.8   0.051      8.3   0.056                    
07277+2127 MCA  30Aa         9    Mut2010d     66.6   0.0002    48.4   0.0002    31.3   0.0002    17.2   0.0003     6.5   0.0003  astrometric orbit
07277+2127 MCA  30Aa,Ab      2    Mut2010d    343.8   0.052    349.4   0.057    344.7   0.066    350.6   0.040    345.3   0.078                    
07289-3015 HDS1054AB         2    Jnn2022     174.2   0.476    179.4   0.449    185.9   0.371    199.0   0.216    133.2   0.136                    
07292-4318 sig Pup           9    HIP1997d     99.6   0.0039   170.2   0.0070   350.8   0.0056   150.4   0.0095   314.1   0.0055  astrometric orbit
07292-4318 sig Pup           9    Jnc2005      39.8   0.0045   183.6   0.0095   353.4   0.0067   163.9   0.0081   262.1   0.0033  astrometric orbit
07293+1227 LSC  45           4    Hor2019       2.1   0.084      7.5   0.091     12.2   0.096     16.5   0.100     20.5   0.102                    
07294-1500 TOK 391Ca,Cb      4    Tok2021c    301.7   0.089    306.9   0.117    311.7   0.096    353.7   0.012    150.4   0.024                    
07294-1500 STF1104AB         4    Izm2019      44.4   1.717     45.2   1.707     46.1   1.697     46.9   1.688     47.8   1.677                    
07294-0733 GJ 3443           9    Fek2018     271.1   0.0252   139.2   0.0077   301.1   0.0237   258.7   0.0224    24.3   0.0092  astrometric orbit
07295+3556 JNN  57Aa,Ab      3    Tok2019e    272.8   0.164    267.5   0.183    263.1   0.197    259.2   0.206    255.5   0.208                    
07303+4959 STF1093           4    Izm2019     209.5   0.902    209.9   0.903    210.4   0.905    210.9   0.907    211.3   0.908                    
07303-5657 FIN 105           4    Doc2022d     55.8   0.191     52.8   0.182     49.6   0.172     46.0   0.163     42.0   0.154                    
07305+0743 A  2869           3    USN2019     104.9   0.277    104.1   0.281    103.2   0.286    102.5   0.290    101.7   0.294                    
07304+1352 TOK 392Da,Db      3    JAA2023     304.2   0.116    327.8   0.093     30.1   0.040    209.9   0.075    240.9   0.108                    
07307+4813 GIC  75A          9    Hrr1981     107.8   0.019     99.9   0.019    290.9   0.014    284.7   0.041    283.2   0.059   astrometric orbit
07307+4813 WNO  49Ba,Bb      5    Hrr1981      37.3   0.629     53.0   0.576     71.6   0.534     92.5   0.514    114.0   0.519                    
07312+0210 TOK 393           3    Cve2020     342.0   0.056    268.5   0.056    196.2   0.055    124.4   0.059     68.2   0.066                    
07319+3613 BEU  11Aa,Ab      5    MnA2019     189.3   1.493    189.1   1.474    188.9   1.448    188.7   1.417    188.5   1.379                    
07322+1405 HU 1244           4    Hrt2012a    246.3   0.211    243.1   0.201    239.5   0.192    235.5   0.182    231.2   0.174                    
07324-3558 RST4855           3    Tok2014a     15.2   0.326     15.8   0.329     16.4   0.332     16.9   0.335     17.5   0.337                    
07336+1550 MCA  32           4    Tok2019c    114.5   0.205    115.0   0.203    115.5   0.201    116.0   0.199    116.6   0.197                    
07345-5258 LTT2891           9    HIP1997d    243.8   0.018    184.4   0.020     62.0   0.013    261.8   0.015    195.8   0.021   astrometric orbit
07346+3153 CIA  29Aa,Ab      1    CIA2022d    322.0   0.0092   111.5   0.0050    13.5   0.0096   308.8   0.0086    80.6   0.0067                   
07346+3153 STF1110AB         3    CIA2022d     49.8   5.660     49.3   5.717     48.9   5.772     48.5   5.827     48.1   5.880                    
07346+3153 STF1110AB,C       5    Kiy2015     167.3  69.354    167.4  69.344    167.4  69.333    167.4  69.322    167.4  69.312                    
07346+3153 STF1110AB,C       5    Kiy2015     168.3  69.839    168.3  69.827    168.3  69.816    168.4  69.805    168.4  69.793                    
07346+3153 STF1110AB,C       5    Kiy2015     166.5  71.509    166.5  71.498    166.6  71.487    166.6  71.477    166.6  71.466                    
07346+3153 CIA  29Ba,Bb      3    CIA2022d     22.3   0.0012   110.4   0.0034   241.3   0.0016   297.0   0.0031    81.0   0.0023                   
07346+3153 YY Gem            7    Sgr2000        .     .          .     .          .     .          .     .          .     .      incomplete elements
07351-2830 GC 10171          9    HIP1997d     59.7   0.0083   340.6   0.0099   197.1   0.0061    14.2   0.0119   269.1   0.0080  astrometric orbit
07351+3058 STT 175AB         3    Mut2010d    336.9   0.177    336.5   0.189    336.2   0.200    335.9   0.211    335.7   0.222                    
07351+3058 STT 175B          9    Mut2010d    333.6   0.0020   346.1   0.0011   333.8   0.0020   346.6   0.0010   333.9   0.0021  astrometric orbit
07364+0705 HEN   3           3    Tok2020e    306.9   0.950    312.1   0.975    317.1   0.989    322.0   0.994    326.9   0.988                    
07374-3458 FIN 324AC         2    Tok2024a    105.8   0.252    101.2   0.273     97.2   0.293     93.7   0.312     90.6   0.330                    
07374+3852 HU  842AB         5    Lin2010c     88.1   0.423     88.8   0.423     89.5   0.423     90.2   0.423     90.9   0.423                    
07380-3208 B  1554           4    USN2021b    315.8   0.228    316.9   0.234    317.9   0.240    318.9   0.246    319.9   0.251                    
07392-2932 V382 Pup          9    Gln2007     124.7   0.019      4.2   0.012    116.2   0.020    346.2   0.015    106.7   0.018   astrometric orbit
07393+0514 SHB   1AB         3    BdH2015     348.7   5.070    353.7   5.101    358.6   5.122      3.4   5.135      8.3   5.139                    
07400-0336 VSP  19Ia,Ib      5    VSP2022d    311.2   0.183    283.7   0.040    147.7   0.122    141.5   0.261    139.5   0.377                    
07401+0514 STF1126AB         4    Izm2019     180.7   0.790    181.2   0.784    181.6   0.778    182.1   0.772    182.6   0.766                    
07411-0124 A  1968           3    Tok2014a    113.6   0.336    112.3   0.335    111.0   0.334    109.7   0.333    108.4   0.332                    
07417+3726 STT 177           3    Sca2018e    142.7   0.580    142.3   0.582    141.9   0.584    141.5   0.585    141.1   0.587                    
07417+0942 STF1130           4    Msn2023      73.0   0.606     74.2   0.617     75.5   0.629     76.6   0.641     77.8   0.653                    
07427-3510 HDS1091           4    Tok2024a    188.2   0.042    162.8   0.041    139.3   0.045    121.6   0.054    109.0   0.063                    
07427+3400 CIA  30           2    CIA2022e    235.4   0.0031    50.3   0.0027    65.3   0.0022   249.0   0.0018    57.7   0.0050                   
07430-4511 WSI  99A          9    Gln2006     355.6   0.0107   358.7   0.0108     1.7   0.0107     4.9   0.0103     8.6   0.0093  astrometric orbit
07430-4511 WSI  99A          9    Gln2006     210.4   0.0074   215.0   0.0075   219.8   0.0071   225.4   0.0064   232.6   0.0056  astrometric orbit
07430-1704 HU  710           3    Tok2014a     53.5   0.463     52.7   0.463     51.9   0.462     51.1   0.461     50.3   0.460                    
07433+2853 CIA   7Aa,Ab      5    CIA2015b     72.0   0.0015   193.9   0.0038   357.9   0.0045   154.6   0.0027   227.1   0.0019                   
07435-2711 B   737           3    Tok2018b    143.9   0.103    141.2   0.106    138.6   0.109    136.3   0.112    134.0   0.116                    
07442-5027 DUN  55AB         5    LRR2021     132.2  49.378    132.2  49.381    132.2  49.383    132.2  49.386    132.2  49.388                    
07456-3410 TOK 193Aa,Ab      4    Tok2018e    248.3   0.814    251.4   0.760    255.1   0.687    259.8   0.596    266.5   0.488                    
07461+2107 HO  247           4    USN1999b    265.2   0.569    265.8   0.573    266.4   0.577    266.9   0.581    267.5   0.585                    
07462-5949 VSP  20Aa,Ab      5    VSP2022b     93.4   0.051    305.6   0.086    348.9   0.120     25.5   0.103    155.2   0.036                    
07467+2001 RED   9           3    Dup2017     182.5   0.270    164.0   0.206    126.6   0.137     55.9   0.119    345.3   0.122                    
07475+7012 GJ 9240           9    Gln2007     131.6   0.0193    89.4   0.0242   288.4   0.0076   132.3   0.0192    89.8   0.0243  astrometric orbit
07478-0332 RST4375           4    Tok2021f     90.0   0.255     89.3   0.256     88.7   0.257     88.0   0.258     87.4   0.258                    
07479-1212 STF1146           4    Izm2019     327.0   0.867    325.4   0.847    323.8   0.828    322.1   0.810    320.3   0.792                    
07480+6018 HU 1247           2    Hrt1996a    257.1   0.220    245.9   0.181    225.2   0.117    153.5   0.064     87.5   0.119                    
07481-5425 HDS1103           4    Tok2021c    163.1   0.119    156.9   0.131    151.7   0.141    147.1   0.148    142.9   0.153                    
07486+2308 WRH  15AB         4    USN2002      20.7   0.251     19.9   0.250     19.0   0.249     18.2   0.248     17.3   0.246                    
07490-2455 TOK 194           3    Tok2015c    339.6   0.048    112.9   0.020    306.9   0.044     26.2   0.040    263.0   0.036                    
07498-0317 GKM9181Ba,Bb      4    Tok2024b    232.8   0.028     87.1   0.032    300.9   0.029    167.0   0.024     38.2   0.027                    
07508+0317 A  2880           2    Msn2023     179.4   0.173    181.3   0.175    183.2   0.177    185.0   0.179    186.8   0.181                    
07509-4652 RST4866           5    Tok2024e    150.8   0.164    149.9   0.165    149.0   0.167    148.1   0.169    147.3   0.171                    
07513-0924 BU 1195           4    Tok2023a     70.2   0.136     70.6   0.143     71.0   0.150     71.3   0.157     71.6   0.164                    
07518-1354 BU  101           1    Tok2012b    357.3   0.165     22.2   0.152     46.6   0.167     64.9   0.201     77.3   0.242                    
07522-4035 TOK 195           3    Msn2023     102.0   0.038    260.8   0.022    281.6   0.027     75.6   0.026     87.4   0.065                    
07527+0323 STT 182           4    PkO2018b      7.0   0.916      6.8   0.914      6.5   0.913      6.3   0.911      6.0   0.909                    
07528-0526 FIN 325           2    Hrt1996a     37.1   0.121     53.4   0.101     76.0   0.089    101.1   0.091    121.8   0.107                    
07534-5239 RST3557           5    Tok2021c    139.5   0.161    137.9   0.175    136.6   0.188    135.4   0.201    134.4   0.214                    
07535+2646 phi Gem           9    HIP1997d     16.0   0.0049   168.2   0.0011   207.2   0.0036    20.5   0.0059   195.4   0.0046  astrometric orbit
07542-3729 RSS 145A          9    Gln2006     248.9   0.0175   278.3   0.0202   302.4   0.0201   110.1   0.0062   163.9   0.0197  astrometric orbit
07542-3729 RSS 145A          9    Gln2006     174.7   0.020    205.4   0.021    231.0   0.024    251.7   0.026    272.3   0.023   astrometric orbit
07546-0248 STF1157           4    Lin2010c    166.7   0.673    165.6   0.672    164.5   0.671    163.5   0.671    162.4   0.671                    
07548-6613 TOK 830           3    Msn2023     204.6   0.063    178.7   0.064    151.8   0.060    116.6   0.048     29.5   0.027                    
07549-2920 KUI  32           3    Tok2021f    343.7   0.721    335.2   0.679    325.3   0.619    312.6   0.518    287.8   0.300                    
07555+2422 A  2537           5    Zir2012b     28.5   0.245     27.8   0.248     27.2   0.251     26.6   0.254     26.0   0.256                    
07558+1320 YSC 199           4    Tok2024c    352.7   0.085    343.8   0.094    336.5   0.103    330.4   0.112    325.2   0.121                    
07560+2342 COU 929           2    Tok2020e     82.3   0.118     93.2   0.113    104.6   0.111    116.0   0.114    126.6   0.119                    
07573+0108 STT 185           2    Msn2009      29.5   0.377     30.6   0.370     31.9   0.362     33.1   0.352     34.5   0.343                    
07578-3357 GJ 1106           9    Gln2007     213.3   0.031    335.5   0.027     37.3   0.035     88.9   0.038    124.7   0.048   astrometric orbit
07584-1501 TOK 882           4    Tok2024a    356.3   0.244      4.1   0.276     10.6   0.295     16.5   0.300     22.5   0.293                    
07586-3457 KUI 120A          9    Gln2007     247.4   0.0062   124.4   0.0086   183.4   0.0056   278.6   0.0080   143.6   0.0086  astrometric orbit
07595-3918 HDS1134           4    Tok2021c    207.0   0.584    205.3   0.601    203.7   0.619    202.2   0.636    200.8   0.652                    
07591-0420 TOT   1           5    ToT2024     237.6   0.420    237.8   0.406    238.1   0.392    238.4   0.376    238.7   0.360                    
07598-4718 I  1070AB         4    Tok2019h    103.0   0.083    109.6   0.086    115.6   0.089    121.1   0.094    126.1   0.100                    
08017+6019 MCA  33           2    JAA2023     308.3   0.088    318.0   0.068    344.4   0.031    255.4   0.024    287.4   0.070                    
08017-0836 A  1580           4    Hrt2010a    305.3   0.314    306.2   0.315    307.0   0.316    307.9   0.317    308.7   0.319                    
08021-1710 HDS1140AB         4    Tok2023a     84.5   0.428     80.7   0.401     76.2   0.367     70.6   0.327     63.4   0.282                    
08024+0409 STF1175           4    Izm2019     290.8   1.465    291.3   1.470    291.8   1.475    292.3   1.480    292.8   1.485                    
08031-0625 A  1581           5    Izm2019     301.2   1.445    301.4   1.444    301.5   1.442    301.7   1.439    301.8   1.436                    
08033+5251 HDS1149           3    Bag2010     336.8   0.080    274.5   0.153    251.9   0.210    237.6   0.245    226.2   0.263                    
08035+2747 chi Gem           9    Jnc2005     253.2   0.019    297.5   0.015      8.0   0.014     53.0   0.019     91.6   0.016   astrometric orbit
08041+3302 STT 187           3    Msn1999a    332.8   0.432    332.4   0.433    331.9   0.434    331.4   0.435    331.0   0.436                    
08044+1217 BU  581AB         2    Hrt2000b    256.6   0.507    260.2   0.519    263.6   0.530    266.9   0.539    270.1   0.545                    
08047+4717 A  2050AB         3    Zir2002c    294.9   0.243    295.6   0.245    296.4   0.246    297.1   0.248    297.8   0.250                    
08050+5825 A  1073           4    USN2017b    124.4   0.355    123.5   0.354    122.6   0.352    121.7   0.351    120.8   0.349                    
08061-0047 A  1971           4    Tok2015c    358.4   0.961    358.0   0.962    357.6   0.962    357.2   0.962    356.8   0.962                    
08062+0201 J   420           5    Ole2002b    191.9   2.271    191.6   2.295    191.4   2.318    191.2   2.340    191.0   2.362                    
08066+2227 BD+22 1854        9    Gln2007      34.1   0.0162   117.9   0.0038   257.2   0.0173   299.7   0.0123     7.6   0.0131  astrometric orbit
08075-1212 A  2749           4    Doc2023b    300.0   0.570    300.5   0.573    300.9   0.577    301.4   0.580    301.9   0.584                    
08089+2437 NLTT 18995        9    Ren2013      67.4   0.0093   204.7   0.0113    69.1   0.0093   205.8   0.0113    70.7   0.0093  astrometric orbit
08070-2954 B  1581           5    Tok2021c    157.0   0.118    151.9   0.130    147.6   0.141    144.0   0.153    140.8   0.164                    
08085-5237 B  1586           4    Msn2023     102.9   0.089    106.1   0.090    109.1   0.090    112.2   0.091    115.3   0.090                    
08086-4321 DON 227           5    Tok2024b    262.1   0.441    261.6   0.447    261.1   0.453    260.6   0.459    260.1   0.464                    
08090-6118 EHR  11A          9    Gln2007     101.1   0.023    226.8   0.026      6.9   0.024    163.3   0.029    293.6   0.026   astrometric orbit
08090+3249 BDT   2Aa,Ab      3    Miz2018     243.3   0.058     23.6   0.101     60.4   0.182     75.9   0.238     86.6   0.265                    
08095+3213 STF1187AB         5    Ole2001      18.9   2.994     18.7   2.998     18.6   3.001     18.4   3.005     18.3   3.009                    
08103+6943 GJ 9253           9    Gln2006     143.0   0.0062   319.1   0.0019   145.8   0.0060     8.7   0.0012   148.8   0.0057  astrometric orbit
08103+6943 GJ 9253           9    Gln2006     212.5   0.0064   173.3   0.0086   218.6   0.0058   176.3   0.0087   226.5   0.0050  astrometric orbit
08116+3227 CRJ   2Aa,Ab      5    Bdt2019     109.6   0.666    102.9   0.693     96.6   0.721     90.9   0.748     85.5   0.774                    
08122+1739 STF1196AB         1    USN2021a    352.1   1.118    348.7   1.108    345.3   1.095    341.7   1.081    338.0   1.066                    
08122+1739 STF1196AB,C       4    Izm2019      62.8   6.326     62.4   6.340     62.1   6.354     61.7   6.369     61.3   6.383                    
08122+1739 HUT   1Ca,Cb      2    JAA2023     280.4   0.385    265.2   0.407    251.0   0.413    236.7   0.404    221.1   0.378                    
08125-4616 CHR 143Aa,Ab      3    Tok2020e    174.8   0.074    178.1   0.076    181.4   0.075    184.8   0.073    188.4   0.070                    
08127+2613 A  2471           5    Lin2010c     12.5   0.332     10.6   0.341      8.7   0.350      6.9   0.359      5.2   0.369                    
08128-6359 RST 310           5    Tok2021f    241.8   0.173    239.4   0.174    237.1   0.176    234.8   0.177    232.5   0.178                    
08132-1354 HU  115           2    Tok2025b    128.8   1.391    129.8   1.409    130.8   1.424    131.8   1.437    132.7   1.447                    
08134-4534 TOK 832           3    Tok2024c    347.0   0.031    300.6   0.014    214.5   0.023    192.1   0.038    179.8   0.040                    
08138+0159 BU 1244           5    Izm2019       3.8   1.001      3.5   1.002      3.3   1.003      3.0   1.004      2.7   1.005                    
08138-0738 ELP   2           3    Tok2021c    309.7   0.157    301.7   0.149    291.5   0.121    271.5   0.076    195.0   0.040                    
08140-4021 h 2 Pup           9    Jnc2005     159.9   0.0097   282.1   0.0082   197.3   0.0139    31.5   0.0057   230.7   0.0116  astrometric orbit
08144-4550 FIN 113AB         5    Tok2015c    269.0   0.282    269.4   0.291    269.8   0.300    270.1   0.308    270.5   0.317                    
08153-6255 RMK   8           5    LRR2018b     71.6   4.245     71.7   4.245     71.8   4.246     71.8   4.246     71.9   4.247                    
08158-1027 RST3578AB         3    Tok2020e     91.6   0.269     95.1   0.284     98.4   0.294    101.5   0.299    104.5   0.300                    
08165+7930 STF1169AB         5    Kis2009      17.2  20.493     17.2  20.492     17.2  20.491     17.3  20.490     17.3  20.489                    
08173-0522 A   337           3    Tok2014a     53.9   0.553     53.2   0.554     52.4   0.555     51.7   0.556     51.0   0.557                    
08181-2700 I   795           4    Tok2024b    164.2   0.143    165.7   0.147    167.2   0.151    168.6   0.155    169.9   0.159                    
08183+3859 STF1211AB         5    Hei1996c    154.2   0.462    153.6   0.477    153.1   0.491    152.6   0.506    152.1   0.520                    
08193+6230 OS UMa            9    Ren2013     123.3   0.0011   153.9   0.0016   172.3   0.0019   188.3   0.0018   207.8   0.0015  astrometric orbit
08211+4725 A  1745Ca,Cb      5    Hei1979b    308.6   0.595    309.1   0.597    309.5   0.598    310.0   0.600    310.4   0.602                    
08213-0136 STF1216           3    Tok2014a    316.9   0.517    317.9   0.516    318.8   0.516    319.7   0.516    320.6   0.515                    
08221-4059 HJ 4087AB         4    Izm2019     249.3   1.415    248.9   1.411    248.4   1.405    248.0   1.400    247.5   1.394                    
08226-2859 HDS1192           4    Tok2018e    358.1   0.145    349.1   0.136    338.7   0.127    326.9   0.119    313.7   0.113                    
08230-7102 HDS1196AB         3    Tok2023a    176.6   0.052    157.2   0.042    125.9   0.033     86.6   0.035     59.1   0.046                    
08231-4912 DENIS-P J023..    9    SaJ2015b    141.7   0.0038   223.2   0.0040   120.2   0.0027   210.9   0.0046    76.2   0.0020  astrometric orbit
08231+2001 HO  525AB         4    FMR2013e    356.5   0.465    357.2   0.469    357.9   0.472    358.5   0.476    359.2   0.479                    
08243+4457 STF1217           5    Kis2009     242.4  28.608    242.4  28.605    242.4  28.602    242.4  28.599    242.4  28.596                    
08243+4457 STF1217           5    Kis2009     242.9  28.815    242.9  28.812    242.9  28.808    242.9  28.805    242.9  28.802                    
08246-0443 GAA  20           1    GaA2023      12.7   0.0044    17.2   0.0053    20.7   0.0055    24.6   0.0048    30.9   0.0033                   
08250-4246 CHR 226Ba,Bb      3    Tok2024c     83.8   0.052     80.8   0.056     78.1   0.059     75.6   0.061     73.3   0.063                    
08251-4910 RST 321           2    Tok2015c    321.4   0.246    339.4   0.223      1.8   0.199     28.5   0.189     55.3   0.199                    
08254+3723 HU  856           3    USN2007a      5.6   0.123     14.1   0.111     24.9   0.099     38.8   0.086     57.4   0.074                    
08255-4058 RST3592           3    Tok2020e    174.9   0.117    172.3   0.121    169.9   0.126    167.6   0.130    165.5   0.134                    
08256+2808 SAO   2           4    SAO2021      80.2   0.069     82.6   0.063     85.6   0.055     89.6   0.046     96.0   0.035                    
08259-1623 HDS1199           4    Cve2020b    127.0   0.638    122.9   0.634    118.8   0.628    114.6   0.618    110.2   0.604                    
08263-3904 B  1605Ba,Bb      3    USN2019     102.9   0.199    100.4   0.200     97.9   0.201     95.4   0.201     92.9   0.200                    
08267+2432 A  1746BC         2    Doc2009g    294.7   0.144    310.7   0.150    325.6   0.154    339.9   0.157    353.9   0.158                    
08269+3212 HU  714Ba,Bb      4    Msn2017c    314.1   0.818    314.3   0.820    314.5   0.823    314.7   0.825    314.9   0.828                    
08270-5242 B  1606           1    Tok2015c    238.2   0.078    269.9   0.099    298.1   0.084    353.6   0.058     50.8   0.086                    
08275-5501 FIN 116           3    Tok2014a    216.6   0.276    215.4   0.277    214.2   0.276    212.9   0.276    211.7   0.276                    
08277-0425 A   550           2    Tok2024c    213.6   0.064    201.8   0.091    195.0   0.111    190.0   0.127    186.1   0.139                    
08279-2608 HDS1207           4    Tok2018e    318.7   0.279    322.0   0.283    325.3   0.287    328.4   0.290    331.5   0.293                    
08280-3507 FIN 314Aa,Ab      3    Tok2022g     60.8   0.116     62.1   0.112     63.6   0.107     65.2   0.102     66.9   0.095                    
08286+3502 WOR  19           4    Sca2022c    108.9   0.619    104.1   0.638     99.5   0.654     95.2   0.667     91.0   0.678                    
08285-0231 A   551AB         2    Doc2017a    245.1   0.380    245.4   0.375    245.8   0.367    246.2   0.359    246.6   0.348                    
08289-1552 RST4403           5    Hor2021b    249.0   1.375    247.8   1.378    246.6   1.381    245.4   1.383    244.2   1.386                    
08291-4756 FIN 315Aa,Ab      4    Doc2013d     48.9   0.122     50.5   0.125     52.1   0.127     53.6   0.130     55.0   0.132                    
08307+4645 YSC   3Aa,Ab      3    Tok2019e    143.5   0.052    175.3   0.033    230.0   0.033    261.8   0.052    276.0   0.072                    
08313-0601 BAG  49Aa,Ab      3    Tok2024c    121.4   0.145    130.1   0.209    135.6   0.234    140.5   0.239    145.5   0.233                    
08315-1935 I   489           4    Msn2009     275.1   0.403    274.0   0.404    272.9   0.405    271.8   0.405    270.7   0.406                    
08316+3458 HU  716           2    Sod1999     116.4   0.495    113.6   0.495    110.8   0.491    107.9   0.484    105.0   0.473                    
08317+1924 DEL   1Ba,Bb      5    Tok2021c    168.6   0.797    166.2   0.764    163.6   0.729    160.8   0.692    157.6   0.654                    
08317+1924 BEU  12Aa,Ab      5    Tok2021c    251.2   0.331    258.3   0.340    265.0   0.353    271.2   0.370    276.7   0.390                    
08317-2601 I   807           5    Tok2015c    155.1   0.483    154.7   0.487    154.2   0.490    153.7   0.494    153.2   0.498                    
08331-2436 BU  205AB         2    Doc2021d    269.5   0.550    267.6   0.549    265.8   0.548    263.9   0.548    262.0   0.547                    
08342-0957 HDS1226           4    Tok2020e    280.5   0.137    274.1   0.141    268.2   0.147    262.7   0.153    257.7   0.160                    
08345-3236 FIN 335           2    Tok2015c    144.9   0.187    153.6   0.173    164.1   0.156    177.5   0.135    196.0   0.113                    
08358+0637 STF1245AB         5    Bdt2021b    195.5   4.823    195.4   4.810    195.4   4.797    195.3   4.783    195.3   4.770                    
08358+0637 VI    3Ba,Bb      4    VI_2023     138.1   0.176    155.1   0.185    172.6   0.166    209.5   0.085    323.8   0.105                    
08364+6718 YR   13           4    MnA2019      23.9   0.640     19.6   0.649     15.4   0.649     11.1   0.640      6.7   0.625                    
08369+2315 AG  154           5    Izm2019       1.0   2.637      1.0   2.633      0.9   2.628      0.9   2.623      0.9   2.618                    
08369-7857 KOH  79AB         3    Msn2023      27.5   0.138     23.8   0.149     20.6   0.160     17.8   0.169     15.3   0.178                    
08375-5336 GKM9198Aa,Ab      3    Tok2024a     99.8   0.066    253.3   0.026     63.4   0.072    105.2   0.061    289.0   0.024                    
08375-3906 B  1618           4    Tok2023a    320.0   0.066    327.2   0.065    334.6   0.065    342.0   0.065    349.3   0.066                    
08380-0844 HDS1242           3    Tok2018e    246.0   0.264    252.2   0.274    257.9   0.283    263.4   0.290    268.6   0.296                    
08391-5557 HU 1443AB         5    Izm2019      13.9   0.955     13.5   0.959     13.2   0.963     12.8   0.968     12.5   0.972                    
08391-2240 BU  208AB         2    Tok2021f     70.5   0.340     78.8   0.295     89.8   0.258    103.9   0.233    120.1   0.224                    
08394-3636 I   314           3    Tok2020g    240.7   0.974    240.6   0.977    240.4   0.979    240.3   0.979    240.1   0.978                    
08398-6604 HDS1245           4    Tok2016e     35.9   0.226     32.3   0.230     28.8   0.234     25.4   0.238     22.1   0.241                    
08403+1921 CHR 130           3    Tok2024b    160.0   0.126    160.0   0.122    160.0   0.115    160.1   0.107    160.1   0.095                    
08405+1933 CIA  28Aa,Ab      1    CIA2022c    344.6   0.0013   176.2   0.0017   236.1   0.0005   359.5   0.0012   185.8   0.0017                   
08413-0449 BD-04 2421        9    SaJ2011     228.6   0.035    189.3   0.047    166.5   0.060    151.2   0.071    139.7   0.079   astrometric orbit
08420-0109 A  1750AB         4    Tok2021f     43.4   0.180     43.7   0.179     44.1   0.178     44.4   0.177     44.7   0.176                    
08421-5245 B  1624           3    Tok2015c    261.8   0.528    263.0   0.542    264.1   0.555    265.2   0.565    266.2   0.574                    
08423+2002 COU 382           5    Lin2023     344.9   0.365    344.2   0.369    343.6   0.373    343.0   0.377    342.4   0.382                    
08425-4731 CD-47 4258        9    Gln2007     167.9   0.0009   136.6   0.0059   133.2   0.0079   130.3   0.0074   126.0   0.0053  astrometric orbit
08427+0935 ST    8AB         4    USN2021c     25.2   1.783     23.7   1.807     22.3   1.829     21.0   1.848     19.7   1.865                    
08430+2408 TOK 265Aa,Ab      4    Tok2025b    232.8   0.092    177.4   0.084    108.8   0.086     66.7   0.127     45.4   0.164                    
08431-1225 RST3603           3    Tok2015c    305.0   0.350    303.2   0.347    301.4   0.343    299.5   0.339    297.6   0.335                    
08433-3908 GC 12009          9    HIP1997d    230.0   0.0041    74.6   0.0038   281.2   0.0038   124.9   0.0042   324.0   0.0047  astrometric orbit
08437-2442 B   165           5    Tok2024a     24.9   0.584     25.1   0.585     25.3   0.587     25.4   0.588     25.6   0.589                    
08444-4428 HDS1256           3    Tok2019c     21.1   0.138    331.1   0.244    310.0   0.321    295.9   0.368    284.3   0.391                    
08447-2126 HDS1260AB         5    Tok2023c    125.2   0.535    119.7   0.539    114.3   0.546    109.0   0.553    103.9   0.562                    
08447-2126 TOK 395BC         3    Tok2023c    196.6   0.145    191.6   0.169    187.4   0.172    182.9   0.156    176.3   0.117                    
08447-5443 KEL   1Aa,Ab      2    Mrd2011     170.4   0.0013   157.5   0.0081   156.3   0.0137   155.7   0.0170   155.2   0.0169                   
08447-5443 I    10AB         3    Msn2011b    186.2   1.188    184.7   1.267    183.3   1.346    182.1   1.422    181.0   1.497                    
08447-4238 CHR 238           2    Tok2017b     65.7   0.120    352.9   0.049     77.7   0.112     28.2   0.089     92.8   0.095                    
08454-0013 A  2548           5    Tok2019c    235.6   0.122    233.8   0.125    232.0   0.128    230.4   0.131    228.8   0.134                    
08456+8442 A  1078           5    Lin2010c    162.1   0.852    162.5   0.869    162.9   0.886    163.3   0.902    163.7   0.918                    
08456-7705 CP-76  544        9    Gln2007     125.4   0.0050   173.6   0.0049   233.2   0.0046   285.3   0.0051     2.9   0.0028  astrometric orbit
08462-1422 HU  120           3    Hrt2010a    335.6   0.481    336.7   0.484    337.8   0.486    339.0   0.488    340.1   0.491                    
08464-1333 RST5507A          9    Gln2007     298.7   0.0099     6.9   0.0086    62.0   0.0117   106.0   0.0082   279.0   0.0096  astrometric orbit
08468+0625 SP    1AB         1    JAA2023     151.4   0.259    162.0   0.269    172.1   0.273    182.0   0.273    192.0   0.271                    
08468+0625 STF1273AB,C       3    Izm2019     314.8   2.678    315.6   2.669    316.4   2.659    317.2   2.650    318.0   2.639                    
08474-1703 BU  586           4    Tok2015c    240.5   0.281    241.6   0.284    242.7   0.286    243.8   0.289    244.8   0.291                    
08476+0001 RST5306Ca,Cb      5    Tok2024a    199.4   0.161    200.0   0.169    200.5   0.176    201.0   0.183    201.5   0.190                    
08476-3124 HDS1273           4    Tok2019c     59.7   0.148     58.0   0.167     56.6   0.183     55.4   0.196     54.4   0.205                    
08486+0237 A  2551           3    Msn2023     233.5   0.041    270.7   0.044    297.1   0.056    313.8   0.069    325.0   0.083                    
08487+0057 A  2552           2    Msn2011a     15.8   0.265     13.5   0.257     11.0   0.248      8.3   0.239      5.4   0.229                    
08494+0341 A  2899           5    Tok2016e    220.5   0.832    219.3   0.848    218.2   0.864    217.1   0.880    216.0   0.897                    
08495+0852 BU 1068AB         4    Hrt2010a    314.1   0.406    313.6   0.408    313.1   0.410    312.6   0.413    312.1   0.415                    
08499-3247 HR 3512           9    Gln2007     137.0   0.0031   315.4   0.0083   256.0   0.0102   199.4   0.0069   335.7   0.0078  astrometric orbit
08503+1057 RED  10Ba,Bb      5    Dup2017     303.7   0.139    307.9   0.131    312.7   0.120    318.5   0.108    325.9   0.096                    
08507+1800 A  2473           3    Doc2016d    322.4   0.266    324.1   0.275    325.6   0.283    327.1   0.290    328.6   0.296                    
08507+1800 A  2473           3    Tok2023a    111.3   0.233    113.5   0.231    115.8   0.230    118.0   0.229    120.3   0.228                    
08507+0752 VDK   3           3    Tok2025b    219.7   0.911    225.0   0.900    230.3   0.893    235.7   0.891    241.1   0.894                    
08508+3504 STF1282AB         4    Kiy2020     278.8   3.400    278.8   3.396    278.8   3.392    278.9   3.388    278.9   3.384                    
08514-5047 HDS1281           3    Tok2019c    193.4   0.098    177.7   0.107    164.3   0.115    152.6   0.123    142.2   0.130                    
08526-3633 FIN 296           3    Tok2025b    215.3   0.038    194.9   0.032    168.2   0.029    139.3   0.030    111.7   0.030                    
08531-5639 MWT   2           5    Bwl2020     341.0   0.946    340.6   0.946    340.2   0.946    339.8   0.946    339.4   0.946                    
08531+5457 A  1584           2    Msn2014a    103.3   0.654    104.5   0.647    105.8   0.640    107.1   0.633    108.4   0.624                    
08538-4731 FIN 316           1    Tok2015c     16.0   0.094     47.6   0.096     81.1   0.089    125.2   0.073    195.8   0.058                    
08539+0149 A  2554           2    Msn2023     239.6   0.133    224.6   0.148    212.3   0.164    202.3   0.180    193.9   0.196                    
08539+1958 COU 773           4    Ksr2021     185.0   0.064    190.8   0.072    195.4   0.081    199.1   0.089    202.2   0.098                    
08542-0229 A  1754           5    Hrt2010a    137.8   0.394    138.7   0.396    139.5   0.398    140.4   0.400    141.2   0.402                    
08542+3035 STF1291AB         4    Izm2019     308.7   1.536    308.6   1.537    308.4   1.538    308.3   1.539    308.2   1.540                    
08547+1637 TOK 196Aa,Ab      4    Tok2024b      5.7   0.153    350.0   0.162    336.3   0.174    324.3   0.186    313.7   0.195                    
08547+1637 AG  338AB         5    Izm2019     164.6   2.156    164.2   2.170    163.9   2.185    163.6   2.200    163.2   2.215                    
08549+2612 A  2131AB         2    Msn2000a    168.1   0.321    173.7   0.340    178.8   0.356    183.5   0.368    187.9   0.378                    
08553-2352 GJ 3518           9    Rdl2010      40.4   0.012     39.7   0.019     39.4   0.023     39.2   0.026     39.0   0.026   astrometric orbit
08554+7048 STF1280AB         3    Izm2019       0.1   4.066      0.5   4.157      0.8   4.246      1.1   4.334      1.5   4.420                    
08558+6458 ARG  21           5    Zas2009     105.8  21.371    105.7  21.400    105.6  21.429    105.5  21.458    105.4  21.487                    
08563-3707 RST2593           4    Tok2023a    304.9   0.745    301.9   0.730    298.7   0.715    295.4   0.700    292.0   0.685                    
08566+6436 6 UMa             9    Jnc2005     178.5   0.022    183.6   0.055    185.6   0.061    187.8   0.049    195.3   0.017   astrometric orbit
08571+1139 HDS1296           3    Mit2021     231.9   0.758    231.0   0.752    230.0   0.739    228.9   0.720    227.8   0.692                    
08579-4744 SNA   9Aa,Ab      5    LeB2017     304.7   0.0013   175.1   0.0044   241.0   0.0031   159.7   0.0041   218.5   0.0040                   
08582+1945 LDS3836           4    Kpp2020f    260.2   2.668    262.9   2.754    265.4   2.839    267.8   2.924    270.0   3.008                    
08585+3548 COU1897           3    Ksr2021      49.0   0.088     56.9   0.093     64.1   0.098     70.5   0.103     76.3   0.108                    
08588-5303 VSP  24           5    VSP2022b    151.1   0.0710   316.8   0.0073   118.0   0.0541   130.0   0.0838   136.9   0.0967                   
08589+0829 DEL   2           2    Msn2023      95.1   0.649     87.2   0.657     77.5   0.520     49.7   0.222    120.8   0.251                    
08592+4803 HJ 2477A,BC       5    Izm2019     115.1   2.475    116.9   2.518    118.6   2.563    120.3   2.610    121.9   2.659                    
08592+4803 HU  628BC         3    DRs2012     195.0   0.810    192.5   0.756    189.6   0.694    186.0   0.623    181.5   0.544                    
08594-2412 RST2597           5    Tok2023a    180.8   0.247    180.1   0.249    179.4   0.251    178.8   0.253    178.1   0.256                    
09001-1228 HU  225AB         3    Doc2015f    276.7   0.385    278.2   0.379    279.8   0.372    281.4   0.366    283.0   0.359                    
09005+3225 HU  718           3    FMR2015b    213.5   0.267    212.2   0.293    211.1   0.315    210.1   0.334    209.3   0.350                    
09006+4147 KUI  37AB         1    Mut2010b     14.3   0.724      5.4   0.699    355.6   0.654    344.1   0.595    329.9   0.533                    
09013+1516 STF1300AB         4    Izm2019     177.7   4.973    177.5   4.966    177.3   4.959    177.2   4.952    177.0   4.944                    
09017-5211 HJ 4165           4    Tok2023a    158.8   0.587    159.6   0.585    160.5   0.583    161.4   0.582    162.3   0.581                    
09020-2345 I   357           4    Tok2024b    156.2   0.050    163.7   0.085    166.8   0.118    168.6   0.149    169.8   0.178                    
09024-6624 TOK 197           2    Tok2019c     94.1   0.0242   270.0   0.0190    79.7   0.0145   236.4   0.0083    18.4   0.0069                   
09033-7036 HEI 223AB         3    Tok2024c     93.7   0.070     86.4   0.076     79.4   0.074     71.4   0.066     60.3   0.054                    
09036+4709 A  1585           2    Mut2010b    270.7   0.169    266.9   0.144    261.4   0.115    251.9   0.085    231.8   0.055                    
09063-5904 LTT3359           9    HIP1997d    279.5   0.022    328.0   0.023    100.2   0.012    271.9   0.020    322.0   0.024   astrometric orbit
09074-4357 B  1646AB         4    Tok2020e    228.3   0.055    221.7   0.059    215.9   0.063    210.9   0.067    206.3   0.071                    
09077+1040 CHR 257           3    Tok2020e    225.8   0.026    254.7   0.039    268.2   0.054    275.6   0.069    280.5   0.082                    
09080+2154 JNN  66           4    Jnn2022     119.1   0.121    133.7   0.140    148.3   0.129    166.3   0.115    188.3   0.107                    
09082-2829 B   177AB         4    Tok2023a    220.1   0.0147   232.3   0.0098   263.7   0.0060   318.8   0.0062   347.4   0.0102                   
09086-2550 TOK 357BC         5    Tok2019c    345.2   0.280    347.7   0.296    350.0   0.309    352.1   0.321    354.1   0.330                    
09088+2638 75 Cnc            8    Knc2010     142.6   0.0058   210.9   0.0045   316.8   0.0049    14.8   0.0063    64.5   0.0060                   
09094+2203 WRH  16           9    Jnc2005      97.4   0.0107    17.5   0.0081   288.6   0.0100   216.7   0.0091   137.1   0.0102  astrometric orbit
09095-5538 YMG  29           3    Tok2024c    350.7   0.041     25.9   0.036     70.3   0.034    109.4   0.040    136.3   0.048                    
09100-2845 B   179           3    Tok2019c     23.0   0.116      8.8   0.138    358.3   0.156    349.6   0.167    341.7   0.171                    
09104+6708 STF1306AB         4    Izm2019     345.0   4.701    344.8   4.732    344.5   4.763    344.2   4.794    343.9   4.824                    
09109+6331 tau UMa           9    Ren2013     134.6   0.0004   113.1   0.0026   116.8   0.0052   284.2   0.0005   113.9   0.0031  astrometric orbit
09110-1929 I   824           4    GmJ2022     134.0   0.070    127.8   0.069    121.4   0.067    114.6   0.065    107.5   0.063                    
09118-4218 HDS1332           3    Tok2024a    181.5   0.184    176.6   0.178    171.3   0.171    165.5   0.164    159.3   0.157                    
09123+1500 FIN 347Aa,Ab      1    Msn2021a    129.7   0.150    317.2   0.064    154.1   0.144    115.7   0.116    239.1   0.052                    
09124-0707 GAA   7           4    GaA2019      73.7   0.0011    63.6   0.0003   260.3   0.0007   256.5   0.0012   253.9   0.0009                   
09125-4032 B  1115           3    Msn2023      93.4   0.291     91.0   0.297     88.7   0.302     86.5   0.307     84.4   0.312                    
09128-6055 HDO 207AB         4    Doc2016d    135.9   0.127    139.2   0.129    142.4   0.131    145.4   0.133    148.4   0.136                    
09133-5529 ELP  24           4    Tok2024c    177.3   0.080    170.8   0.095    165.9   0.108    162.0   0.119    158.7   0.129                    
09135-6259 VSP  25           5    VSP2022b    270.9   0.0040    59.6   0.0222    77.9   0.0359    87.2   0.0441    94.4   0.0471                   
09137+6959 STF1313           5    Izm2019     285.4   1.100    285.6   1.101    285.8   1.102    286.0   1.103    286.3   1.103                    
09143+6125 16 UMa            9    Fek2015     299.5   0.0021   121.5   0.0024   303.5   0.0019   124.3   0.0022   308.7   0.0016  astrometric orbit
09143+6125 16 UMa            9    WaX2015b    257.3   0.0037    78.3   0.0043   259.6   0.0032    80.0   0.0039   262.9   0.0027  astrometric orbit
09144+5241 STF1321AB         4    PkO2020     100.9  16.947    101.2  16.934    101.6  16.921    101.9  16.909    102.2  16.896                    
09149+0427 HEI 350           5    Tok2016e    334.6   0.738    329.8   0.749    325.1   0.759    320.6   0.769    316.1   0.778                    
09149+0427 HEI 350           4    Tok2020g    256.0   0.221    211.8   0.292    189.9   0.416    178.1   0.535    170.3   0.637                    
09150-3736 HDS1337           3    Tok2021f    178.1   0.126    176.6   0.132    175.1   0.136    173.7   0.139    172.4   0.141                    
09156-1036 MTG   2           2    Msn2023     103.4   0.171     64.1   0.149      3.4   0.136    318.8   0.183    278.7   0.113                    
09159+2431 COU 934Aa,Ab      5    Tok2025b     52.9   0.143     53.6   0.151     54.3   0.158     55.0   0.164     55.6   0.171                    
09167-0621 KUI  40           9    HIP1997d    281.9   0.0083   100.5   0.0089   286.0   0.0082   105.2   0.0061    73.0   0.0012  astrometric orbit
09167-2448 JNN  67           3    Jnn2022     295.5   0.017    185.1   0.076    163.9   0.083    141.7   0.076    115.0   0.070                    
09173-6841 FIN 363AB         2    Tok2015c    235.2   0.096    184.6   0.110     88.2   0.043    267.0   0.083    205.4   0.109                    
09174+2339 STF1332           4    Izm2019      29.8   5.903     29.8   5.903     29.9   5.903     30.0   5.903     30.0   5.904                    
09175+7715 KUI  39           4    Mnt1999a    287.2   0.322    277.5   0.360    269.6   0.399    263.1   0.436    257.6   0.471                    
09179+2834 STF3121AB         1    Sod1999     276.4   0.199    305.4   0.201    328.8   0.244    343.8   0.309    353.3   0.383                    
09180-5453 JNN  69Aa,Ab      4    Tok2024c    129.4   0.050    166.3   0.047    211.0   0.039    317.5   0.024     37.6   0.046                    
09183+1847 COU 384           3    BAE2021     231.1   0.110    229.1   0.094    226.2   0.078    221.6   0.060    213.3   0.043                    
09186+2944 A   221Ba,Bb      5    Tok2019e    194.3   0.176    192.7   0.178    191.3   0.179    189.8   0.181    188.3   0.183                    
09186+2049 HO   43           4    Tok2016e     91.9   0.660     91.4   0.665     90.9   0.670     90.4   0.675     89.9   0.680                    
09188+3648 STF1334AB         4    Izm2019     222.1   2.605    222.0   2.604    221.9   2.602    221.8   2.600    221.6   2.598                    
09190+1742 83 Cnc            9    Gon2002a    328.5   0.556    328.2   0.553    328.0   0.545    327.7   0.532    327.4   0.513   astrometric orbit
09190+1742 83 Cnc            9    Gon2002a    328.5   0.302    328.2   0.300    328.0   0.296    327.7   0.289    327.4   0.278   astrometric orbit
09191-4128 CHR 239           3    Tok2014a     18.9   0.074    333.0   0.110    307.5   0.132    287.5   0.142    269.1   0.145                    
09194-7739 KOH  83Aa,Ab      3    Tok2020c     91.6   0.105    100.4   0.108    108.9   0.110    116.9   0.113    124.6   0.116                    
09202+3518 RED  11           2    Dup2017      65.5   0.0508    69.1   0.0500   102.4   0.0063   242.7   0.0445   245.8   0.0740                   
09207-0742 A  1082AB         4    Doc2011d    196.6   0.642    196.0   0.654    195.3   0.666    194.7   0.677    194.1   0.689                    
09207-2913 I   198           4    Tok2024b    323.6   0.201    324.4   0.205    325.1   0.209    325.9   0.214    326.6   0.218                    
09210+3811 STF1338AB         3    Sca2023a    321.6   1.186    322.8   1.192    324.1   1.197    325.3   1.203    326.5   1.208                    
09228-0950 A  1342AB         2    Tok2021c     77.4   0.079     89.7   0.071    104.4   0.067    120.4   0.066    135.7   0.069                    
09239+2754 STT 201AB         5    PkO2018b    203.0   1.222    202.8   1.220    202.6   1.219    202.4   1.217    202.2   1.216                    
09243-3926 FIN 348           2    Tok2021f    114.1   0.067     90.4   0.069     68.9   0.074     50.4   0.080     34.7   0.087                    
09245+0621 STF1348AB         4    Grv2021c    313.8   1.944    313.7   1.943    313.6   1.942    313.5   1.941    313.5   1.940                    
09245+0621 STF1348AB         5    Grv2021c     25.6   1.921     25.6   1.919     25.5   1.917     25.4   1.915     25.3   1.912                    
09245+0621 STF1348AB         4    Grv2021c    313.7   1.934    313.6   1.933    313.6   1.931    313.5   1.929    313.4   1.927                    
09245+1808 A  2477           4    FMR2014a     13.5   0.427     14.4   0.427     15.4   0.426     16.3   0.425     17.3   0.423                    
09252-1258 WSI  73           2    Tok2020e    277.5   0.144    279.1   0.115    282.0   0.079    290.8   0.038     53.2   0.014                    
09252+4606 HDS1353           4    Mit2020     172.3   0.400    173.3   0.398    174.2   0.395    175.2   0.392    176.2   0.389                    
09260+2839 A   222           3    Hrt2014b    359.0   0.404    358.2   0.403    357.5   0.402    356.7   0.401    356.0   0.400                    
09263+5847 BUG   9           5    Dup2017     134.5   0.037    133.1   0.065    132.1   0.059    130.4   0.040    123.3   0.015                    
09264-4215 B  1122           4    Doc2019b    251.5   0.133    253.4   0.129    255.4   0.124    257.5   0.119    259.9   0.113                    
09273+0614 STF1355           4    Izm2019     357.2   1.665    357.5   1.652    357.8   1.639    358.2   1.625    358.5   1.612                    
09275-5806 CHR 240           1    Doc2023d    242.5   0.033    285.6   0.042      3.5   0.023    192.1   0.018    270.1   0.044                    
09276-3500 B  2215           9    HIP1997d    161.3   0.0078   287.8   0.0056   159.6   0.0079   284.3   0.0056   157.9   0.0080  astrometric orbit
09278-0604 B  2530           2    Tok2015c    147.8   0.447    148.5   0.480    149.1   0.507    149.7   0.525    150.2   0.535                    
09279+3128 HO  366AB         4    Sca2024b    252.6   0.205    255.2   0.207    257.8   0.209    260.3   0.212    262.8   0.214                    
09285+0903 STF1356           2    Mut2010b    119.3   0.950    120.2   0.961    121.0   0.971    121.8   0.981    122.6   0.990                    
09290+1917 COU 936           5    BAE2021     223.9   0.971    223.8   0.972    223.6   0.973    223.5   0.974    223.4   0.974                    
09293-4432 HDS1360Aa,Ab      4    Tok2019c    105.5   0.283     99.2   0.274     92.5   0.264     85.3   0.251     77.1   0.233                    
09307-4028 COP   1           1    Msn2023     158.0   0.704    165.2   0.648    173.7   0.596    183.7   0.550    195.3   0.514                    
09308+1815 TOK 887           4    Tok2024b     63.7   0.051    154.2   0.055    191.0   0.102    204.5   0.144    212.7   0.171                    
09310-1544 BU  339           5    Izm2019     253.1   1.248    253.4   1.247    253.7   1.246    254.0   1.244    254.3   1.243                    
09313-1329 KUI  41           2    MnA2019       9.9   0.607    354.2   0.620    339.2   0.632    324.8   0.647    311.1   0.666                    
09314-5315 SYU  10           5    VSP2022b     57.1   0.258     56.5   0.258     55.9   0.258     55.3   0.258     54.7   0.258                    
09320-0111 CHR 174           2    Tok2021f    194.4   0.044    158.2   0.033     56.0   0.017    290.0   0.029    247.6   0.042                    
09327+0152 FIN 349           2    Tok2015c    163.0   0.168    167.0   0.166    171.1   0.163    175.3   0.160    179.7   0.156                    
09334-0711 CBL 131A          9    WaX2015b      2.5   0.015    204.0   0.018     24.0   0.017    223.2   0.016     52.1   0.012   astrometric orbit
09349+0515 A  2757           5    Lin2022b     43.8   0.299     42.7   0.296     41.6   0.293     40.4   0.290     39.2   0.287                    
09354+3958 COU2084Aa,Ab      3    Tok2019e    134.3   0.161    129.8   0.176    126.0   0.191    122.7   0.206    119.9   0.220                    
09357+3549 HU 1128           5    Izm2019      49.6   6.215     49.5   6.250     49.4   6.284     49.3   6.318     49.1   6.351                    
09366-2442 FIN 383           2    Tok2020e     12.1   0.037    196.4   0.055    170.9   0.100    158.2   0.116    147.1   0.116                    
09370-2610 WSI 127AB         5    Tok2020e     87.7   0.391     98.9   0.391    110.2   0.391    121.4   0.391    132.7   0.391                    
09371+1614 STF1372           3    Alz2005a    255.7   0.318    256.2   0.317    256.7   0.315    257.1   0.314    257.6   0.312                    
09376+1528 A  2479           5    Hei1978a    263.7   0.279    265.2   0.277    266.8   0.275    268.3   0.273    269.9   0.271                    
09379+4554 A  1765           3    Doc2012a    146.3   0.112    135.6   0.141    128.0   0.159    121.7   0.168    115.7   0.170                    
09379+7305 STF1362A          9    Kiy2010     287.9   7.257     11.6   8.017     46.3  12.684     68.5  12.059    111.5   7.032   astrometric orbit
09379+7305 STF1362A          9    Kiy2010       4.3  10.381     33.4  11.634     67.3   7.642    224.5   8.850    250.4  13.729   astrometric orbit
09379+7305 STF1362A          9    Kiy2010      38.3  24.144     44.2  25.792     50.0  24.459     57.9  18.418    218.7   2.698   astrometric orbit
09379+7305 STF1362           5    Izm2019     124.2   4.838    124.1   4.835    124.1   4.833    124.0   4.830    123.9   4.828                    
09387-3937 I   202           3    Tok2024b    227.3   0.382    223.3   0.411    219.8   0.441    216.7   0.471    214.0   0.502                    
09393-1013 RST3652           5    Tok2020e     95.9   0.676     95.1   0.691     94.4   0.705     93.6   0.718     92.9   0.731                    
09405+6832 BD+69  528        9    Ren2013     178.9   0.0020   323.0   0.0030   110.4   0.0026   288.0   0.0032    57.2   0.0025  astrometric orbit
09407-5759 B   780           1    Tok2015c    181.4   0.077    126.5   0.076     80.7   0.081     17.9   0.060    312.9   0.087                    
09412+0954 HMM   1Aa,Ab      1    GaA2023     172.2   0.0040   212.6   0.0039   308.3   0.0026     8.6   0.0045    58.7   0.0029                   
09414+3857 STF1374AB         4    Izm2019     313.5   2.775    313.7   2.772    314.0   2.770    314.3   2.767    314.5   2.765                    
09434-4903 I  1188AB         4    Tok2024a    334.6   0.148    336.1   0.151    337.6   0.153    339.0   0.155    340.4   0.157                    
09439-5738 HDS1404Aa,Ab      3    Tok2021f    310.9   0.141    315.9   0.157    320.1   0.169    323.7   0.179    327.0   0.187                    
09442-2746 FIN 326           1    Msn2023     263.1   0.074    244.2   0.086    230.2   0.100    219.7   0.114    211.4   0.126                    
09446+6459 CHR 176           2    Mit2020      27.3   0.114     31.1   0.112     35.4   0.104     40.6   0.091     47.7   0.076                    
09455-2824 B   188           4    Tok2023a    357.8   0.397    358.2   0.403    358.7   0.410    359.1   0.416    359.5   0.423                    
09457-3902 HDS1409           4    Tok2018e     29.9   0.517     26.3   0.469     21.7   0.405     15.1   0.323      3.0   0.222                    
09466-4955 HDS1414           4    Tok2018b    294.4   0.120    296.3   0.131    298.0   0.141    299.5   0.149    300.8   0.156                    
09466-4955 HDS1414           5    Tok2021f    305.7   0.087    309.4   0.091    312.8   0.094    316.0   0.097    319.1   0.099                    
09468+7603 Ross 434          7    Ald1951        .     .          .     .          .     .          .     .          .     .      incomplete elements
09468-3920 I  1519AB         4    Tok2024b    357.2   0.256    357.4   0.260    357.6   0.264    357.7   0.267    357.9   0.270                    
09474+1134 MCA  34AB         2    USN2021a     23.0   0.141     26.3   0.141     29.8   0.131     34.3   0.112     41.1   0.085                    
09477+2036 COU 284           4    Tok2024c    327.8   0.100    325.5   0.102    323.3   0.105    321.1   0.107    319.1   0.110                    
09487-2625 I   205AB         5    Izm2019     274.4   1.781    273.4   1.774    272.5   1.765    271.5   1.756    270.5   1.746                    
09488-5237 B  1663           4    Tok2018b    324.7   1.316    324.2   1.333    323.7   1.349    323.2   1.364    322.7   1.380                    
09494+1832 HDS1419           3    Tok2024c    195.5   0.101    197.9   0.116    199.7   0.129    201.3   0.140    202.6   0.150                    
09495-1033 A  1344           4    Tok2015c    269.6   0.251    268.9   0.252    268.1   0.254    267.4   0.256    266.7   0.257                    
09498+2111 KUI  44           3    Tam2006b    223.9   0.230    223.6   0.237    223.2   0.243    222.9   0.249    222.6   0.255                    
09505+0421 RAO  90Ba,Bb      5    Tok2022g    261.1   0.045     82.0   0.094     82.2   0.135     82.3   0.154     82.4   0.162                    
09510-8004 HDS1421           4    Tok2021c      5.0   0.134      9.2   0.139     13.1   0.145     16.7   0.150     20.1   0.156                    
09512+3629 HO  369AB         3    Alz2020c    108.6   0.278    108.9   0.269    109.3   0.259    109.7   0.248    110.1   0.237                    
09512+3629 HO  369AB         4    Alz2020c    108.7   0.297    109.0   0.293    109.3   0.288    109.6   0.284    109.9   0.279                    
09513+6037 STF1381           5    Izm2019     182.5   0.767    182.2   0.762    181.8   0.756    181.4   0.751    181.0   0.746                    
09513-4612 GC 13574          9    HIP1997d    183.0   0.0155     6.2   0.0148    79.9   0.0151   155.7   0.0170   300.4   0.0077  astrometric orbit
09521+5404 STT 208           2    USN2021b    320.9   0.456    322.4   0.460    323.9   0.464    325.4   0.467    326.9   0.469                    
09522+0807 A  2762           4    Tok2019c    228.7   0.351    226.1   0.347    223.5   0.343    220.8   0.340    218.0   0.337                    
09524+2659 STF1389           4    Lin2016a    288.7   2.525    288.5   2.527    288.4   2.529    288.2   2.531    288.1   2.533                    
09525-0806 AC    5AB         2    Tok2024c     25.8   0.360     22.8   0.336     19.4   0.310     15.3   0.282     10.2   0.251                    
09527-7933 KOH  86           4    Tok2018f    270.7   0.327    269.5   0.330    268.3   0.333    267.2   0.337    266.0   0.340                    
09527-7933 KOH  86Aa,Abc     9    Tok2018f     27.3   0.0032   119.5   0.0038   149.8   0.0063   168.3   0.0060   207.3   0.0032  astrometric orbit
09535+1657 CHR 219           3    Tok2019c    338.6   0.060    299.0   0.072    277.4   0.104    266.4   0.140    259.9   0.175                    
09544+3041 COU1258           4    Hor2020     233.7   0.201    234.0   0.199    234.3   0.197    234.6   0.194    234.9   0.191                    
09551+6854 STF1386AB         5    Izm2019     111.2   2.103    111.2   2.102    111.2   2.101    111.2   2.100    111.2   2.099                    
09551-2632 I   843AB         5    USN2017b    108.6   0.773    106.8   0.764    105.0   0.755    103.2   0.746    101.3   0.737                    
09567-5505 FIN 150           4    Tok2024a     65.3   0.112     66.0   0.111     66.7   0.109     67.5   0.106     68.3   0.104                    
09572+4554 STF1394           5    Kiy2020     250.2   4.517    250.2   4.519    250.3   4.522    250.4   4.525    250.4   4.527                    
09581+3856 COU2086AB         4    BAE2021     241.7   0.171    242.3   0.179    243.0   0.188    243.5   0.196    244.0   0.203                    
09586-2420 TOK 437           3    Tok2024c    112.4   0.060    110.9   0.043    104.9   0.014    298.3   0.019    294.2   0.047                    
09591+5316 A  1346           4    Hrt2009     177.5   0.670    177.3   0.677    177.1   0.684    176.9   0.691    176.7   0.698                    
10000+2433 CHR 145           3    Doc2022d    112.7   0.082     97.1   0.083     82.9   0.090     71.3   0.101     62.2   0.115                    
10017+1725 RUC   7           9    Bks2005     334.6   0.0128   225.9   0.0062   188.7   0.0200   182.3   0.0337   179.5   0.0446  astrometric orbit
10017+1725 RUC   7           7    Pbl2006        .     .          .     .          .     .          .     .          .     .      incomplete elements
10020-3341 CD-33 6602        9    Pbx2000a    222.6   0.0010   132.6   0.0024   351.0   0.0032   213.0   0.0011   130.7   0.0023  astrometric orbit
10038-0823 HDS1454           4    Tok2020e     16.8   0.133     14.9   0.136     13.1   0.138     11.3   0.140      9.6   0.140                    
10041+1848 TOK 889           4    Tok2021f    322.6   0.144    309.3   0.118    284.1   0.076    199.7   0.042     26.3   0.054                    
10043-2823 I   292           3    Tok2023b    296.5   0.846    296.0   0.854    295.5   0.862    295.0   0.870    294.5   0.877                    
10043-2823 I   292Ba,Bb      9    Tok2023b     92.8   0.0061    16.8   0.0079   275.8   0.0047   153.9   0.0062    55.2   0.0071  astrometric orbit
10050-5119 HU 1594           3    Tok2015c     72.1   0.108     78.1   0.110     84.0   0.109     90.2   0.105     97.1   0.098                    
10056-8405 TOK 396Aa,Ab      4    Tok2023a    189.4   0.161    192.4   0.150    196.0   0.131    201.1   0.107    209.4   0.080                    
10059+3412 COU1569           5    Doc2006i    347.3   0.102    352.2   0.106    356.7   0.111      0.8   0.117      4.5   0.123                    
10062-4722 I   173           3    Izm2019      12.2   0.980     12.5   0.979     12.9   0.979     13.3   0.978     13.6   0.977                    
10067+1754 MAB   2Aa,Ab      7    MaB2016        .     .          .     .          .     .          .     .          .     .      incomplete elements
10067+1754 BAG  23Aa,Ac      7    MaB2016        .     .          .     .          .     .          .     .          .     .      incomplete elements
10067+1754 HDS1457AB         5    Tok2019c     41.1   0.472     39.4   0.476     37.8   0.480     36.2   0.484     34.6   0.489                    
10070-7129 CD-70  667        9    Gln2006     325.0   0.0049   206.3   0.0023   157.8   0.0085   318.7   0.0054   183.5   0.0035  astrometric orbit
10070-7129 CD-70  667        9    Gln2006     140.7   0.0067   324.6   0.0029    21.6   0.0008   143.2   0.0090   329.2   0.0069  astrometric orbit
10074-1943 BU  218           5    Izm2019     151.4   0.373    152.0   0.369    152.5   0.365    153.1   0.361    153.7   0.357                    
10079+6650 BD+67  635        9    Gln2007     347.7   0.017    310.2   0.021    272.4   0.013     55.7   0.016    359.3   0.017   astrometric orbit
10083+3136 KUI  48AB         2    Tok2021c    351.9   0.088      1.8   0.046    131.5   0.020    159.8   0.076    164.3   0.125                    
10087-2538 B   193           5    Tok2023a    263.0   0.432    262.7   0.438    262.4   0.445    262.1   0.452    261.8   0.458                    
10089-2945 HDS1462           4    Tok2023a    254.3   0.0037    67.1   0.0336    67.5   0.0672    67.6   0.0972    67.7   0.1242                   
10093+2020 A  2145           2    GmJ2022     219.3   0.238    218.4   0.239    217.6   0.239    216.7   0.240    215.9   0.240                    
10106-1221 lam Hya           9    HIP1997d    294.2   0.0048    64.4   0.0146   105.0   0.0044   247.8   0.0170   265.8   0.0106  astrometric orbit
10110+7508 KUI  47           5    Izm2019     124.7   2.083    125.0   2.096    125.2   2.108    125.5   2.121    125.7   2.133                    
10112-3245 HDS1469           3    Tok2023a    102.8   0.134     97.9   0.157     94.2   0.177     91.2   0.196     88.8   0.213                    
10116+1321 HU  874           2    Tok2020e    280.3   0.117    281.7   0.145    282.6   0.168    283.3   0.187    284.0   0.202                    
10120-0612 HO   44           4    Zir2008     201.8   0.704    201.8   0.706    201.7   0.709    201.6   0.711    201.5   0.714                    
10120-2836 B   194           3    Tok2015c     26.4   0.260     26.9   0.262     27.4   0.263     27.9   0.264     28.4   0.265                    
10121-0241 DEL   3           2    MnA2019      66.5   0.170     61.7   0.154     50.4   0.079    308.0   0.031    262.3   0.108                    
10121+2118 A  2146           4    Hei2001     252.2   0.216    255.4   0.217    258.6   0.218    261.7   0.219    264.9   0.220                    
10131+2725 STT 213AB         3    Lin2022b    119.5   1.158    119.3   1.162    119.1   1.165    118.9   1.169    118.8   1.172                    
10140+2227 COU 169Aa,Ab      4    Ksr2021     313.4   0.499    311.7   0.495    310.0   0.490    308.3   0.485    306.5   0.481                    
10142-7636 KOH  88           3    Tok2023a    268.0   0.278    266.4   0.271    264.7   0.262    262.9   0.252    260.9   0.241                    
10146+5346 LX UMa            9    Gln2007      33.0   0.0154   181.5   0.0261   195.6   0.0355   298.9   0.0057    18.9   0.0251  astrometric orbit
10161-5954 HU 1597           2    Msn2009     209.5   0.315    213.1   0.322    216.5   0.328    219.8   0.335    223.0   0.343                    
10161-2837 TOK 199           2    Tok2020g     65.8   0.021    258.6   0.047    127.0   0.031    285.2   0.040    220.0   0.028                    
10163+1744 STT 215           4    Lin2022b    175.1   1.523    175.0   1.526    174.8   1.530    174.6   1.533    174.5   1.536                    
10163-2859 I   851           3    Hrt2010a    229.3   0.363    228.8   0.361    228.3   0.358    227.8   0.355    227.3   0.352                    
10169+2229 A  2148           4    Tok2024b    173.3   0.271    173.2   0.280    173.1   0.289    173.0   0.297    173.0   0.306                    
10171+1309 BOY   4Aa,Ab      3    Dup2017     209.9   0.116    225.1   0.127    238.2   0.135    250.1   0.139    261.8   0.138                    
10174-5354 CVN  16Aa,Ab      2    Mdz2021      70.8   0.106    127.3   0.098    205.9   0.080    292.6   0.091    357.0   0.101                    
10177-3452 I  1198           5    VSP2022b    306.0   1.039    306.1   1.037    306.1   1.036    306.2   1.035    306.3   1.033                    
10183-0326 RST4454AB         4    Hrt2011d    224.5   0.246    224.6   0.242    224.8   0.237    224.9   0.231    225.1   0.226                    
10192+2034 STF1423           3    WSI2004a    284.8   0.568    281.6   0.564    278.4   0.559    275.1   0.555    271.8   0.550                    
10193-1232 RST3688           4    Tok2020e    145.8   0.513    146.2   0.517    146.7   0.521    147.2   0.523    147.6   0.525                    
10200+1950 BAG  32Ca,Cb      9    Reu1943     125.3   0.080    124.9   0.075    124.4   0.067    123.7   0.057    122.8   0.046   astrometric orbit
10198-7133 CP-70 1038        9    Gln2007      69.1   0.011    269.8   0.015    341.7   0.015     66.9   0.012    268.5   0.015   astrometric orbit
10200+1950 STF1424AB         4    PkO2014c    127.0   4.744    127.1   4.747    127.2   4.750    127.2   4.753    127.3   4.755                    
10200+1950 STF1424AB         4    PkO2014c    127.9   4.765    128.0   4.768    128.1   4.771    128.1   4.773    128.2   4.776                    
10205+0626 STF1426AB         4    Tok2024b    315.1   0.911    315.4   0.909    315.7   0.908    316.0   0.906    316.2   0.904                    
10212-0304 BUG  10           5    Dup2017      75.4   0.233     71.5   0.238     67.8   0.243     64.2   0.248     60.7   0.252                    
10212+2642 HDS1488           4    Tok2024b    208.3   0.153    205.5   0.160    202.9   0.167    200.5   0.174    198.3   0.181                    
10214-2616 HDS1491           3    Msn2023     230.4   0.095    208.4   0.094    186.1   0.095    164.8   0.098    145.5   0.105                    
10217-0946 BU   25           4    Tok2020i    125.1   1.507    124.6   1.502    124.1   1.497    123.6   1.492    123.1   1.487                    
10217-0946 BU   25           4    GmJ2022     125.7   1.519    125.2   1.516    124.7   1.513    124.2   1.510    123.7   1.507                    
10223-1032 BD-09 3055        9    Trr2006a    353.6   0.0408   308.1   0.0061     0.0   0.0316   351.6   0.0361   203.5   0.0085  astrometric orbit
10223+4130 mu UMa            9    Ren2013     333.5   0.0029   193.0   0.0026    32.8   0.0028   256.6   0.0029    96.7   0.0027  astrometric orbit
10224-2933 GC 14246          9    Pbx2000a    344.7   0.0171   157.5   0.0126   339.0   0.0149   140.6   0.0067   328.1   0.0087  astrometric orbit
10227-2350 B   197           4    Tok2024a    136.3   0.280    137.2   0.284    138.0   0.288    138.8   0.291    139.6   0.295                    
10227+1521 STT 216           3    Sca2009c    226.3   2.363    225.8   2.375    225.3   2.387    224.9   2.398    224.4   2.409                    
10241+6534 CIA  31           1    CIA2022e    244.3   0.0011   106.0   0.0018   201.9   0.0013    83.4   0.0015   174.4   0.0017                   
10246-1906 HS Hya            9    Ren2013      29.4   0.0023   359.8   0.0022   322.6   0.0018   265.4   0.0016   215.0   0.0020  astrometric orbit
10250+2437 STF1429           4    Zul1981     151.0   0.820    150.5   0.827    150.0   0.833    149.5   0.840    149.0   0.847                    
10255-6504 HDS1499           3    Tok2024c     50.4   0.072     59.8   0.086     66.8   0.098     72.3   0.108     77.0   0.116                    
10260+0256 A  2570           4    Tok2019c    113.6   0.048    101.4   0.048     89.0   0.047     76.0   0.046     62.8   0.047                    
10264+2545 HDS1500           4    Tok2019c    317.3   0.215    319.0   0.220    320.6   0.224    322.2   0.227    323.7   0.230                    
10268-6254 HDS1501Ba,Bb      4    Tok2024b    112.0   0.073    136.7   0.165    145.2   0.214    151.6   0.221    158.6   0.197                    
10269+1713 STT 217           3    Sca2015b    149.6   0.814    149.7   0.816    149.8   0.818    149.9   0.819    150.0   0.820                    
10269+1931 COU 292           2    Doc2013e      3.3   0.158    354.6   0.141    343.7   0.124    329.2   0.107    309.5   0.092                    
10270+2638 BD+27 1893        9    Ren2013     110.7   0.022     78.7   0.010    137.5   0.017    115.1   0.022     91.9   0.015   astrometric orbit
10275+0334 STT 218           3    Tok2023a    197.1   0.332    199.9   0.328    202.8   0.323    205.8   0.318    208.9   0.312                    
10279+3642 HU  879           2    WaX2020     231.5   0.369    232.7   0.335    234.2   0.299    236.1   0.261    238.7   0.220                    
10281+4847 KUI  50           5    Izm2019      17.6   4.646     17.4   4.674     17.2   4.699     17.0   4.719     16.8   4.736                    
10282-2548 FIN 308AB         2    Msn2023     208.2   0.142    213.1   0.148    217.7   0.153    222.0   0.157    226.1   0.160                    
10283-2416 TOK 537Aa,Ab      4    Tok2023a    306.4   0.217    315.1   0.281    320.7   0.336    324.9   0.382    328.2   0.422                    
10287+4558 A  1993           4    Lin2022b    238.2   0.355    240.1   0.363    241.9   0.372    243.6   0.381    245.3   0.390                    
10292+1009 STT 220           5    USN2002     134.5   0.408    136.0   0.407    137.5   0.405    138.9   0.404    140.4   0.403                    
10294+1211 HDS1507           3    Tok2017b    104.8   0.089    134.5   0.071    182.5   0.057    238.7   0.062    278.2   0.077                    
10297+8415 GC 14305          9    HIP1997d    316.6   0.017    130.7   0.010    334.9   0.018    181.3   0.011    352.7   0.017   astrometric orbit
10301+2048 STF1439           4    Izm2019      67.1   1.323     66.6   1.322     66.1   1.321     65.7   1.320     65.2   1.319                    
10320+0831 YSC  39           4    Hor2021b     12.9   0.764     10.4   0.757      7.8   0.751      5.3   0.745      2.6   0.739                    
10345-3721 RST3706           3    Tok2020e     54.2   0.079     50.0   0.091     46.6   0.100     43.8   0.107     41.3   0.112                    
10356-4715 GKM9248Aa,Ab      4    Tok2024c     91.6   0.0278   158.5   0.0063    64.6   0.0096    91.6   0.0279   157.3   0.0063                   
10361-2641 BU  411           2    Izm2019     301.2   1.313    300.8   1.309    300.4   1.305    299.9   1.301    299.5   1.296                    
10367+1522 DAE   3BC         2    Jnn2022     345.3   0.172     14.6   0.152     54.7   0.126    118.5   0.096    206.8   0.103                    
10367+1522 DAE   3A,BC       5    Jnn2017b    257.3   0.873    261.2   0.889    265.0   0.908    268.6   0.930    272.0   0.954                    
10370-0850 TOK  44Aa,Ab      2    Izm2019     215.1   0.143    240.0   0.135    285.5   0.082      9.2   0.096     44.0   0.146                    
10370-0850 A   556AB         4    Tok2015b    223.3   1.001    225.0   1.005    226.7   1.008    228.4   1.010    230.2   1.012                    
10373-4814 SEE 119           1    Tok2020e    301.8   0.350    292.7   0.378    284.7   0.402    277.7   0.423    271.2   0.439                    
10375-0932 RST3708           4    Tok2023a      6.5   0.562      7.3   0.566      8.0   0.570      8.8   0.573      9.6   0.576                    
10379+3405 36 LMi            9    WaX2015b    175.5   0.0093   152.9   0.0099   112.4   0.0058    18.8   0.0052   178.6   0.0087  astrometric orbit
10382+2636 STF1454           5    Izm2019       8.7   1.070     10.0   1.052     11.3   1.033     12.7   1.015     14.1   0.996                    
10386-1653 phi 3 Hya         9    Jnc2005     318.3   0.0080   205.1   0.0056   125.8   0.0067   336.8   0.0076   247.6   0.0052  astrometric orbit
10387+0544 STF1457           4    RAO2015     334.5   1.844    334.6   1.844    334.8   1.844    334.9   1.844    335.0   1.843                    
10388-4245 FIN 338           3    Tok2019c    209.0   0.061    205.1   0.049    198.5   0.037    185.1   0.024    151.1   0.015                    
10397+0851 STT 224AB         3    Hrt2010a    119.9   0.450    118.3   0.445    116.6   0.440    114.8   0.435    113.0   0.431                    
10397-3755 HDS1523           3    Tok2020e    187.1   0.880    183.6   0.958    180.5   1.026    177.9   1.087    175.4   1.140                    
10406-5342 FIN  40           5    Tok2024c    283.9   0.353    284.8   0.355    285.8   0.357    286.7   0.359    287.6   0.361                    
10407-0211 A  1351           4    Tok2023e     44.3   0.450     43.9   0.454     43.4   0.457     43.0   0.461     42.6   0.464                    
10408-4802 CD-47 6099        9    Pbx2000a    247.3   0.0009    43.9   0.0017   214.2   0.0020    23.3   0.0016   166.3   0.0006  astrometric orbit
10412-3654 HDS1528           3    Tok2021c    356.4   0.760    348.5   0.758    340.6   0.754    332.6   0.750    324.4   0.744                    
10419-7811 HDS1530           3    Tok2019c     67.2   0.317     70.6   0.328     73.8   0.337     76.9   0.345     79.8   0.352                    
10423-3612 JSP 418           4    Zir2010b    144.5   0.628    144.8   0.636    145.0   0.645    145.2   0.654    145.5   0.662                    
10426+0335 A  2768           3    Tok2015c    232.4   0.603    231.2   0.598    229.9   0.591    228.6   0.584    227.2   0.577                    
10430-6424 the Car           9    HIP1997d    269.7   0.0032    68.7   0.0031   227.2   0.0031    26.2   0.0032   186.5   0.0033  astrometric orbit
10430-0913 WSI 112           3    Msn2023     107.4   0.558    100.2   0.500     90.6   0.413     74.5   0.297     36.0   0.183                    
10440-5933 NEL   1Aa,Ab      5    MzA2017     202.4   0.036    201.8   0.039    201.3   0.042    200.9   0.045    200.5   0.048                    
10444-6000 SNA  15Aa,Ac      5    Boz2022     152.0   0.012    151.3   0.014    150.7   0.016    150.2   0.017    149.8   0.019                    
10446+0530 A  2771           4    Tok2014a    108.1   0.637    107.5   0.650    106.9   0.664    106.4   0.677    105.8   0.690                    
10448-5934 SNA  18           4    LeB2017     199.2   0.0010   140.4   0.0011    98.8   0.0013    68.6   0.0015    41.9   0.0015                   
10454+3831 HO  532AC         4    Mnt2000a     19.0   0.537     16.8   0.541     14.6   0.546     12.5   0.552     10.4   0.559                    
10455-2502 I   502AB         5    Tok2019c    145.2   0.128    140.0   0.136    135.4   0.144    131.2   0.152    127.5   0.160                    
10465-6416 FIN 364AB         2    Tok2015c    336.7   0.066    322.9   0.080    311.7   0.081    298.6   0.069    276.0   0.048                    
10468-4925 R   155           4    Izm2019      59.1   2.322     59.4   2.321     59.6   2.320     59.9   2.318     60.1   2.316                    
10472+4027 CLO   5Aa,Ab      3    Dup2017     228.3   0.027    293.4   0.088    311.1   0.113    324.3   0.119    337.9   0.110                    
10473+2235 STT 228           4    PkO2018b    168.0   0.630    167.9   0.628    167.7   0.627    167.6   0.625    167.5   0.624                    
10474+0236 HDS1542AB         5    Hor2020     265.3   0.523    266.7   0.517    268.0   0.510    269.4   0.504    270.8   0.497                    
10476-1538 TOK 714Aa,Ab      3    Tok2024b    298.9   0.0588   284.2   0.0538   187.4   0.0099    74.3   0.0309     2.5   0.0265                   
10479-6416 HDS1544           4    Tok2019c    137.0   0.193    133.6   0.203    130.5   0.212    127.7   0.221    125.0   0.229                    
10480+4107 STT 229           3    Alz2020c    249.7   0.602    248.8   0.596    247.8   0.590    246.8   0.585    245.8   0.579                    
10490-7449 HEI 498           3    Tok2021c    110.7   0.105    106.9   0.104    103.0   0.101     98.8   0.098     94.3   0.094                    
10493-5319 LUH  16           4    Bdi2024      20.7   0.369     70.7   0.425     96.0   0.663    107.1   0.940    113.2   1.211                    
10510+1603 A  2372           4    Tok2025b     89.4   0.457     88.9   0.462     88.5   0.466     88.0   0.470     87.6   0.473                    
10520+1606 A  2373           3    USN2007a    209.4   0.223    208.5   0.224    207.6   0.225    206.8   0.225    205.9   0.226                    
10522+4423 DUP   2           2    Dup2017     135.3   0.077    156.7   0.056    213.8   0.033    281.5   0.050    311.1   0.060                    
10527+0029 TOK 893BC         5    Tok2024c     30.8   0.220     23.0   0.227     15.6   0.231      8.3   0.230      0.8   0.224                    
10529-1717 HDS1556           2    Tok2017b    280.1   0.174    276.6   0.142    270.9   0.104    257.7   0.063    209.8   0.032                    
10530+0458 TOK 438           3    Tok2021f    194.0   0.091    193.1   0.085    191.8   0.063    185.0   0.013    196.7   0.056                    
10534+0944 G 44-45           9    Jnc2005     246.7   0.025    181.7   0.028    116.9   0.028     60.6   0.031    358.4   0.024   astrometric orbit
10534-0215 GC 14969          9    Jnc2005     230.7   0.0065   151.3   0.0090    88.8   0.0062   251.4   0.0064   162.5   0.0085  astrometric orbit
10535+6333 BD+64  814        9    Gln2007     278.1   0.0086    47.6   0.0061   274.9   0.0087    41.4   0.0064   271.8   0.0088  astrometric orbit
10544+3840 COU1746           4    Lin2018a    348.2   0.204    352.4   0.182    357.9   0.157      5.5   0.130     17.5   0.100                    
10551+4714 G 146-72          9    Beh1976     311.5   0.026     23.1   0.015     92.5   0.023    152.8   0.015    246.0   0.023   astrometric orbit
10551+4714 G 146-72          9    USN1988a       .     .          .     .          .     .          .     .          .     .      incomplete elements
10553-3530 I  1206AB         5    Tok2021f     74.3   0.168     73.3   0.170     72.2   0.172     71.2   0.174     70.2   0.176                    
10557+0044 BU 1076           3    Tok2015c     46.9   1.043     46.3   1.031     45.8   1.019     45.2   1.006     44.6   0.992                    
10571-6840 RMU   1AB         5    Bwl2020      90.9   0.702     90.1   0.700     89.2   0.699     88.4   0.697     87.5   0.695                    
10585+1711 A  2375           3    Doc2009g    161.7   0.518    160.9   0.520    160.1   0.522    159.2   0.524    158.4   0.526                    
10592-8133 I   212           4    Tok2014a     30.5   0.411     32.2   0.415     33.9   0.419     35.6   0.422     37.2   0.425                    
10595-4130 RST2720           3    Tok2023a     45.8   0.212     47.1   0.213     48.4   0.213     49.7   0.214     51.1   0.214                    
10595-4130 RST2720           4    Msn2023      46.1   0.213     47.4   0.215     48.7   0.216     50.0   0.218     51.3   0.220                    
10596+1800 HDS1568           4    Tok2019d     89.9   0.223     83.3   0.188     72.2   0.134     43.5   0.075    332.5   0.068                    
10596+1800 HDS1568           2    Tok2021f    266.4   0.170    255.5   0.132    228.5   0.066    311.8   0.090    295.0   0.155                    
10596+2527 AG  342           5    Izm2019     118.3   5.234    118.7   5.233    119.0   5.232    119.3   5.231    119.7   5.229                    
11000+4136 BD+42 2173        9    Pbx2000a     43.8   0.0030    67.6   0.0047    82.9   0.0046   110.0   0.0027   198.2   0.0021  astrometric orbit
11000-0328 STF1500           4    Izm2019     298.1   1.279    297.9   1.272    297.8   1.265    297.6   1.258    297.4   1.251                    
11000-3507 TOK 788BC         4    Tok2024b     77.6   0.152     49.5   0.113    355.1   0.085    296.4   0.102    255.6   0.113                    
11005-5022 B  1695           5    Tok2023a     18.6   0.428     19.1   0.429     19.6   0.429     20.1   0.429     20.6   0.429                    
11009-4030 FIN 365           2    Tok2021f    114.9   0.140    111.3   0.156    108.1   0.160    104.9   0.154    101.2   0.139                    
11014-1204 HDS1572           3    Tok2019c    147.7   0.228    146.7   0.231    145.7   0.227    144.5   0.215    143.2   0.191                    
11017+3641 HDS1574Aa,Ab      4    Tok2019e     10.9   0.283      9.5   0.300      8.3   0.315      7.2   0.329      6.1   0.341                    
11017+3641 COU1422Ba,Bb      5    Tok2019e     57.2   0.709     58.2   0.714     59.1   0.718     60.0   0.722     60.9   0.726                    
11033+3558 Lal 21185         9    Lip1960     256.3   0.0344   264.4   0.0302   309.5   0.0061    78.5   0.0251    90.0   0.0277  astrometric orbit
11035+5432 A  1590           4    Izm2019     325.3   1.447    324.9   1.442    324.4   1.437    324.0   1.431    323.6   1.426                    
11037+6145 BU 1077AB         2    JAA2023     312.9   0.836    309.3   0.832    305.7   0.825    301.9   0.816    298.1   0.805                    
11043-3643 HDS1579           4    Tok2024b     54.3   0.230     51.4   0.236     48.7   0.241     46.1   0.246     43.6   0.250                    
11047-0413 A   676BC         2    Doc2001e    276.9   0.275    289.7   0.235    307.8   0.198    332.2   0.176    358.9   0.182                    
11049-3548 HDS1582           3    Tok2023a    238.5   0.072    237.4   0.086    236.6   0.097    235.9   0.106    235.3   0.112                    
11050+3825 HO  378AB         4    Izm2019     237.1   1.086    237.1   1.088    237.2   1.091    237.2   1.093    237.3   1.095                    
11053-2718 FIN  47AB         2    USN2021a     47.1   0.164     45.0   0.178     42.5   0.139     31.7   0.040    227.3   0.079                    
11056-1105 TOK 221           7    Gon2000        .     .          .     .          .     .          .     .          .     .      incomplete elements
11056+5448 A  1591           4    Hei1976      87.8   0.243     86.1   0.247     84.4   0.252     82.8   0.256     81.3   0.260                    
11064-3545 DAW 132AB         4    Tok2024b    128.8   1.982    128.7   2.004    128.5   2.025    128.4   2.045    128.2   2.065                    
11068-7050 B  2006           3    Doc2022d    328.6   0.239    329.8   0.246    330.9   0.254    331.9   0.261    332.9   0.268                    
11068-7050 B  2006           3    Doc2022d    332.5   0.188    334.9   0.179    337.6   0.166    341.0   0.146    345.5   0.120                    
11080+5249 STF1510           5    Izm2019     327.5   5.595    327.5   5.603    327.4   5.610    327.4   5.617    327.3   5.625                    
11082-5224 CD-51 5355        9    Gln2007      73.7   0.0080     4.4   0.0101   317.0   0.0106   123.2   0.0056    30.7   0.0091  astrometric orbit
11095-5609 HU 1481           4    Tok2022g    206.8   0.087    213.9   0.083    221.7   0.080    229.8   0.079    238.1   0.078                    
11100-1017 TOK 894Aa,Ab      4    Tok2022g     75.9   0.034    216.6   0.045    319.6   0.022     56.2   0.044    198.3   0.036                    
11100-7635 GVT   4           3    Gvt2021     247.6   0.0057   131.0   0.0023   357.0   0.0053   306.6   0.0060   262.5   0.0060                   
11101-3822 B   795           4    Tok2018b      8.1   0.854      8.2   0.859      8.2   0.864      8.3   0.868      8.4   0.872                    
11102-1122 HDS1590           3    Tok2016e     21.2   0.168     16.0   0.164     10.4   0.158      4.4   0.151    357.8   0.144                    
11105-3732 REP  21           5    Kll2017     202.2   1.607    201.7   1.613    201.2   1.619    200.8   1.625    200.3   1.631                    
11105-3732 REP  21           5    Kll2017     202.2   1.608    201.7   1.614    201.2   1.620    200.7   1.627    200.3   1.633                    
11105-3732 REP  21           5    Kll2017     202.2   1.609    201.7   1.615    201.2   1.621    200.8   1.628    200.3   1.634                    
11105-3732 REP  21           5    Kll2017     202.2   1.607    201.7   1.613    201.2   1.619    200.8   1.625    200.3   1.631                    
11105-3732 REP  21           5    Kll2017     202.2   1.606    201.7   1.612    201.2   1.618    200.8   1.624    200.3   1.630                    
11105-3732 REP  21           5    Kll2017     202.1   1.606    201.7   1.612    201.2   1.618    200.7   1.624    200.2   1.630                    
11107+3110 HJ 2562           5    Izm2019     219.6   1.109    218.7   1.114    217.8   1.118    216.9   1.122    216.0   1.127                    
11114+4150 HDS1593           3    Hor2021b    292.9   0.157    300.7   0.178    306.8   0.197    312.0   0.214    316.4   0.228                    
11116-1459 BEU  15           2    MnA2019      89.8   0.219     93.0   0.092    268.2   0.096    284.3   0.030     84.0   0.109                    
11122-4616 HDS1596           4    Tok2024a    299.3   0.121    312.9   0.108    330.1   0.097    350.0   0.093      9.8   0.098                    
11125+3549 BOY   5Ea,Eb      3    Dup2017     266.1   0.090    246.4   0.049    165.7   0.031    120.7   0.067    108.5   0.102                    
11125-1830 BU  220           4    Tok2015c    305.0   0.197    303.8   0.190    302.5   0.183    301.0   0.177    299.5   0.170                    
11126-4906 HR 4350           9    Gln2006      85.5   0.0072    48.0   0.0102    67.5   0.0157   281.0   0.0031    54.1   0.0122  astrometric orbit
11126-4906 HR 4350           9    Gln2006      50.5   0.0170    67.6   0.0129    34.7   0.0111    55.5   0.0178   266.7   0.0025  astrometric orbit
11128-7402 B  2009           4    Tok2023a    205.1   0.253    202.9   0.255    200.7   0.256    198.5   0.257    196.3   0.258                    
11128+0453 J  1011           5    Izm2019      41.7   4.255     41.6   4.271     41.4   4.287     41.2   4.302     41.1   4.318                    
11136+5525 A  1353           3    Doc2015f    204.1   0.534    203.5   0.530    203.0   0.525    202.4   0.521    201.9   0.516                    
11136-4749 HDS1602           4    Tok2024c    271.8   0.039    302.2   0.031    336.9   0.035    359.1   0.047     11.0   0.063                    
11137+2008 STF1517AB         4    FMR2015b    314.2   0.780    314.0   0.789    313.8   0.797    313.7   0.806    313.5   0.814                    
11141-1526 BU  916           4    Zir2010     209.5   0.298    211.3   0.301    213.0   0.305    214.6   0.308    216.3   0.312                    
11151+3735 CHR 192Aa,Ab      5    Tok2019e    234.6   0.092    231.1   0.087    227.1   0.082    222.5   0.077    217.4   0.073                    
11151-3929 SEE 128           3    Tok2019c     32.1   0.157     33.8   0.156     35.4   0.156     37.1   0.155     38.8   0.155                    
11152+7329 STT 539AC         5    Izm2019     329.0   6.389    329.3   6.385    329.5   6.382    329.8   6.378    330.1   6.375                    
11154-5249 SAO 238908        9    HIP1997d    258.2   0.0097     0.6   0.0137   271.4   0.0103     8.0   0.0129   283.1   0.0109  astrometric orbit
11158+4227 COU1904           4    BAE2021     219.5   0.339    220.2   0.334    220.9   0.328    221.7   0.322    222.5   0.316                    
11159+1318 MCA  35           1    NOI2025b     60.5   0.039     80.8   0.054     93.5   0.062    105.3   0.059    122.3   0.042                    
11159+0205 NLTT 26792        9    Ren2013      44.3   0.0030   234.0   0.0028    97.1   0.0024   290.5   0.0024   146.8   0.0031  astrometric orbit
11162+3136 A  2157           5    Pop1996b    226.1   1.058    225.1   1.057    224.2   1.056    223.3   1.056    222.4   1.055                    
11165-4553 HJ 4423           5    Kiy2017     275.7   2.646    275.7   2.649    275.7   2.653    275.8   2.656    275.8   2.659                    
11170-5537 FIN 181           4    Tok2022g    116.2   0.380    115.2   0.381    114.3   0.382    113.3   0.383    112.3   0.384                    
11182+3132 STF1523A          9    Hei1996b    137.8   0.055    139.2   0.054    136.8   0.023    138.8   0.067    318.1   0.022   astrometric orbit
11182+3132 STF1523AB         1    Izm2019     136.3   2.591    133.6   2.668    131.1   2.741    128.7   2.807    126.4   2.867                    
11190+1416 STF1527           3    Tok2012b    320.9   0.686    323.5   0.735    325.7   0.784    327.6   0.832    329.4   0.880                    
11191-3100 I   506           5    USN2002     185.0   0.842    185.8   0.846    186.6   0.850    187.4   0.855    188.2   0.859                    
11191+3811 CHR 133AB         2    Liu1997     308.8   0.098    339.9   0.070     84.1   0.052    133.8   0.081    237.7   0.037                    
11192-1950 TOK 383Aa,Ab      3    Msn2023      39.3   0.047     25.8   0.053     14.5   0.056      3.8   0.056    352.3   0.052                    
11210-5429 I   879           3    Tok2012b    122.4   0.397    123.8   0.404    125.2   0.409    126.6   0.413    128.0   0.416                    
11214-2027 STN  22           5    Izm2019       0.8   3.595      1.5   3.569      2.2   3.543      3.0   3.518      3.7   3.492                    
11218-1313 FME   1           2    Dup2017      76.0   0.258     87.2   0.271     98.0   0.270    109.4   0.257    122.5   0.236                    
11218+1811 STF1534           5    Izm2019     313.0   5.073    312.9   5.071    312.8   5.069    312.7   5.067    312.5   5.065                    
11221-2447 I   507AB         4    Tok2018e     11.5   0.170     14.6   0.121     21.8   0.074     52.0   0.030    147.0   0.037                    
11221-2447 I   507AB         4    VI_2021b     10.1   0.201     11.9   0.156     15.1   0.112     22.5   0.067     53.9   0.028                    
11221-2447 GRE   3Aa,Ab      5    VI_2021b    182.3   0.015    110.1   0.021     14.7   0.015    149.2   0.022     81.7   0.019                    
11221-2447 BOD   1Ba,Bb      2    VI_2021b    150.3   0.0045   221.7   0.0123   259.3   0.0149   284.2   0.0183   301.6   0.0209                   
11221+4655 FR    1           5    Fr_2023a    247.5   0.855    245.7   0.887    244.1   0.919    242.6   0.951    241.2   0.981                    
11230+0408 A  2776AB         3    Tok2025b     71.1   0.187     72.0   0.187     72.8   0.188     73.6   0.188     74.5   0.188                    
11235+0701 BAG  24Aa,Ab      3    Tok2020e    108.0   0.287     98.1   0.282     87.7   0.273     76.5   0.262     64.1   0.248                    
11238-3829 CHR 241           2    Tok2024a    134.1   0.055     44.0   0.030    332.4   0.043    152.1   0.059    108.0   0.038                    
11239+1032 STF1536AB         2    JAA2023      89.4   2.355     88.7   2.375     88.1   2.396     87.5   2.416     86.9   2.436                    
11247-6139 BSO   5           4    Izm2019     250.3   7.970    250.5   8.009    250.7   8.048    250.9   8.086    251.1   8.124                    
11250-3200 CHR 242Aa,Ab      2    Tok2024b    318.7   0.095    297.2   0.080    215.7   0.033    143.6   0.092    130.7   0.147                    
11253-8457 BRC   4Aa,Ab      3    Tok2022g    185.5   0.060    192.1   0.051    208.3   0.025    321.0   0.016    353.5   0.043                    
11255-2114 I   881           5    Tok2023a    320.7   0.352    321.1   0.359    321.5   0.366    321.9   0.373    322.3   0.380                    
11265+0806 A  2575           5    USN2002      81.1   0.272     82.4   0.273     83.6   0.275     84.8   0.277     85.9   0.278                    
11268+0301 STF1540AB         5    Hop1960a    146.8  28.560    146.7  28.553    146.7  28.547    146.7  28.540    146.7  28.534                    
11268-5310 I   883           3    Hrt2010a    245.0   0.277    245.9   0.280    246.8   0.283    247.7   0.286    248.6   0.288                    
11272-1539 HU  462           2    Msn2023       5.8   0.476    359.1   0.481    352.5   0.485    346.0   0.489    339.7   0.493                    
11272-1604 HDS1627Aa,Ab      4    Tok2024a    101.7   0.300     99.8   0.309     98.1   0.316     96.4   0.322     94.7   0.325                    
11279-0142 RST4944           3    Tok2021f    142.5   0.069    124.7   0.062    103.6   0.058     81.8   0.060     63.1   0.067                    
11286-4508 I   885AB         5    Tok2023e    143.6   0.616    143.1   0.614    142.6   0.613    142.0   0.611    141.5   0.610                    
11293+3025 L    11           5    RAO2015     274.4   1.021    273.7   1.020    273.1   1.018    272.4   1.016    271.8   1.014                    
11295+3004 TU UMa            9    Krv2019a    345.9   0.029    341.9   0.028    337.5   0.027    332.6   0.025    326.9   0.023   astrometric orbit
11297-0619 A     7           4    Tok2015c    122.6   0.197    120.8   0.201    119.1   0.204    117.5   0.207    115.9   0.211                    
11301+2958 AW UMa            7    Pbl2006        .     .          .     .          .     .          .     .          .     .      incomplete elements
11308+4117 STT 234           2    Doc2009g    200.1   0.332    203.0   0.319    206.2   0.307    209.6   0.294    213.4   0.282                    
11317+1422 STF1547AB         5    Hrt2013b    332.5  15.329    332.5  15.326    332.6  15.323    332.6  15.319    332.7  15.316                    
11319-3436 ZUC   1Aa,Ab      2    Izm2019      19.2   0.045      0.3   0.025    279.3   0.015    229.6   0.030     34.1   0.048                    
11319-3436 LWR   2AB         5    Koh2013     351.2   1.802    350.8   1.796    350.5   1.791    350.1   1.785    349.7   1.780                    
11322+3615 HU 1134           3    Hrt2000b    299.6   0.217    299.5   0.219    299.4   0.219    299.4   0.219    299.3   0.218                    
11323+6105 STT 235AB         1    Izm2019      58.4   0.999     60.4   1.003     62.3   1.005     64.2   1.005     66.2   1.002                    
11330+0938 A  2576AB         5    Sca2016a    268.8   0.538    269.5   0.538    270.2   0.538    270.9   0.538    271.6   0.538                    
11336-4035 I    78           4    Tok2023a    104.9   0.425    105.3   0.414    105.7   0.402    106.1   0.391    106.5   0.380                    
11342+1101 YSC  43Aa,Ab      4    Tok2020e      9.0   0.043    358.2   0.050    344.4   0.029    180.5   0.032    169.4   0.061                    
11344-4658 CD-46 7189        9    Gln2007     125.7   0.0139    54.4   0.0124   350.5   0.0170   153.3   0.0079    76.8   0.0127  astrometric orbit
11354-3232 GJ 433            9    HIP1997d    172.6   0.0042    82.7   0.0025   344.0   0.0043   238.8   0.0026   155.3   0.0041  astrometric orbit
11361+1251 STF1554           4    FMR2020a    222.8   0.370    223.3   0.376    223.7   0.382    224.2   0.389    224.6   0.395                    
11363+2747 STF1555AB         4    Doc2017a    151.8   0.602    152.0   0.589    152.3   0.574    152.5   0.559    152.8   0.544                    
11366+5608 STF1553           4    Kiy2018a    165.6   6.185    165.6   6.187    165.5   6.189    165.5   6.191    165.5   6.193                    
11366+5608 STF1553B          9    Kiy2018a    197.9   0.0098    23.0   0.0206    25.9   0.0277    29.4   0.0185    78.1   0.0022  astrometric orbit
11368-1221 BU  456AB         4    Izm2019     166.0   1.270    166.4   1.280    166.7   1.289    167.1   1.299    167.5   1.308                    
11373-7554 pi Cha            9    HIP1997d    340.0   0.0064   109.1   0.0034   163.1   0.0072   351.0   0.0065   135.8   0.0055  astrometric orbit
11374+4728 KU   39           5    WSI2006b    219.6   0.499    231.2   0.501    242.4   0.519    252.5   0.549    261.4   0.590                    
11379+5037 GC 15947          9    HIP1997d    179.3   0.0070   332.0   0.0042     7.2   0.0058   128.0   0.0037   165.8   0.0085  astrometric orbit
11379+5037 GC 15947          9    Pbx2000a    174.6   0.0069   332.5   0.0041     1.1   0.0054   137.7   0.0037   164.4   0.0087  astrometric orbit
11383-6322 I   422AB         5    Zas2009     122.6   0.324    123.0   0.323    123.3   0.322    123.7   0.321    124.0   0.320                    
11387+4507 STF1561AB         5    Izm2019     245.0   8.859    244.9   8.848    244.7   8.838    244.6   8.827    244.5   8.816                    
11390+4109 STT 237AB         4    Izm2019     242.5   2.116    242.4   2.122    242.3   2.127    242.2   2.132    242.1   2.138                    
11395-6524 B  1705AB         3    Tok2025b    126.4   0.243    128.9   0.244    131.2   0.246    133.6   0.247    135.9   0.249                    
11415-7703 TOK 845           4    Tok2023a    224.1   0.084    214.9   0.083    204.6   0.076    191.6   0.066    174.1   0.057                    
11416+3145 BNU   3Aa,Ab      4    Ren2010      60.9   0.0176    39.4   0.0422    47.3   0.0445   207.2   0.0041    41.7   0.0470                   
11418+0508 TOK 896           2    Tok2024b    328.0   0.054    124.0   0.080    197.7   0.090    259.9   0.090     46.3   0.052                    
11420-1701 TOK 384Aa,Ab      3    Tok2024b    222.5   0.273    226.9   0.280    231.2   0.285    235.3   0.288    239.4   0.289                    
11425+2355 COU 390           4    Tok2016e    118.8   0.519    120.7   0.532    122.5   0.545    124.2   0.557    125.9   0.568                    
11430-3933 RST5358           4    Tok2024c     88.6   0.106     84.5   0.105     80.3   0.104     76.0   0.103     71.7   0.102                    
11431-3601 I  1546           4    Msn2023     273.3   0.190    271.9   0.191    270.5   0.192    269.2   0.193    267.8   0.193                    
11436-1401 YSC 210           3    Tok2023a    121.5   0.066     71.0   0.082     45.2   0.117     30.2   0.138     17.7   0.140                    
11441-0448 RST5524           5    Msn2009     204.3   0.183    206.8   0.176    209.6   0.168    212.6   0.159    216.0   0.149                    
11446-4925 RST9004AB         2    Tok2020e    299.3   0.420    303.6   0.427    307.8   0.431    312.0   0.432    316.2   0.431                    
11456-6644 lam Mus           9    HIP1997d    357.6   0.0068    39.5   0.0058   166.3   0.0037   240.9   0.0057   299.9   0.0056  astrometric orbit
11468+1500 BU  602           5    Lin2022b    130.0   0.538    130.3   0.539    130.6   0.540    131.0   0.541    131.3   0.542                    
11471-1149 RST3756AB         5    Tok2021f    136.2   1.132    134.2   1.126    132.2   1.119    130.2   1.112    128.2   1.105                    
11479-1528 A  2380           3    Tok2024a     15.9   0.031      6.1   0.026    352.7   0.022    335.4   0.020    316.2   0.020                    
11480+2013 MKT   7Aa,Ab      1    MkT1995      73.1   0.0051   110.4   0.0066   134.8   0.0075   157.6   0.0070   189.7   0.0055                   
11486+1417 BU  603AB         3    Tok2023a    325.0   0.985    324.3   0.979    323.6   0.973    322.9   0.967    322.2   0.960                    
11495-4604 FIN 366           3    Tok2014a    139.5   0.150    142.1   0.152    144.8   0.152    147.4   0.150    150.1   0.145                    
11495-1636 TOK 717Aa,Ab      5    Tok2020e     99.0   0.145     91.3   0.113     77.1   0.079     45.2   0.053    355.7   0.055                    
11499+3754 COU1129AB         5    BAE2021     110.0   0.506    108.8   0.504    107.7   0.501    106.5   0.498    105.4   0.495                    
11510-0520 MCA  36           9    Ren2013     222.3   0.0007   118.0   0.0019   308.3   0.0017   286.7   0.0025   200.2   0.0007  astrometric orbit
11514+1148 HDS1672           4    Tok2018e    139.7   0.393    141.8   0.401    143.9   0.409    146.0   0.416    147.9   0.422                    
11518+5032 HU  730           5    USN2002      79.9   0.164     77.9   0.165     76.0   0.167     74.0   0.168     72.1   0.169                    
11520+4805 HU  731           5    Hrt2008     306.6   1.265    306.4   1.273    306.3   1.280    306.2   1.288    306.1   1.295                    
11525-1408 HDS1676           3    Tok2017c    114.0   0.208    119.1   0.204    124.7   0.194    131.0   0.177    139.2   0.151                    
11532-1540 A  2579           4    Doc2016d     27.4   0.409     26.7   0.409     25.9   0.409     25.1   0.409     24.4   0.409                    
11537+7345 BU  794AB         2    Sod1999      82.0   0.503     84.1   0.500     86.3   0.496     88.4   0.493     90.6   0.488                    
11538+5342 gam UMa           9    Gon2010     189.2   0.321    212.4   0.293    242.4   0.256    277.5   0.258    306.0   0.310   astrometric orbit
11539+1402 YSC  96           4    Hor2021b      1.9   0.113     11.2   0.114     20.2   0.115     29.0   0.117     37.5   0.119                    
11541+7155 A    75           4    Hei1996a     18.4   0.257     17.2   0.252     15.9   0.246     14.6   0.238     13.1   0.230                    
11544-3745 HWE  71           3    Tok2015c    357.5   0.107    344.2   0.119    333.6   0.135    325.5   0.155    319.3   0.176                    
11550-5606 HLD 114           5    Izm2019     167.5   3.899    167.4   3.904    167.2   3.908    167.1   3.911    166.9   3.914                    
11551+4629 A  1777A          9    Zas2012b    112.8   0.0080   273.9   0.0072   157.1   0.0115   341.7   0.0088   183.3   0.0128  astrometric orbit
11551+4629 A  1777AB         3    Zas2012b    357.1   0.277    358.2   0.280    359.4   0.283      0.5   0.286      1.6   0.289                    
11551+0313 SAO 119113        9    HIP1997d    292.7   0.0041   148.6   0.0063   354.7   0.0054   236.1   0.0031   128.6   0.0050  astrometric orbit
11560+3520 CHR 258           3    Grf2013d    267.8   0.107    229.3   0.095    189.4   0.105    161.1   0.129    142.0   0.152                    
11563+3527 STT 241           4    PkO2018b    146.0   1.798    146.1   1.800    146.2   1.802    146.3   1.805    146.4   1.807                    
11567-3216 DUN 116AB         5    LRR2021      83.0  18.596     83.0  18.589     83.0  18.582     83.0  18.576     83.0  18.569                    
11585-7754 KOH  91           4    Tok2024a    160.2   0.085    165.7   0.100    169.9   0.113    173.2   0.125    176.0   0.135                    
11585-2350 RST3767AB         5    GmJ2022     278.1   0.619    278.6   0.627    279.2   0.634    279.7   0.641    280.2   0.648                    
11596-7813 HJ 4486Aa,Ab      3    Tok2023c    237.4   0.0079   140.9   0.0242    85.9   0.0332    60.9   0.0484    47.2   0.0594                   
11596-7813 HJ 4486AB         5    Tok2023c    270.8   0.168    275.0   0.168    279.2   0.169    283.3   0.171    287.3   0.174                    
11596-7813 HJ 4486AB         5    Tok2023c    272.6   0.163    277.3   0.163    282.1   0.163    286.8   0.165    291.3   0.168                    
12006+6911 A  1088           3    USN2002     211.7   0.214    212.7   0.230    213.6   0.244    214.4   0.256    215.2   0.268                    
12009+0637 pi Vir            9    HIP1997d    354.9   0.0025   163.5   0.0028   286.4   0.0027   331.2   0.0039   128.0   0.0021  astrometric orbit
12017+4728 COU1752           4    Ksr2021     337.4   0.188    340.1   0.188    342.7   0.188    345.4   0.188    348.0   0.188                    
12018-3439 I   215AB         3    Tok2024a    292.1   0.397    289.2   0.430    286.7   0.461    284.5   0.491    282.5   0.520                    
12036-3901 SEE 143           3    Tok2014a    268.4   0.267    253.9   0.283    241.3   0.304    230.4   0.329    221.1   0.354                    
12042+2407 A   682           5    FMR2015a    165.0   0.242    164.0   0.247    163.0   0.252    162.0   0.256    161.1   0.261                    
12058-1853 WNO  54A          9    Mkr2008     283.5   0.0063    17.8   0.0055   200.4   0.0026   240.3   0.0136   252.8   0.0122  astrometric orbit
12059-4951 RST4958Aa,Ab      4    Tok2018h      8.1   0.212     10.0   0.215     11.8   0.218     13.6   0.220     15.3   0.222                    
12060+6842 STF3123AB         2    Hrt1996a    179.5   0.335    177.9   0.338    176.3   0.341    174.8   0.345    173.3   0.348                    
12064-6543 FIN 367Aa,Ab      3    Doc2013d     75.1   0.153     72.4   0.154     69.8   0.155     67.1   0.156     64.5   0.157                    
12089+2147 HDS1714Aa,Ab      4    Tok2019e    214.8   0.147    217.4   0.145    220.1   0.137    223.4   0.122    227.9   0.098                    
12096-6727 HDS1716           3    Msn2023     140.4   0.070    154.6   0.075    166.4   0.083    176.0   0.093    183.7   0.103                    
12104-4352 TOK 897           3    Tok2024a     23.3   0.068     35.3   0.070     47.1   0.069     59.6   0.066     75.0   0.055                    
12108+3953 STF1606           4    Msn1999a    135.4   0.691    134.6   0.704    133.8   0.718    133.1   0.731    132.3   0.744                    
12108+3953 STF1606A          9    vdW1974     312.0   0.040    313.8   0.044    315.3   0.047    316.7   0.049    318.1   0.049   astrometric orbit
12111-5302 HU 1604           4    Tok2023a     49.6   0.200     52.3   0.202     55.1   0.205     57.7   0.207     60.3   0.210                    
12114-1647 S   634Aa,Ab      2    Tok2024c    238.4   0.023    174.5   0.025     95.5   0.024    350.0   0.014    215.0   0.027                    
12115+5325 STF1608AB         4    Izm2019     220.4  13.610    220.4  13.620    220.4  13.631    220.4  13.642    220.4  13.652                    
12117-5222 RIZ   2           3    Msn2023     342.1   0.067    293.4   0.040     45.8   0.042      1.2   0.068    329.1   0.061                    
12118+2319 GC 16657          9    HIP1997d    246.6   0.0019    24.4   0.0053    69.2   0.0034   179.0   0.0037   337.8   0.0022  astrometric orbit
12119+2552 4 Com             9    Ren2013      23.3   0.0010   279.0   0.0010   201.9   0.0012   142.5   0.0014    86.6   0.0013  astrometric orbit
12128-7009 GAA  13Aa,Ab      5    GaA2019b    291.3   0.0027    42.4   0.0027   119.2   0.0031   229.4   0.0024   334.8   0.0025                   
12141-3644 SEE 147AB         4    Tok2024a     52.2   0.271     53.8   0.271     55.5   0.271     57.1   0.270     58.7   0.270                    
12143+1149 AH Vir            7    Pbl2006        .     .          .     .          .     .          .     .          .     .      incomplete elements
12151-0715 STF1619AB         5    FMR2017     264.7   6.783    264.5   6.778    264.4   6.772    264.2   6.767    264.1   6.762                    
12152-1019 BUP 139A          9    Ren2013     112.0   0.0043   287.6   0.0042   104.4   0.0042   274.9   0.0025    84.6   0.0017  astrometric orbit
12154+4008 A  1999           5    FMR2013d    194.9   0.553    197.3   0.577    199.4   0.599    201.4   0.619    203.3   0.638                    
12155-3106 RST1658           4    Doc2018l    213.6   0.498    220.2   0.498    226.8   0.502    233.2   0.508    239.4   0.517                    
12157-8047 FIN 195           4    Tok2020g     77.2   0.106     81.2   0.104     85.4   0.101     89.8   0.097     94.8   0.092                    
12158-2321 BU  920           5    Izm2019     308.0   2.041    308.2   2.051    308.3   2.061    308.5   2.070    308.6   2.079                    
12160+0538 STF1621           4    Izm2019      51.4   1.893     51.8   1.918     52.2   1.942     52.7   1.966     53.1   1.990                    
12160+4807 HU  736           4    USN2006a    173.3   0.348    172.4   0.350    171.5   0.352    170.6   0.354    169.8   0.356                    
12165-5009 RST 583           5    Tok2021f    308.2   0.300    308.9   0.304    309.7   0.307    310.4   0.311    311.2   0.314                    
12165+3304 CHR  37           9    HIP1997d    279.0   0.0077   235.9   0.0044    42.7   0.0045   304.7   0.0058   266.1   0.0078  astrometric orbit
12175+0636 BU  796           3    Tok2024c    263.5   0.161    264.2   0.171    264.9   0.182    265.5   0.192    266.0   0.202                    
12179-5559 BYV   1           5    Ngu2021      37.5   3.491     37.6   3.491     37.6   3.492     37.7   3.492     37.8   3.493                    
12186-1424 YSC  44           3    Tok2021c     59.8   0.086     56.4   0.076     51.3   0.058     37.5   0.026    245.6   0.022                    
12190+2803 G 121-75          9    Jnc2005     209.5   0.016    354.1   0.011     61.6   0.015    118.2   0.017    154.1   0.022   astrometric orbit
12194+1744 A  2059           4    Lin2022b     51.5   0.400     53.0   0.393     54.7   0.385     56.4   0.376     58.2   0.367                    
12199-0040 MCA  37           2    Sod1999      33.6   0.112     65.9   0.090    107.7   0.089    141.4   0.108    165.1   0.123                    
12206-2213 BU  605CD         4    Tok2022g    274.7   0.511    275.6   0.517    276.5   0.523    277.4   0.529    278.2   0.535                    
12219-1824 BD-17 3602        9    Pbx2000a    275.0   0.0102   196.4   0.0054    78.9   0.0095   332.5   0.0062   260.0   0.0102  astrometric orbit
12225+2551 CIA  52Aa,Ab      3    CIA2023b    100.9   0.019     90.5   0.019     79.3   0.018     65.8   0.016     48.9   0.015                    
12228-0405 BWL  29AB         4    Msn2023     201.3   0.212    194.8   0.226    188.0   0.208    179.2   0.175    165.4   0.133                    
12236+6711 HDS1745           3    Mit2020      21.7   0.382     13.2   0.183    221.2   0.108    203.9   0.293    198.0   0.342                    
12243+2606 YSC  97           4    Tok2024c    244.1   0.228    247.0   0.240    249.7   0.250    252.2   0.257    254.5   0.263                    
12244+4305 STT 250           4    PkO2018b    354.7   0.269    355.1   0.264    355.5   0.259    355.8   0.254    356.3   0.249                    
12244+2535 STF1639AB         4    Ole2000b    322.2   1.893    322.1   1.899    322.1   1.906    322.0   1.912    321.9   1.918                    
12250-0414 TOK 400AB         4    Tok2021f    124.8   0.269    120.5   0.299    116.8   0.324    113.7   0.345    110.9   0.363                    
12260-1457 BU  606           5    FMR2020a    285.3   0.720    285.1   0.733    284.9   0.745    284.7   0.757    284.5   0.769                    
12268-0011 AGC   4           5    Izm2019     146.6   0.645    145.9   0.648    145.3   0.651    144.7   0.654    144.1   0.658                    
12268-0536 A    78           3    Hrt2009      85.0   0.369     85.7   0.373     86.3   0.378     86.9   0.382     87.5   0.386                    
12270-0332 A    79AB         4    Tok2017c     96.9   0.540     96.8   0.544     96.6   0.548     96.5   0.551     96.3   0.555                    
12272+2701 STF1643AB         4    Ole2003b      1.6   2.753      1.4   2.756      1.2   2.759      1.0   2.762      0.8   2.765                    
12274-2843 B   228           3    FMR2010f    137.1   0.273    138.2   0.268    139.3   0.261    140.5   0.253    141.8   0.243                    
12281+4448 STF1645AB         5    Kiy2020     156.3   9.675    156.3   9.671    156.3   9.667    156.2   9.663    156.2   9.659                    
12281+4448 STF1645AB         5    Kiy2020     157.7   9.773    157.6   9.769    157.6   9.765    157.6   9.761    157.6   9.757                    
12283-1548 MEL   7           4    Dup2017     213.1   0.285    206.5   0.274    199.4   0.263    191.5   0.251    182.9   0.240                    
12283-6146 RST4499BC         2    Tok2018h    342.3   0.223    331.4   0.230    321.0   0.235    311.0   0.238    301.1   0.239                    
12283-6146 CPO  12A,BC       5    Izm2019     180.5   1.975    179.8   1.967    179.2   1.958    178.5   1.948    177.8   1.938                    
12290+0826 WSI 113           2    Msn2023     314.4   0.150    263.5   0.130    225.3   0.189    207.3   0.259    196.0   0.295                    
12291+3123 STT 251           5    Sca2003c     63.1   0.701     63.3   0.703     63.4   0.705     63.6   0.708     63.8   0.710                    
12300-3411 SCR 1230-3411     9    TSN2017     233.6   0.0136    55.6   0.0174    60.7   0.0158    87.5   0.0038   226.9   0.0107  astrometric orbit
12301-1324 BU   28AB         3    USN2017b    352.2   2.125    352.9   2.120    353.5   2.114    354.2   2.109    354.8   2.102                    
12301+6912 CG Dra            9    Jnc2005     256.1   0.0070   308.3   0.0061    19.6   0.0050   158.1   0.0044   226.0   0.0069  astrometric orbit
12301-0653 A  2780Aa,Ab      5    Tok2019h    302.7   0.102    298.0   0.109    293.8   0.116    290.1   0.122    286.7   0.129                    
12306+0943 STF1647           4    Izm2019     250.6   1.236    250.8   1.230    251.1   1.225    251.4   1.219    251.7   1.213                    
12309-3041 I   514           4    Tok2022g    290.2   0.044    285.0   0.039    278.0   0.033    267.9   0.027    252.7   0.022                    
12313+5507 BAG  50           4    Mit2020     192.4   0.117    233.2   0.091    318.9   0.072    168.5   0.080    209.5   0.113                    
12316+3201 COU 966           5    Mnt1999c    316.3   0.106    310.8   0.103    305.0   0.100    298.9   0.098    292.6   0.096                    
12325-5954 JSP 539           4    Tok2023e    184.9   0.229    184.2   0.232    183.6   0.235    182.9   0.238    182.3   0.240                    
12335+0901 REU   1           2    Lin2022b    135.0   0.579    115.8   0.347     42.3   0.202    351.4   0.433    338.5   0.706                    
12335+6947 CIA  49           1    CIA2022g     19.4   0.0022    55.0   0.0023    82.3   0.0028   101.7   0.0032   117.5   0.0034                   
12342-1812 LV    5           5    Izm2019     298.8   0.862    297.6   0.853    296.4   0.844    295.1   0.835    293.8   0.825                    
12349+2238 WRH  12           3    Hrt2014b      5.2   0.259      4.0   0.239      2.5   0.216      0.7   0.190    358.3   0.161                    
12349-0509 RST4502           4    Tok2024c    250.0   0.184    251.0   0.183    251.9   0.182    252.9   0.181    253.9   0.180                    
12351+1823 CIA  32Aa,Ab      2    CIA2022e    122.2   0.0007   333.1   0.0008   299.6   0.0011   245.4   0.0006   156.1   0.0008                   
12351+0727 STF1658AB         4    Izm2019      21.5   2.807     21.6   2.811     21.8   2.814     22.0   2.818     22.1   2.822                    
12357-1650 FIN 368Aa,Ab      2    Tok2018e     81.0   0.052     24.8   0.027    323.0   0.049    306.5   0.084    299.6   0.115                    
12358-6150 RST4503           5    Tok2020g    130.1   0.141    131.6   0.140    133.2   0.138    134.8   0.137    136.4   0.135                    
12372+2112 STF1663           4    Zir2013a     64.4   0.629     64.1   0.628     63.7   0.627     63.3   0.627     63.0   0.626                    
12386-2704 BWL  32           3    Tok2024c    347.7   0.250    336.4   0.251    324.9   0.245    312.5   0.235    299.0   0.224                    
12391+2104 26 Com            9    Ren2013     314.1   0.0035   169.3   0.0022   291.9   0.0030    39.8   0.0004   215.0   0.0015  astrometric orbit
12392-4022 B  1215           4    FMR2013b     23.2   0.327     24.8   0.332     26.3   0.335     27.9   0.338     29.4   0.340                    
12396-3717 DAW  63           2    Tok2015c    241.4   0.284    251.7   0.290    261.5   0.297    270.8   0.307    279.5   0.317                    
12407-4803 TOK 849           4    Tok2024c    251.6   0.129    266.7   0.116    287.0   0.095    322.5   0.067     44.0   0.045                    
12408+4031 LTT 13601         9    HIP1997d    172.4   0.013     37.6   0.012    255.8   0.025    187.7   0.014     54.7   0.014   astrometric orbit
12409+2708 COU 596           3    Doc2013a    184.3   0.0650   176.2   0.0412    57.0   0.0030   228.4   0.0486   222.4   0.0742                   
12415-4858 HJ 4539AB         2    Ary2015b     15.7   0.764     14.4   0.825     13.3   0.883     12.3   0.937     11.5   0.987                    
12417-0127 STF1670AB         2    Sca2007c    351.8   3.474    350.9   3.571    350.0   3.664    349.2   3.755    348.4   3.842                    
12419-6444 HDS1779           3    Tok2024a    335.5   0.052    320.4   0.052    306.1   0.055    293.5   0.059    283.0   0.066                    
12422+2622 A  1851           2    Hei1998     132.0   0.328    140.0   0.335    147.7   0.342    155.1   0.348    162.3   0.354                    
12428-5557 KOU  15           4    Tok2024e    185.6   0.173    181.0   0.178    176.6   0.178    172.0   0.175    167.2   0.168                    
12429+0516 A  1602           5    Doc2015d     25.4   0.663     25.3   0.670     25.1   0.677     25.0   0.684     24.9   0.691                    
12439+3421 GC 17317          9    HIP1997d    204.5   0.015     65.8   0.022    162.9   0.016     39.1   0.016    133.2   0.020   astrometric orbit
12442+5146 GC 17326          9    HIP1997d    316.2   0.0068    79.0   0.0048   189.2   0.0060   330.0   0.0072   105.3   0.0054  astrometric orbit
12444+2200 HDS1783           4    Tok2021f    115.4   0.394    116.3   0.412    117.1   0.428    117.8   0.443    118.5   0.458                    
12446-5717 FIN  65AB         4    Doc2013d     76.6   0.370     75.9   0.376     75.3   0.383     74.7   0.389     74.1   0.395                    
12446-5717 FIN  65AB         3    Tok2022g    254.6   0.320    253.7   0.320    252.8   0.320    251.9   0.320    250.9   0.318                    
12455-4552 HDS1789Aa,Ab      3    Tok2024c     53.9   0.095     76.4   0.094     99.1   0.095    120.5   0.100    139.3   0.108                    
12455-3727 HDS1788Aa,Ab      3    Tok2024b     37.1   0.146     38.5   0.156     39.8   0.164     40.9   0.171     42.0   0.177                    
12456-6211 HDS1791           4    Tok2023e    128.7   0.094    121.5   0.083    112.0   0.071     98.9   0.060     80.8   0.052                    
12463-6806 R   207AB         3    Tok2020e     61.9   0.923     63.0   0.912     64.2   0.901     65.3   0.891     66.5   0.880                    
12463-6050 B  1722           5    Tok2020g    248.2   0.116    250.9   0.124    253.2   0.131    255.4   0.137    257.3   0.144                    
12465-2051 RST2814AB         4    Tok2021f    256.5   0.063    248.1   0.067    240.6   0.071    234.0   0.076    228.3   0.081                    
12470-0748 GC 17364          9    HIP1997d    328.5   0.0075   154.3   0.0018   146.0   0.0053   327.9   0.0082   150.0   0.0046  astrometric orbit
12474+1650 BD+17 2537        9    Pbx2000a      3.3   0.0055   288.6   0.0116   234.3   0.0076   145.1   0.0099   104.3   0.0110  astrometric orbit
12474-2935 DAW 105           4    Tok2021f     35.6   0.059     37.9   0.063     39.9   0.066     41.8   0.069     43.6   0.069                    
12479-5127 TOK 720           3    Tok2024c    244.1   0.041    206.4   0.046    176.2   0.052    151.7   0.057    131.1   0.061                    
12485-1543 WSI  74Aa,Ab      2    Tok2017b     75.7   0.058    134.7   0.118    279.0   0.030    107.1   0.088    146.9   0.107                    
12487+6019 GJ 9417           9    Gln2007      16.3   0.037    230.0   0.026    187.0   0.025     47.2   0.035     24.5   0.047   astrometric orbit
12490+6607 DEL   4           3    Kpp2020f    203.9   0.305    216.1   0.295    237.7   0.183    307.0   0.117    357.9   0.219                    
12507+2032 HU  640AB         3    Hrt2014b    275.0   0.439    278.1   0.435    281.2   0.429    284.5   0.422    287.9   0.412                    
12508+0806 HDS1803           3    Tok2021f     27.3   0.171     23.5   0.160     19.0   0.147     13.7   0.133      7.0   0.118                    
12509-5743 TOK 385           4    Tok2021f    111.5   0.191    112.8   0.186    114.3   0.174    116.0   0.155    118.3   0.128                    
12520-2648 B   234           5    Hei1986a    298.3   0.628    298.6   0.631    298.9   0.633    299.2   0.635    299.6   0.637                    
12533+4246 COU1579           4    Doc2013a    291.0   0.064    313.6   0.109    322.8   0.154    327.9   0.195    331.3   0.231                    
12533+2115 STF1687AB         3    Izm2019     204.4   1.215    205.1   1.221    205.8   1.226    206.6   1.231    207.3   1.237                    
12536-0413 HR 4896           9    WaX2015b    257.8   0.018      8.0   0.035    103.4   0.020    301.5   0.022     22.2   0.034   astrometric orbit
12528+1225 TOK 401           3    Tok2023e     32.6   0.026    103.0   0.074    116.6   0.105    127.5   0.093    150.4   0.052                    
12553+0750 NLTT 32291        9    Ren2013     111.6   0.0053   212.3   0.0140   260.3   0.0077   145.1   0.0059   217.3   0.0144  astrometric orbit
12554+6953 A  1092           4    Baz1959     148.5   0.321    146.6   0.324    144.8   0.327    143.0   0.329    141.2   0.331                    
12563+3232 BD+33 2286        9    Ren2013      27.4   0.0063   173.5   0.0008   229.5   0.0016    26.4   0.0060    58.8   0.0009  astrometric orbit
12564-0057 STT 256           4    Zir2015a    101.8   1.092    101.9   1.095    102.0   1.098    102.2   1.100    102.3   1.103                    
12567-4741 I    83           3    Izm2019     238.5   0.830    238.8   0.827    239.2   0.824    239.5   0.821    239.9   0.818                    
12570-5435 HDS1815           5    Tok2023a      2.1   0.230      4.1   0.238      6.0   0.246      7.8   0.253      9.5   0.258                    
12572+0818 FIN 380           3    Doc2018l    350.2   0.049    355.6   0.041      4.5   0.030     24.3   0.019     71.2   0.014                    
12572+0818 FIN 380           3    Tok2024b    183.4   0.016    329.3   0.022    338.5   0.056    341.0   0.084    342.3   0.104                    
12576+3514 BWL  35Aa,Ab      5    Tok2019e    311.8   0.109    228.1   0.119    178.1   0.150    114.9   0.092    355.8   0.113                    
12579+4948 HU  641           5    Erc1986b    286.4   0.334    285.6   0.338    284.7   0.342    283.9   0.346    283.0   0.350                    
12595+4159 LTT 13738         9    Jnc2005     275.2   0.0095    24.0   0.0026   277.6   0.0116    55.7   0.0034   279.4   0.0132  astrometric orbit
12597-0349 CHR  39Aa,Ab      2    Doc2015g     54.0   0.093     90.6   0.071    160.5   0.051    254.2   0.055    313.2   0.076                    
13000-4123 I  1224           3    Tok2018e    130.8   0.125    132.8   0.129    134.6   0.133    136.3   0.137    137.9   0.141                    
13005-3330 HDS1824Aa,Ab      3    Doc2024c    284.2   0.237    279.1   0.246    274.3   0.254    269.9   0.263    265.7   0.271                    
13006-0322 AGC   5AB         5    Izm2019     192.2   0.599    193.0   0.593    193.8   0.587    194.6   0.581    195.4   0.576                    
13007+5622 BU 1082           2    Sca2022d    192.9   0.541    203.6   0.552    213.7   0.574    223.0   0.604    231.3   0.640                    
13008+1223 BEU  16AB         3    MnA2019     132.0   0.305    105.0   0.374     86.9   0.448     73.5   0.502     62.0   0.524                    
13023-7133 del Mus           9    Pbx2018      40.6   0.0068   193.0   0.0050   234.5   0.0135   247.8   0.0164   259.6   0.0155  astrometric orbit
13029+1328 STF1711           4    Zir2014a    326.1   0.281    325.4   0.275    324.7   0.268    323.9   0.262    323.1   0.256                    
13038-2035 BU  341           3    Tok2024b    133.9   0.247    133.6   0.336    133.5   0.405    133.4   0.463    133.3   0.512                    
13038-0510 EVT   3           4    EvT2012     150.1   0.028     40.8   0.029    220.1   0.027    162.8   0.031     54.9   0.027                    
13039-0340 BU  929           4    Zir2013a    188.7   0.433    188.2   0.424    187.6   0.415    187.1   0.406    186.5   0.397                    
13040-1738 BU  798AB         2    Doc2024c    189.0   0.151    192.8   0.124    198.9   0.098    209.3   0.072    229.5   0.051                    
13044-1316 HU  642           5    Doc2018l    219.4   0.502    219.2   0.502    218.9   0.501    218.6   0.501    218.3   0.500                    
13048+5555 WOR  23           5    Izm2019     345.2   1.737    345.5   1.954    345.7   2.147    345.9   2.320    346.1   2.479                    
13048+7302 BU  799AB         5    Izm2019     267.4   1.403    267.5   1.406    267.5   1.409    267.6   1.412    267.7   1.415                    
13057-2541 LIM   1           3    Dup2017      70.8   0.027    207.4   0.061    216.0   0.131    218.7   0.190    220.3   0.239                    
13063+2044 HU  739           5    Izm2019     194.9   1.895    194.4   1.925    193.9   1.955    193.5   1.984    193.1   2.013                    
13072-5420 FIN  54           4    Tok2016e    187.6   0.257    186.4   0.258    185.1   0.258    183.8   0.259    182.6   0.260                    
13081-7719 HDS1839           3    Tok2016e    172.3   0.226    163.9   0.216    153.9   0.191    139.6   0.151    113.7   0.107                    
13081-7719 HDS1839           3    Tok2019c    164.2   0.233    155.6   0.214    144.5   0.180    126.8   0.136     93.7   0.099                    
13081+2657 STT 260           4    Sca2022d     50.9   0.369     51.9   0.377     52.9   0.384     53.8   0.391     54.7   0.398                    
13088+0513 CRJ   5           4    VSP2021a    173.9   0.414    174.2   0.389    174.6   0.364    175.0   0.338    175.5   0.311                    
13088+0513 CRJ   5           5    VSP2021a    174.3   0.415    174.7   0.393    175.1   0.370    175.5   0.347    176.0   0.324                    
13091+2127 HU  572           3    FMR2012b    322.2   0.574    321.0   0.577    319.9   0.579    318.7   0.581    317.5   0.583                    
13099-0532 MCA  38Aa,Ab      4    Zir2015a      1.0   0.386      1.9   0.384      2.9   0.383      3.9   0.381      4.9   0.380                    
13100+1732 STF1728AB         1    Mut2015      11.7   0.0970   355.1   0.0030   192.7   0.0914   192.4   0.1841   192.4   0.2737                   
13106-3128 RST1706           4    Tok2012b     82.8   0.466     81.6   0.485     80.5   0.504     79.5   0.522     78.5   0.539                    
13107-0457 BU  609           4    Tok2021f    178.9   0.201    178.3   0.210    177.7   0.218    177.2   0.226    176.7   0.233                    
13117-2633 FIN 305           2    GmJ2022     108.5   0.127    105.4   0.144    103.0   0.158    100.9   0.168     99.0   0.176                    
13120+3205 STT 261           4    Izm2019     338.1   2.658    338.1   2.664    338.0   2.669    338.0   2.675    337.9   2.681                    
13123-5955 SEE 170AB         2    Doc2024c     78.6   0.111     86.0   0.149     90.7   0.179     94.0   0.204     96.7   0.224                    
13129-5949 HDS1850Aa,Ab      4    Tok2016b    278.0   0.139    278.8   0.198    279.2   0.240    279.5   0.263    279.8   0.265                    
13132-0501 TOK 402           3    Tok2024a     67.4   0.113     54.7   0.099     38.2   0.088     18.3   0.083    357.7   0.085                    
13133+1621 HD 114882         9    Doc2017j    123.9   0.117    120.2   0.117    116.5   0.115    112.6   0.111    108.3   0.106   astrometric orbit
13133+1621 DOC   1           4    Tok2024c    276.1   0.118    279.3   0.119    282.5   0.118    285.8   0.115    289.4   0.110                    
13134-5042 I  1227           3    Zir2013d    126.4   0.355    124.9   0.356    123.4   0.356    122.0   0.357    120.5   0.357                    
13137-6248 HDS1852           3    Tok2020g    292.1   0.098    307.3   0.110    320.2   0.115    333.1   0.110    348.4   0.097                    
13138-6756 HDS1853           4    Tok2023a    112.6   0.077    106.1   0.092    101.3   0.106     97.7   0.119     94.8   0.131                    
13140-4849 RST 628           4    Tok2022g    350.7   0.115    347.3   0.121    344.1   0.126    341.2   0.131    338.5   0.137                    
13143+1320 LAW   2           2    Tok2021f     47.1   0.158     60.1   0.204     69.4   0.223     78.1   0.220     87.9   0.200                    
13145-2417 FIN 297AB         2    Mdz2021     227.4   0.126    233.3   0.126    239.2   0.126    245.1   0.126    251.0   0.126                    
13149-1122 RST3829Aa,Ab      4    Tok2014a    182.4   0.484    185.2   0.479    188.1   0.474    191.1   0.471    194.1   0.468                    
13151+3527 BD+36 2352        9    Gln2007     318.0   0.0056   297.6   0.0062   146.7   0.0053   118.3   0.0037   307.2   0.0088  astrometric orbit
13155+4051 CHR 180           5    Cve2015b     71.0   0.721     71.9   0.727     72.8   0.732     73.7   0.738     74.5   0.743                    
13166+5034 STT 263           4    Izm2019     137.8   1.710    137.9   1.706    138.0   1.702    138.0   1.698    138.1   1.693                    
13168-6508 HR 5000           9    Gln2007      14.1   0.0058   248.1   0.0063     4.4   0.0056   239.0   0.0054   354.2   0.0055  astrometric orbit
13168+0925 GJ  504Aa,Ab      5    Bwl2020     228.5   2.119    227.1   2.117    225.7   2.115    224.3   2.114    222.9   2.113                    
13169+1701 BU  800AB         4    Izm2019     104.3   7.748    104.3   7.756    104.3   7.764    104.2   7.771    104.2   7.778                    
13169-3436 I  1567           2    Tok2015c     60.8   0.248     53.7   0.249     46.7   0.251     39.9   0.255     33.3   0.261                    
13175-4033 I   425           4    Tok2018e     38.0   0.141     44.2   0.138     50.6   0.136     57.0   0.136     63.5   0.137                    
13175+2024 YSC 149AB         3    Tok2025a    243.0   0.178    229.5   0.171    215.0   0.167    200.1   0.166    185.3   0.169                    
13175+2024 YSC 149Aa,Ab      4    Tok2025a    117.9   0.063     86.6   0.056     17.4   0.032    272.3   0.034    160.4   0.042                    
13175-0041 FIN 350           2    AlW2017      40.1   0.076     89.7   0.028    240.8   0.028    334.7   0.054    355.5   0.091                    
13181-3829 B   808           5    Tok2021f    318.7   0.314    319.6   0.316    320.4   0.318    321.2   0.320    322.0   0.322                    
13187-5816 GAA  25           2    GaA2023     338.2   0.0007   324.7   0.0002   172.7   0.0004   165.8   0.0008   162.9   0.0008                   
13190-2536 HDS1866           3    Tok2020e    287.4   0.125    272.1   0.117    255.0   0.111    236.4   0.107    216.3   0.102                    
13191-5239 I   516           4    Tok2020g    358.6   0.115    359.2   0.124    359.8   0.133      0.3   0.142      0.7   0.151                    
13194-3957 RST1712           4    Tok2024b    244.6   0.308    239.1   0.305    233.6   0.304    228.0   0.303    222.4   0.303                    
13198+4747 CHR 193Aa,Ab      2    Tok2019e    297.2   0.015    280.1   0.103    274.8   0.046    102.3   0.077     99.3   0.117                    
13198+4747 HU  644AB         2    USN2021b    273.3   1.229    272.6   1.355    271.9   1.456    271.3   1.530    270.8   1.580                    
13203+1746 A  2166           2    Tok2020g      0.6   0.141      3.9   0.140      7.5   0.130     12.2   0.106     22.6   0.056                    
13207+0257 STF1734           4    Izm2019     172.5   1.057    172.3   1.053    172.2   1.049    172.0   1.045    171.8   1.041                    
13209+4359 GC 18063          9    HIP1997d    211.1   0.0089   247.4   0.0122   299.7   0.0069   208.9   0.0085   246.3   0.0123  astrometric orbit
13217-3919 HDS1875           3    Msn2023     204.5   0.173    200.0   0.195    196.3   0.213    193.2   0.228    190.4   0.239                    
13218-1845 GC 18075          9    HIP1997d     79.9   0.0033   200.1   0.0044   344.4   0.0049   120.3   0.0037   229.8   0.0036  astrometric orbit
13220-5117 VSP  38           5    VSP2022b    126.4   0.075    141.6   0.083    154.5   0.088    166.4   0.090    178.0   0.089                    
13226-6059 FIN 208AB         3    Tok2018e    312.3   0.175    313.1   0.179    314.0   0.178    314.8   0.170    315.8   0.156                    
13229-7209 B  1736           3    Tok2024c    346.6   0.154    349.3   0.143    352.5   0.130    356.3   0.117      1.3   0.103                    
13234+5754 HDS1879Aa,Ab      3    Mit2021     213.6   0.328    213.9   0.326    214.2   0.314    214.6   0.292    215.1   0.257                    
13235+2914 HO  260           3    Izm2019      90.6   1.746     90.8   1.757     91.1   1.768     91.4   1.778     91.7   1.789                    
13237+1257 HDS1880           4    Tok2018e    117.3   0.149    113.6   0.159    110.4   0.168    107.5   0.178    104.9   0.186                    
13237-0043 A  2489           5    WSI2004a    190.9   1.051    190.8   1.061    190.7   1.070    190.7   1.080    190.6   1.090                    
13239+5456 PEA   1Aa,Ab      2    MkT1998     106.4   0.0080    73.3   0.0100    32.3   0.0076   331.9   0.0074   257.1   0.0036                   
13239+5456 zet UMa           9    Gon2010     213.3   0.755    212.8   0.719    212.3   0.659    211.6   0.567    210.6   0.432   astrometric orbit
13245+1226 GC 18139          9    Jnc2005     317.8   0.0083   100.1   0.0101   129.2   0.0128   266.4   0.0058   345.3   0.0055  astrometric orbit
13246-0510 66 Vir            9    HIP1997d     70.9   0.012    186.0   0.017    238.6   0.023    129.8   0.014    218.6   0.024   astrometric orbit
13246-5130 I  1231AB         5    Bwl2020     120.7   0.806    120.5   0.804    120.3   0.802    120.1   0.800    119.9   0.799                    
13248-3438 I   220           5    Tok2022g     55.3   0.050     63.7   0.043     75.3   0.036     91.0   0.032    110.3   0.030                    
13258+4430 A  1609AB         2    Hei1991     182.0   0.149    210.0   0.155    234.7   0.168    255.4   0.185    272.5   0.204                    
13258-7038 67 Mus            9    Ren2013     108.1   0.0008   156.9   0.0010   184.7   0.0014   203.4   0.0015   224.6   0.0012  astrometric orbit
13284+1543 STT 266           4    Izm2019     358.9   1.964    359.1   1.961    359.2   1.958    359.3   1.955    359.5   1.952                    
13286-2306 HDS1887           4    Tok2018e    278.3   0.179    265.6   0.182    253.8   0.191    243.2   0.204    234.0   0.219                    
13288+5956 STF1752AB         5    Tok2021c    101.5   0.889    100.9   0.884    100.4   0.878     99.9   0.873     99.3   0.867                    
13291+1128 BU  113AB         5    Hrt2013a    273.5   1.720    274.0   1.719    274.4   1.719    274.9   1.719    275.4   1.718                    
13291-6441 GC 18206          9    HIP1997d     27.8   0.0108   163.6   0.0088    60.0   0.0130   236.6   0.0072    87.9   0.0126  astrometric orbit
13305+0729 A  1789           3    GmJ2022     151.6   0.199    150.0   0.200    148.5   0.201    147.0   0.201    145.4   0.202                    
13306-4238 HDS1891           2    Tok2024b    266.3   0.162    229.3   0.148    186.1   0.141    143.3   0.150    108.1   0.170                    
13310-3924 SEE 179           2    Tok2015c     19.5   0.143     15.6   0.139     11.4   0.135      6.9   0.131      2.1   0.126                    
13317-0219 HDS1895           1    Doc2023d    123.6   0.147    168.2   0.113     29.8   0.061    114.1   0.142    154.6   0.130                    
13320-6519 FIN 369AB         2    Doc2024c    354.4   0.071      9.2   0.104     17.4   0.127     23.6   0.138     29.3   0.140                    
13320+3108 WOR  24           3    Doc2000b    335.4   0.263    320.5   0.219    296.8   0.165    244.9   0.102    149.2   0.111                    
13325-6914 I   298           5    Tok2023e    148.1   0.481    147.3   0.477    146.4   0.473    145.6   0.469    144.7   0.465                    
13327+2230 HDS1898           5    Tok2020e    219.2   0.209    223.2   0.211    227.2   0.211    231.2   0.205    235.7   0.193                    
13328+1649 VYS   6           5    Hei1990d     58.7   2.563     59.4   2.542     60.0   2.521     60.7   2.499     61.4   2.477                    
13329+3454 STT 269AB         2    Hei1997     230.5   0.274    231.2   0.267    231.9   0.259    232.6   0.249    233.4   0.239                    
13331+4316 COU1754           5    Hor2021b    359.9   0.317    359.0   0.339    358.3   0.361    357.6   0.382    357.0   0.402                    
13334+0919 HDS1902           4    Tok2020e    273.4   0.185    278.7   0.180    284.3   0.174    290.5   0.164    297.5   0.152                    
13336+2944 A  1095           4    Ole2002a    302.6   0.279    304.5   0.272    306.5   0.265    308.7   0.257    311.0   0.250                    
13341+6746 STF1767           5    Kiy2016     349.0   4.441    348.9   4.438    348.8   4.435    348.8   4.432    348.7   4.430                    
13342-1623 RST3844           3    Tok2015c    138.4   0.112    132.5   0.122    127.5   0.133    123.3   0.144    119.8   0.155                    
13343-0019 STF1757AB         3    Izm2019     150.7   1.526    152.1   1.506    153.5   1.485    154.9   1.466    156.4   1.446                    
13344-4224 SEE 182           5    Tok2020e    107.5   0.205    109.5   0.221    111.2   0.237    112.7   0.252    114.1   0.267                    
13344-5931 TOK 403           3    Msn2023      49.7   0.130     38.8   0.123     26.2   0.113     11.1   0.103    353.4   0.097                    
13347-1313 BU  932AB         3    Sca2014b     69.3   0.432     69.7   0.433     70.0   0.434     70.4   0.435     70.8   0.436                    
13348+3711 BH CVn            9    Abb2015      13.7   0.0011    97.1   0.0011   181.0   0.0011   264.7   0.0011   348.3   0.0011  astrometric orbit
13356-3721 B   811           5    Tok2022g    338.5   0.148    336.7   0.149    335.0   0.150    333.3   0.151    331.6   0.152                    
13372-6142 I   365AB         2    Sod1999     131.1   0.383    127.1   0.384    123.1   0.385    119.1   0.385    115.1   0.382                    
13375+3618 STF1768AB         3    Izm2019      92.9   1.702     92.6   1.696     92.4   1.690     92.1   1.684     91.8   1.678                    
13377-2337 RST2856AB         4    Tok2024c    288.8   0.325    289.2   0.320    289.6   0.315    290.0   0.310    290.4   0.304                    
13379+4808 ES  608AB         5    Izm2019     349.9   1.385    351.6   1.370    353.4   1.357    355.2   1.344    357.1   1.332                    
13381+3910 STF1769AB         5    Izm2019      46.7   1.479     46.9   1.472     47.1   1.465     47.4   1.457     47.6   1.450                    
13387-7011 DON 609           5    Tok2021f    172.7   0.072    169.6   0.076    166.7   0.080    164.2   0.084    161.8   0.088                    
13396+1045 BU  612AB         1    Msn1999a    184.0   0.219    191.1   0.247    196.9   0.270    202.0   0.287    206.5   0.299                    
13400+3759 HU  897AB         4    Zir2015a     64.3   0.355     65.2   0.354     66.2   0.353     67.1   0.351     68.1   0.350                    
13401-6033 TOK 292Ca,Cb      4    Tok2024c    212.9   0.163    201.7   0.172    191.8   0.182    182.9   0.192    174.8   0.202                    
13417-2915 HDS1922           4    Tok2019c     62.4   0.223     61.3   0.223     60.2   0.222     59.1   0.221     57.9   0.219                    
13427+3459 HR 5161           9    Ren2013     253.2   0.0009    44.6   0.0008   293.9   0.0015   106.2   0.0011   313.5   0.0017  astrometric orbit
13437-4204 FIN 353AB         3    Tok2023a     44.4   0.060     44.8   0.069     45.2   0.076     45.5   0.083     45.7   0.088                    
13450+0206 HDS1935           4    Tok2021c     42.2   0.735     40.8   0.748     39.4   0.760     38.1   0.773     36.8   0.785                    
13453+0903 BU  115AB         4    Tok2024d    260.4   1.585    260.7   1.583    261.0   1.581    261.3   1.580    261.6   1.578                    
13461+0507 STF1781AB         2    Izm2019     201.6   1.088    202.3   1.096    203.0   1.105    203.6   1.112    204.2   1.120                    
13467-5126 M Cen             9    Jnc2005     166.1   0.0051   119.0   0.0067    82.4   0.0061     5.3   0.0038   287.5   0.0058  astrometric orbit
13472-0943 KUI  65           4    Tok2017c    318.5   0.192    316.7   0.204    315.1   0.215    313.6   0.226    312.3   0.237                    
13473+1727 STT 270AB         5    Dru2014     115.9   1.157    123.0   1.151    130.1   1.154    137.2   1.164    144.1   1.181                    
13482+2248 COU 401           4    Doc2010h    354.1   0.390    354.7   0.394    355.3   0.397    355.9   0.399    356.5   0.400                    
13491+2659 STF1785           2    Izm2019     196.0   2.559    197.3   2.515    198.7   2.470    200.0   2.425    201.5   2.379                    
13497+2116 6 Boo             9    Gln2007      57.8   0.0063   226.9   0.0084   143.6   0.0101    81.3   0.0086   245.6   0.0082  astrometric orbit
13498+3638 GC 18691          9    HIP1997d      1.8   0.0059   207.5   0.0057   122.7   0.0036    45.0   0.0081    23.4   0.0098  astrometric orbit
13513+2442 BD+25 2689        9    Ren2013     233.8   0.0027    80.4   0.0027   238.3   0.0029    85.8   0.0025   242.4   0.0030  astrometric orbit
13513-2423 WSI  77           2    Tok2024c    176.8   0.295    174.0   0.347    171.7   0.343    168.6   0.269    159.7   0.113                    
13514+2620 YSC  50Aa,Ab      4    Tok2024a    209.5   0.082    212.4   0.118    214.0   0.149    215.1   0.171    216.0   0.184                    
13520-3137 BU  343AB         3    Tok2020e    185.8   0.909    184.7   0.927    183.7   0.946    182.7   0.963    181.8   0.981                    
13527-1843 WSI  78           3    USN2019     156.4   0.026    205.9   0.016    274.7   0.018    104.4   0.026    119.6   0.042                    
13535+1257 BEU  18           2    Msn2023      54.7   0.135     28.0   0.226     14.7   0.272      3.7   0.272    350.2   0.223                    
13535-3540 HWE  28AB         3    Izm2019     318.1   1.004    318.5   1.003    318.8   1.001    319.2   0.999    319.6   0.997                    
13539-1440 RST3852           2    Tok2025b    322.1   0.241    320.2   0.238    318.4   0.235    316.4   0.231    314.4   0.227                    
13539-1910 HU  898           3    Doc2012a    309.3   0.407    310.1   0.411    310.9   0.415    311.8   0.419    312.6   0.422                    
13539+1008 BU  614AB         4    Hrt2014b     93.0   0.442     92.1   0.442     91.2   0.442     90.3   0.441     89.4   0.441                    
13540+3249 STF1789           5    Kiy2020     325.3   6.145    325.3   6.148    325.3   6.152    325.3   6.155    325.3   6.158                    
13540+3249 STF1789           5    Kiy2020     328.0   6.761    328.0   6.763    328.0   6.765    328.0   6.767    328.0   6.769                    
13547+1824 eta Boo           9    Jnc2005     217.5   0.020    262.0   0.043    313.9   0.020     73.8   0.028    232.5   0.028   astrometric orbit
13550-0804 STF1788AB         5    Izm2019     101.9   3.672    102.1   3.674    102.2   3.676    102.4   3.677    102.6   3.679                    
13550-4235 I   401AB         4    Tok2024b    254.9   0.426    254.3   0.427    253.7   0.428    253.1   0.429    252.5   0.430                    
13562+7443 BD+75  523        9    Jnc2005     347.6   0.0165     8.3   0.0180    33.1   0.0136   197.5   0.0035   335.5   0.0140  astrometric orbit
13571-2731 I   234           4    Tok2015c    203.2   0.563    202.1   0.561    201.0   0.559    200.0   0.557    198.9   0.554                    
13574-6229 FIN 370           2    Msn2023     259.5   0.105    233.6   0.102    206.2   0.100    179.3   0.105    156.1   0.116                    
13577+5200 A  1614           3    RAO2015     296.6   1.402    296.2   1.401    295.9   1.401    295.5   1.400    295.2   1.399                    
13583+0213 A  2167           3    Hrt2010a     71.8   0.158     69.0   0.150     65.8   0.140     62.1   0.129     57.7   0.116                    
13598-0333 HDS1962           2    Tok2024c    128.4   0.053    170.5   0.054    206.8   0.057    263.9   0.032      9.1   0.052                    
14001+0416 HDS1965           4    Tok2023a    308.1   0.063    304.1   0.056    298.9   0.050    292.5   0.044    284.2   0.039                    
14019+1530 ALD 112           5    Izm2019     336.0   1.479    335.2   1.464    334.4   1.449    333.6   1.433    332.8   1.417                    
14020-2108 WSI  79           4    Tok2018b    355.2   0.319    351.9   0.328    348.8   0.335    345.8   0.338    342.9   0.338                    
14020+5713 A  1097AB         4    Sca2000a    264.5   0.405    265.5   0.402    266.6   0.399    267.7   0.396    268.8   0.393                    
14023-5233 RST2884           5    Tok2022g    153.1   0.206    151.0   0.197    148.7   0.187    146.1   0.178    143.2   0.168                    
14025-2440 B   263AB         4    Tok2020e    169.4   0.320    172.6   0.338    175.5   0.355    178.1   0.372    180.5   0.388                    
14024+4620 SWI   1AB         4    Izm2019      26.1   3.743     26.2   3.745     26.3   3.746     26.4   3.747     26.5   3.748                    
14030-3141 BU 1197           5    Izm2019     223.9   2.494    224.0   2.499    224.2   2.504    224.3   2.509    224.5   2.514                    
14031-6030 JSP 612           5    Tok2024b    197.1   0.130    198.9   0.131    200.6   0.132    202.3   0.133    204.0   0.134                    
14035+1047 GJ  538           3    Tok2020e     75.3   0.444     73.5   0.466     71.7   0.430     69.1   0.336     63.0   0.180                    
14037+0829 BU 1270           1    USN2006b     80.9   0.140     96.5   0.130    114.9   0.120    136.5   0.110    161.5   0.104                    
14038-6022 RBT   1Aa,Ab      2    Dvs2005     318.3   0.029    319.6   0.029    321.1   0.028    322.6   0.027    324.2   0.027                    
14038-6022 VOU  31AB         3    Tok2024e    112.8   0.214     99.2   0.194     80.4   0.155     45.3   0.107    349.2   0.109                    
14044+6423 NOI   4           1    Pak2022      75.7   0.0063    78.6   0.0043    91.9   0.0014   243.0   0.0019   253.7   0.0030                   
14047-7204 HDS1975           4    Tok2018e    103.4   0.140    115.4   0.142    127.0   0.145    138.2   0.147    149.2   0.148                    
14048-3200 LPR   2           4    Dup2017     199.3   0.026     37.4   0.082     18.8   0.133      9.6   0.170      3.4   0.196                    
14051+4913 BEM   7           5    Kiy2020      84.7   4.656     84.7   4.657     84.7   4.659     84.7   4.660     84.7   4.661                    
14056-3916 I  1575           3    Tok2024d     56.6   0.110     52.0   0.120     48.2   0.130     44.8   0.138     41.9   0.147                    
14063-2635 BU  938           4    Tok2022g    121.2   0.418    121.0   0.416    120.8   0.414    120.5   0.412    120.3   0.409                    
14077-4952 SLR  19           4    Izm2019     336.6   0.946    337.8   0.928    339.0   0.910    340.3   0.892    341.6   0.874                    
14087+3341 HU  742           4    FMR2012h    322.5   0.513    321.6   0.531    320.7   0.549    319.9   0.567    319.2   0.585                    
14088+7733 BNU   9           9    Ren2013      35.7   0.0022   172.5   0.0035   310.9   0.0031   125.5   0.0033   234.2   0.0027  astrometric orbit
14094+1015 RAO  16           3    Tok2019c    244.2   0.090    237.8   0.064    212.1   0.021    264.0   0.069    258.6   0.098                    
14096-4422 CD-43 8827        9    Pbx2000a    317.4   0.0033   212.5   0.0039   159.1   0.0039    60.2   0.0034     8.5   0.0051  astrometric orbit
14104+2506 12 Boo            8    Knc2010     281.5   0.0027   277.0   0.0030   273.3   0.0033   270.0   0.0034   267.0   0.0036                   
14106+0528 YSC  52Aa,Ab      3    Tok2023a    107.4   0.065     77.9   0.046     12.6   0.033    310.9   0.049    284.5   0.069                    
14110+3152 GC 19140          9    HIP1997d    230.9   0.0089   145.7   0.0054    27.2   0.0101   250.8   0.0069   177.7   0.0073  astrometric orbit
14117-4105 HDS1992           4    Tok2025b    146.9   0.040    136.3   0.035    121.3   0.029     99.9   0.025     73.5   0.024                    
14122+4411 STT 278           3    Hrt2009     265.9   0.413    265.0   0.416    264.1   0.419    263.3   0.422    262.5   0.425                    
14124+2843 STT 277AB         4    Ole2002d    263.6   0.234    264.8   0.243    265.9   0.250    266.9   0.258    267.9   0.265                    
14131+5520 STF1820A          9    Ren2013      45.8   0.0074    34.8   0.0003    45.1   0.0097    45.9   0.0065    43.8   0.0032  astrometric orbit
14131+5520 STF1820           4    Izm2019     125.2   2.863    125.4   2.874    125.7   2.884    126.0   2.894    126.3   2.905                    
14135+1234 BU  224           4    Lin1985c     95.5   0.735     95.2   0.744     94.8   0.752     94.4   0.760     94.1   0.769                    
14135+5147 STF1821A          9    Kiy2017b     14.8   0.051     19.0   0.049     23.7   0.046     29.1   0.042     36.0   0.037   astrometric orbit
14135+5147 STF1821B          9    Kiy2017b    343.2   0.0096   168.8   0.0082   190.5   0.0268   199.9   0.0235   225.1   0.0104  astrometric orbit
14135+5147 STF1821AB         5    Izm2019     235.3  13.676    235.3  13.681    235.3  13.685    235.3  13.690    235.3  13.694                    
14136+5522 HDS1995           4    Hor2021b     63.9   0.253     54.6   0.231     42.9   0.201     26.6   0.166      1.9   0.135                    
14138+3059 COU 606           3    Doc2018a     47.6   0.251     41.5   0.243     34.9   0.232     27.6   0.218     19.1   0.201                    
14139+2906 STF1816           4    Zir2014a    105.6   0.281    106.7   0.269    108.0   0.258    109.4   0.246    110.9   0.235                    
14142-0831 BU  939AB         5    Pop1996b     31.3   0.549     30.7   0.553     30.2   0.558     29.7   0.562     29.1   0.567                    
14142+2642 STF1817           5    Zir2014a    309.5   0.139    305.5   0.132    301.2   0.126    296.4   0.121    291.3   0.117                    
14144-1521 CVN  25Aa,Ab      4    Tok2021f    249.6   0.330    258.2   0.316    267.8   0.294    279.5   0.261    295.3   0.216                    
14144-1521 RST3869AB         5    Tok2021f     87.3   1.732     88.1   1.753     89.0   1.773     89.8   1.793     90.6   1.812                    
14147-4412 HDS2000           4    Tok2023e    278.1   0.153    271.5   0.152    264.8   0.152    258.2   0.152    251.6   0.153                    
14152-6739 DON 652           3    Tok2024b    258.5   0.179    260.3   0.260    261.3   0.327    262.0   0.385    262.5   0.437                    
14153+0308 STF1819AB         2    Izm2019     145.6   0.861    143.4   0.859    141.1   0.858    138.8   0.857    136.5   0.856                    
14158+1018 A  1101AB         2    Sca2018d    211.9   0.340    210.0   0.334    208.1   0.327    206.1   0.317    203.9   0.304                    
14160-0704 HU  138           3    Tok2024d    221.1   0.603    222.0   0.603    222.8   0.603    223.6   0.603    224.4   0.602                    
14160-0600 iot Vir           9    Gon2010     130.3   0.520    137.9   0.563    144.5   0.610    150.1   0.657    154.9   0.702   astrometric orbit
14165+3334 HU 1266           3    Doc2012e    280.1   0.057    335.1   0.061     13.4   0.077     37.5   0.095     53.9   0.113                    
14165+2007 STF1825           5    Izm2019     152.0   4.366    151.8   4.359    151.7   4.351    151.5   4.343    151.3   4.335                    
14179+6914 A  1102           4    USN2017b     75.1   0.483     74.5   0.484     73.9   0.485     73.4   0.485     72.8   0.486                    
14180+3531 A Boo             9    Ren2013     193.1   0.0020   354.3   0.0007   204.3   0.0021   197.4   0.0030    73.0   0.0001  astrometric orbit
14189+5452 CHR 137           4    Doc2010h     27.9   0.106     20.5   0.108     12.5   0.100      2.1   0.082    342.5   0.052                    
14190-0636 HDS2016AB         2    Tok2023a    115.8   0.260    108.1   0.330    102.6   0.363     97.5   0.365     92.1   0.342                    
14191-1322 lam Vir           8    Zha2007      13.5   0.0194    60.8   0.0096   183.7   0.0174   220.5   0.0124     3.7   0.0163                   
14203+4830 STF1834           3    WSI2015     103.5   1.661    103.6   1.667    103.6   1.673    103.6   1.679    103.7   1.684                    
14206-3753 GAA   9Aa,Ab      4    GaA2019     296.0   0.0071   114.8   0.0020   295.7   0.0074   297.0   0.0032   295.2   0.0045                   
14219-3126 BWL  38           3    Tok2024a    102.3   0.051     79.3   0.080     67.9   0.101     59.2   0.101     46.3   0.066                    
14231+0729 A  1104           5    Izm2019     238.6   0.448    238.0   0.445    237.4   0.441    236.8   0.438    236.2   0.434                    
14234+0827 BU 1111BC         1    Sod1999      47.5   0.277     52.5   0.269     57.9   0.258     63.8   0.245     70.4   0.230                    
14242+1616 MCA  39           3    Tok2024b    154.3   0.047    153.3   0.052    152.3   0.053    151.4   0.051    150.3   0.045                    
14243-3838 RST1785           4    Doc2018l    273.0   0.233    275.4   0.230    277.9   0.228    280.5   0.225    283.1   0.222                    
14247-1140 STF1837           4    Izm2019     268.7   1.180    268.3   1.176    268.0   1.173    267.7   1.170    267.3   1.166                    
14260+4213 COU1757           3    Hrt2014b    142.9   0.233    146.1   0.239    149.1   0.245    152.0   0.249    154.9   0.252                    
14261-6536 HDS2031           4    Tok2019c    259.3   0.196    257.3   0.208    255.5   0.219    253.9   0.227    252.3   0.232                    
14262-4523 I   402           2    Tok2021f    353.1   0.081    358.8   0.072     22.1   0.019    166.8   0.052    173.1   0.108                    
14265+1557 CLO   1           4    Kon2010     344.8   0.551    344.8   0.562    344.9   0.572    344.9   0.582    344.9   0.592                    
14267+1625 A  2069           2    Sca2001g    283.9   0.116    272.3   0.138    264.0   0.159    257.5   0.180    252.4   0.199                    
14268-0511 LDS4465A          7    Hwd2010        .     .          .     .          .     .          .     .          .     .      incomplete elements
14275-3527 TOK 724           2    Msn2023     138.1   0.0400   306.8   0.0021   134.7   0.0052   137.5   0.0506   138.0   0.0428                   
14277-4113 I  1243AB         5    USN2017e    234.3   0.240    232.2   0.240    230.2   0.241    228.1   0.241    226.1   0.242                    
14294+8049 GC 19630          9    HIP1997d     69.1   0.014     74.3   0.015     79.4   0.015     84.6   0.015     90.0   0.014   astrometric orbit
14295-3702 HDS2045Aa,Ab      2    Tok2018e    308.3   0.085    281.4   0.086    256.1   0.092    235.4   0.103    219.3   0.118                    
14295+3612 HU 1268           4    Hrt2008     327.4   0.346    326.7   0.349    326.0   0.352    325.3   0.355    324.6   0.357                    
14305+2505 LSC  55           4    Tok2024b     82.9   0.078     99.2   0.085    112.6   0.094    123.5   0.105    132.3   0.116                    
14310-0548 RST4529           1    Tok2025b    123.4   0.230    132.4   0.246    140.3   0.261    147.3   0.275    153.7   0.287                    
14323+2641 A   570AB         1    Sca2024a    180.9   0.227    172.7   0.227    164.3   0.226    155.9   0.223    147.2   0.219                    
14325+0547 HDS2053AB         3    Hor2017     247.5   0.128    238.9   0.153    231.9   0.154    223.2   0.123    202.1   0.065                    
14330-4224 HDS2054           4    Tok2017b     16.5   0.131     15.5   0.138     14.6   0.144     13.7   0.151     13.0   0.157                    
14330+0340 SAO 120520        9    HIP1997d    320.8   0.0046   164.0   0.0112     2.5   0.0058   329.9   0.0066   166.2   0.0111  astrometric orbit
14330+0656 YSC   6           4    Hor2021b    146.8   0.163    154.0   0.160    161.3   0.159    168.8   0.158    176.2   0.159                    
14330+0656 YSC   6           5    Doc2021e    176.6   0.237    180.9   0.258    184.6   0.279    187.8   0.302    190.5   0.325                    
14332-6935 HDS2055           5    Tok2020g    342.0   0.120    339.0   0.128    336.4   0.135    334.0   0.143    331.9   0.150                    
14336+3535 STF1858AB         5    Izm2019      37.6   2.985     37.6   2.983     37.6   2.980     37.6   2.977     37.6   2.974                    
14350+0907 RUC   8           7    Pbl2006        .     .          .     .          .     .          .     .          .     .      incomplete elements
14353+4302 LSC  56Aa,Ab      4    Tok2019e    312.4   0.032    337.6   0.019     46.2   0.015     86.4   0.027    100.3   0.040                    
14357-4537 HDS2060           4    Tok2018e     42.6   0.325     41.9   0.346     41.3   0.366     40.7   0.384     40.2   0.402                    
14358+0015 BU  941AB         4    Lin2022b    316.1   0.254    314.2   0.265    312.4   0.276    310.8   0.287    309.3   0.298                    
14369+4813 A   347           3    Doc2017k    227.1   0.542    226.0   0.541    224.9   0.540    223.8   0.539    222.6   0.538                    
14370-1218 GC 19695          9    HIP1997d    249.9   0.020    108.0   0.020    356.8   0.013    247.6   0.019    105.7   0.020   astrometric orbit
14373-4608 FIN 318Aa,Ab      4    Tok2014a    114.2   0.195    113.1   0.195    112.0   0.196    110.9   0.196    109.8   0.197                    
14375+0217 CHR  42Aa,Ab      3    Tok2015c    156.1   0.226    158.2   0.225    160.4   0.222    162.6   0.216    165.1   0.207                    
14376-1632 FR   17           5    Tok2024b     21.7   0.035    179.1   0.029    318.7   0.021     79.1   0.022    224.2   0.031                    
14380+5135 STF1863           4    Zir2013a     57.7   0.648     57.4   0.647     57.2   0.647     56.9   0.647     56.7   0.647                    
14382+1402 TOK 406           3    Tok2020e    149.5   0.059     76.6   0.069     40.5   0.105     21.8   0.130      7.4   0.135                    
14383-4954 FIN 371           3    Tok2019c     75.9   0.062     71.2   0.071     67.6   0.080     64.6   0.088     62.1   0.095                    
14390+6417 KON   1           5    Kng2005     169.2   0.445    168.8   0.396    168.3   0.343    167.6   0.282    166.5   0.214                    
14396-6050 RHD   1AB         2    Ake2021       9.2   8.737     11.9   9.294     14.3   9.765     16.5  10.121     18.6  10.329                    
14396-6050 LDS 494AC         5    Krv2017     266.3 126.023    266.2 126.022    266.2 126.021    266.2 126.020    266.2 126.020                    
14400-5300 B  1252           3    Tok2019d    290.6   0.259    292.2   0.278    293.7   0.295    295.0   0.311    296.2   0.326                    
14404+2159 MCA  40           2    Hor2011b     69.4   0.064     45.3   0.037    314.6   0.026    274.0   0.056    260.0   0.071                    
14407+3117 STF1867           4    Zir2013a    349.9   0.600    349.5   0.594    349.1   0.588    348.7   0.581    348.2   0.575                    
14410+5757 STF1872AB         5    Kiy2010      49.9   7.497     50.0   7.496     50.0   7.494     50.1   7.492     50.2   7.490                    
14411-2237 RST2917           4    USN2002     142.8   0.297    141.2   0.290    139.5   0.283    137.7   0.275    135.7   0.267                    
14411+1344 STF1865AB         2    Sca2007f    338.3   0.171    333.0   0.249    330.1   0.311    328.1   0.365    326.5   0.413                    
14416+5124 STF1871           4    Izm2019     313.6   1.884    313.8   1.885    314.0   1.886    314.1   1.886    314.3   1.887                    
14421+6116 STF1878           5    Izm2019     313.6   4.116    313.5   4.111    313.4   4.106    313.3   4.100    313.2   4.095                    
14426+1929 HU  575AB         2    Sod1999      25.3   0.482     19.6   0.513     14.5   0.541      9.8   0.563      5.5   0.578                    
14428-7256 B  2771           4    Tok2024b    290.4   0.157    308.0   0.172    322.3   0.193    333.6   0.218    342.5   0.244                    
14428+0635 A  1109AB         5    WSI2006b     90.6   1.788     90.8   1.794     91.0   1.800     91.2   1.805     91.4   1.811                    
14430-0648 BU  807           5    Izm2019     293.4   0.439    294.5   0.436    295.6   0.433    296.7   0.430    297.8   0.428                    
14432+2246 COU  99           5    Ksr2021     198.3   0.641    197.4   0.640    196.6   0.640    195.8   0.639    195.0   0.639                    
14453-3609 I   528AB         2    Tok2024c     50.9   0.037     69.9   0.048     82.4   0.056     92.3   0.062    100.9   0.065                    
14455+4223 STT 285AB         2    Sca2015b     67.2   0.484     65.7   0.480     64.1   0.476     62.5   0.472     60.9   0.467                    
14459+2344 COU 100           4    Doc2010h      9.8   0.361      9.1   0.362      8.3   0.362      7.5   0.362      6.7   0.361                    
14462-2111 FIN 309           1    Msn2023     117.7   0.262    126.2   0.281    133.9   0.288    141.5   0.284    149.6   0.270                    
14463+0939 STF1879AB         3    Msn1999a     81.0   1.711     80.8   1.709     80.6   1.707     80.4   1.704     80.2   1.702                    
14464-0723 STF1876AB         4    Izm2019     115.9   1.306    116.2   1.306    116.5   1.307    116.9   1.307    117.2   1.307                    
14484+2422 STF1884           4    Izm2019      54.2   2.151     54.2   2.150     54.2   2.149     54.2   2.148     54.2   2.147                    
14485-1720 BU  346           5    Tok2025a    278.8   2.779    278.9   2.789    279.0   2.799    279.1   2.809    279.3   2.819                    
14485-1720 BU  346Aa,Ab      9    Tok2025a    203.9   0.022    228.7   0.034    242.1   0.041    252.6   0.044    263.1   0.041   astrometric orbit
14489+0557 STF1883           2    Izm2019     276.0   1.078    275.8   1.083    275.6   1.088    275.4   1.093    275.2   1.097                    
14490-5807 HDS2087           3    Tok2024c    141.5   0.101    126.3   0.111    113.1   0.115     99.3   0.108     82.1   0.092                    
14492-1050 HU  141           4    Zir2015a    313.4   0.436    313.8   0.438    314.1   0.440    314.5   0.442    314.8   0.444                    
14492+1013 A  2983           1    JAA2022     326.4   0.167    341.8   0.132     14.4   0.079    111.7   0.058    195.6   0.068                    
14493-1409 BU  106AB         4    Zir2015a      7.8   1.958      7.9   1.959      8.1   1.960      8.3   1.961      8.4   1.962                    
14494-6714 DON 680           5    Tok2022g    241.3   2.447    241.2   2.461    241.0   2.474    240.9   2.487    240.8   2.499                    
14497+4843 STF1890           4    Izm2019      45.9   2.512     45.9   2.503     46.0   2.495     46.0   2.486     46.0   2.478                    
14503+2355 POT   1A,BC       5    Gns2013b     95.8   2.537     95.6   2.536     95.4   2.535     95.2   2.533     95.1   2.532                    
14503+2355 POT   1A,BC       5    Gns2013b     97.3   2.541     97.1   2.540     97.0   2.538     96.8   2.536     96.6   2.535                    
14503+2355 POT   1BC         2    Dup2017     149.4   0.047    138.2   0.097    133.7   0.113    128.1   0.076     10.9   0.012                    
14509-1603 BEU  19Ba,Bb      4    Tok2024c     49.1   0.200     78.4   0.262     95.6   0.332    107.1   0.387    116.2   0.421                    
14511-3706 I   529           5    Dom1978      38.4   1.253     38.2   1.263     37.9   1.274     37.7   1.284     37.5   1.295                    
14514+1906 STF1888AB         2    Kpp2020f    288.9   4.810    287.3   4.716    285.5   4.622    283.7   4.527    281.8   4.432                    
14515+4456 STT 287           4    Hei1997       8.3   0.577      9.3   0.562     10.3   0.546     11.5   0.531     12.6   0.515                    
14516-4335 FIN 319           3    Doc2020d     95.4   0.143     99.5   0.163    102.9   0.170    106.3   0.162    110.5   0.137                    
14516-4335 FIN 319           2    Msn2023     278.2   0.147    283.7   0.152    289.1   0.150    294.9   0.140    302.1   0.122                    
14525+1844 BU   31AB         4    Hrt2014a    222.7   2.018    222.9   2.018    223.0   2.019    223.2   2.019    223.4   2.019                    
14531-4638 I   952           4    FMR2020a    305.5   0.784    304.4   0.786    303.3   0.787    302.2   0.789    301.1   0.790                    
14534+1542 STT 288           4    Hei1998     152.0   0.879    151.3   0.866    150.5   0.853    149.7   0.840    148.8   0.826                    
14534+1909 DE Boo            9    Jnc2005     245.3   0.019    246.4   0.022    247.3   0.022    248.2   0.020    249.6   0.015   astrometric orbit
14540+2335 REU   2           4    Msn2018a    163.4   0.225    142.3   0.401    133.4   0.540    127.9   0.653    123.9   0.747                    
14542-6625 HJ 4707           4    Izm2019     265.0   1.370    264.6   1.389    264.1   1.407    263.6   1.426    263.2   1.444                    
14544-3409 WGK   1Aa,Ab      7    WgK2016        .     .          .     .          .     .          .     .          .     .      incomplete elements
14544-3409 I   226AB         5    WgK2016     225.7   2.960    225.8   2.962    225.9   2.965    225.9   2.967    226.0   2.970                    
14545+1606 MEL   2Ba,Bb      1    Dup2017     335.3   0.096     74.9   0.101    270.0   0.061     37.7   0.105    156.8   0.073                    
14554+0010 A  2171           3    Tok2022g    327.3   0.111    322.9   0.122    319.3   0.133    316.2   0.145    313.6   0.156                    
14558+3939 A  1627           3    Baz1993a    211.1   0.228    212.8   0.224    214.6   0.220    216.5   0.215    218.4   0.210                    
14562+1745 HDS2108AB         3    Mit2020     108.6   0.141     99.6   0.150     91.7   0.160     84.8   0.171     78.7   0.183                    
14565-3438 I   227AB         2    Tok2024b     90.2   0.420     89.3   0.410     88.4   0.399     87.3   0.387     86.2   0.372                    
14565+0255 A  2172           3    Hrt2010a    110.8   0.151    109.3   0.148    107.7   0.145    106.0   0.142    104.3   0.139                    
14566-6222 B  2026           4    Tok2024e    186.4   0.187    187.6   0.190    188.9   0.192    190.1   0.195    191.2   0.197                    
14567-6247 FIN 372           2    Msn2023     252.0   0.081    242.7   0.078    232.8   0.076    222.0   0.072    210.1   0.068                    
14575-2125 H N  28Ba,Bb      2    MnA2019     208.1   0.193    199.6   0.150    357.6   0.048    243.3   0.078    220.8   0.149                    
14575-2125 H N  28AB         5    Kpp2020f    307.2  26.335    307.3  26.393    307.3  26.451    307.4  26.508    307.5  26.564                    
14576+6556 RR UMi            9    Ren2013     153.9   0.0009    28.1   0.0021   112.5   0.0009    17.8   0.0014    86.9   0.0013  astrometric orbit
14581-4852 WSI  80           3    Tok2020e    194.9   0.175    179.3   0.185    165.8   0.202    154.7   0.224    145.7   0.249                    
14584-4443 STF1896B          9    Des2011        .     .          .     .          .     .          .     .          .     .      incomplete elements
14587-2739 BU  239           4    Lin1998a     25.0   0.443     26.1   0.441     27.2   0.439     28.3   0.438     29.4   0.437                    
14588+3551 COU1136           4    Doc2010h    251.1   0.275    250.5   0.284    249.9   0.293    249.3   0.302    248.7   0.310                    
14589+0636 WSI  81           2    Msn2023     248.9   0.131    218.0   0.116    158.2   0.068     14.2   0.066    299.4   0.101                    
14592-4206 HDS2116Aa,Ab      5    GmJ2022     156.4   0.276    156.3   0.294    156.2   0.310    156.1   0.323    156.1   0.334                    
14593+4649 COU1760           4    Hrt2014b    269.9   0.239    271.3   0.241    272.7   0.243    274.0   0.245    275.4   0.248                    
14598-2201 TOK  47Aa,Ab      9    Ald1938b    293.6   0.031     43.1   0.029    134.9   0.029    244.5   0.031    338.9   0.028   astrometric orbit
15001-7332 CP-73 1409        9    SaJ2011     359.1   0.0068   339.7   0.0068   314.7   0.0052   214.7   0.0017    36.5   0.0045  astrometric orbit
15002+2129 HU  907           4    Lin2022b    315.6   0.175    318.4   0.171    321.3   0.168    324.3   0.164    327.5   0.160                    
15005+7146 9 UMi             9    Ren2013     137.1   0.0049   100.7   0.0040   352.1   0.0025   261.8   0.0027   160.9   0.0039  astrometric orbit
15006+0836 YSC   8AB         2    Tok2024c    326.5   0.101    316.7   0.062    212.1   0.018    159.8   0.076    152.6   0.114                    
15008+3508 TY Boo            7    Pbl2006        .     .          .     .          .     .          .     .          .     .      incomplete elements
15014+6012 GC 20233          9    HIP1997d    278.2   0.0040    81.4   0.0042   246.7   0.0046    54.4   0.0051   224.4   0.0056  astrometric orbit
15031+4439 CHR  43           5    Hrt2009       6.1   0.269      8.5   0.289     10.6   0.308     12.4   0.328     14.0   0.347                    
15035-4035 I  1262           4    Tok2016e     31.8   0.389     32.4   0.390     32.9   0.390     33.5   0.391     34.1   0.391                    
15038+4739 STF1909           2    Izm2019     216.2   0.685    219.9   0.838    222.5   0.991    224.4   1.142    225.8   1.291                    
15041-0653 HO  391AB         5    Lin2013b     27.9   0.886     25.4   0.884     22.9   0.883     20.3   0.884     17.8   0.885                    
15042-1530 RST3906           3    Tok2024b    334.7   0.039    334.8   0.060    334.8   0.079    334.9   0.097    334.9   0.114                    
15047-5625 RST2937           4    Tok2015c    300.0   0.073    296.6   0.073    293.2   0.073    289.7   0.073    286.3   0.073                    
15049-1835 LTT 6010          9    HIP1997d    229.6   0.0080   188.0   0.0062    36.6   0.0111   280.3   0.0033   206.5   0.0104  astrometric orbit
15051-4308 B  1261           4    Tok2022g    297.0   0.081    310.6   0.063    332.6   0.051      1.8   0.048     26.9   0.058                    
15055-0701 BU  119AB         4    Kiy2017     272.8   2.363    272.6   2.369    272.4   2.376    272.3   2.383    272.1   2.389                    
15071-0217 A   689           3    Doc2023c    324.6   0.354    324.4   0.349    324.2   0.342    324.0   0.333    323.8   0.323                    
15071-0217 A   689           5    Tok2024a    322.5   0.361    322.1   0.361    321.6   0.360    321.2   0.359    320.8   0.357                    
15073+1827 A  2385AB         5    Egg1946b    127.9   0.074     88.8   0.077     54.2   0.078    337.0   0.032    226.9   0.084                    
15075+5516 HU  143Aa,Ab      4    Lin2022b    323.2   0.481    324.0   0.483    324.7   0.485    325.4   0.486    326.1   0.487                    
15078+3956 COU1271           5    Cou1999b    249.0   0.380    251.6   0.380    254.2   0.380    256.8   0.380    259.4   0.380                    
15082+3958 RUC  23A          7    Pbl2006        .     .          .     .          .     .          .     .          .     .      incomplete elements
15084+2618 46 Boo            9    Jnc2005      90.7   0.0147   109.5   0.0054    55.6   0.0068    70.7   0.0150    76.3   0.0191  astrometric orbit
15088-4517 SEE 219AB         2    Tok2012b    160.9   0.171    163.6   0.180    166.1   0.189    168.3   0.197    170.4   0.206                    
15092-7614 RST1816           4    Tok2023a     36.0   0.029      9.9   0.033    350.1   0.038    335.9   0.045    325.4   0.052                    
15106+2021 HU  144           4    Tok2020g    353.9   0.093    357.4   0.096      0.6   0.100      3.5   0.104      6.3   0.108                    
15122-1948 B  2351Aa,Ab      1    Msn2023      61.2   0.132     49.1   0.140     38.2   0.147     28.3   0.153     19.0   0.157                    
15127+6008 HU 1159           3    Hrt2014b      1.6   0.311      2.2   0.312      2.8   0.313      3.4   0.313      3.9   0.314                    
15130-3045 HDS2137           5    Tok2024b     34.3   0.094     45.2   0.089     57.2   0.085     69.9   0.083     83.1   0.083                    
15136+3453 HO   60           3    Doc2017f     56.1   0.291     55.6   0.298     55.1   0.304     54.6   0.310     54.1   0.317                    
15151+3650 STT 295           4    Zir2014a     86.7   0.126     91.6   0.152     95.1   0.176     97.7   0.198     99.9   0.219                    
15152+0456 HDS2143           5    Hor2015b    259.3   0.297    258.8   0.299    258.2   0.300    257.6   0.301    257.0   0.302                    
15155+3319 STFA 27AB         5    Kis2009      77.5 104.628     77.5 104.627     77.5 104.625     77.5 104.623     77.5 104.622                    
15155+3319 STFA 27AB         5    Kis2009      78.0 106.095     78.0 106.093     78.0 106.092     78.0 106.090     78.0 106.088                    
15157-2736 BU  350           4    Tok2023a    316.1   0.150    307.8   0.152    299.9   0.155    292.3   0.160    285.2   0.166                    
15160-7025 HDS2146           4    Tok2018e    209.1   0.189    211.9   0.192    214.7   0.195    217.4   0.196    220.1   0.196                    
15160-0454 STF3091AB         2    USN2019     223.7   0.199    222.3   0.133    217.0   0.053     56.1   0.037     47.6   0.117                    
15183+2650 STF1932AB         2    Izm2019     269.3   1.586    269.7   1.581    270.1   1.576    270.5   1.570    270.9   1.564                    
15183+2650 STF1932B          9    Mlr1952d    134.9   0.027    134.9   0.024    134.9   0.021    134.9   0.017    134.9   0.014   astrometric orbit
15184+2034 HR 5692           9    Trr2011      93.2   0.0038    39.1   0.0053   329.9   0.0027   156.5   0.0031    66.0   0.0047  astrometric orbit
15185-4753 HJ 4753AB         4    Zir2015a    109.3   0.686    108.3   0.672    107.2   0.658    106.0   0.644    104.8   0.630                    
15186+2356 COU 307           5    Lin2022b    350.1   0.390    349.4   0.393    348.7   0.395    348.0   0.398    347.3   0.401                    
15192-1245 CRC  72           4    Tok2021f    250.6   0.304    258.3   0.332    265.3   0.335    272.6   0.318    281.2   0.286                    
15197-2416 HJ 4756           5    Zir2008     228.8   0.649    227.8   0.652    226.8   0.655    225.8   0.658    224.8   0.661                    
15202-3456 VI   11Aa,Ab      5    VI_2024b    221.2   0.104    233.6   0.108    245.2   0.112    255.7   0.118    265.3   0.124                    
15206+1523 HU 1160           4    Hrt2009     192.5   0.828    193.9   0.866    195.2   0.903    196.3   0.939    197.4   0.974                    
15210+2104 HU  146           4    Zir2015a    122.0   0.741    121.9   0.743    121.7   0.745    121.6   0.747    121.4   0.749                    
15226+7254 HDS2163           4    Cve2015b    181.7   0.308    182.3   0.313    183.0   0.318    183.6   0.322    184.3   0.326                    
15226-4755 SLR  20           4    Tok2015c    348.6   0.570    345.8   0.566    343.0   0.563    340.2   0.561    337.3   0.561                    
15227-4441 COP   2AB         4    Tok2015c     10.4   0.220      5.3   0.236      0.8   0.253    357.0   0.271    353.6   0.290                    
15232+3017 STF1937AB         1    Mut2010b    358.6   0.699      4.6   0.780      9.5   0.851     13.7   0.911     17.4   0.959                    
15234-5919 HJ 4757           4    Tok2020e    350.3   0.829    349.5   0.830    348.7   0.830    347.9   0.831    347.1   0.832                    
15242-1019 eps Lib           9    Jnc2005       2.0   0.0093    52.6   0.0078    20.7   0.0134   303.4   0.0035    34.4   0.0126  astrometric orbit
15243+6033 GC 20737          9    HIP1997d    205.0   0.0065   178.6   0.0071   153.1   0.0068   123.7   0.0063    92.5   0.0065  astrometric orbit
15244+5723 BD+57 1581        9    Gln2006     276.7   0.018    135.8   0.015    221.9   0.015    268.2   0.021    122.1   0.016   astrometric orbit
15244+5723 BD+57 1581        9    Gln2006     312.6   0.0116   101.7   0.0184   128.0   0.0157    17.7   0.0062   111.5   0.0234  astrometric orbit
15245+3723 CHR 181Aa,Ab      1    Izm2019     108.8   0.067    321.2   0.102    275.2   0.105    185.4   0.072     64.6   0.051                    
15245+3723 STF1938Ba,Bb      2    Sca2013a      0.2   2.176    359.8   2.170    359.5   2.164    359.1   2.157    358.7   2.151                    
15245-1322 HDS2167           4    Tok2017b      9.8   0.162      1.2   0.178    354.1   0.197    348.3   0.218    343.5   0.240                    
15246+5413 HU  149           4    Zir2015a    269.8   0.653    269.7   0.653    269.6   0.653    269.5   0.652    269.5   0.652                    
15246-4835 B  1288AB         4    Tok2015c    141.8   0.118    143.3   0.123    144.6   0.128    145.9   0.132    147.1   0.136                    
15251-3810 RST2955AB         4    Tok2019d     42.0   0.189     42.3   0.197     42.5   0.204     42.7   0.212     42.9   0.219                    
15251-2340 RST2957           3    Tok2023a     67.6   0.021     85.0   0.052     89.6   0.078     92.3   0.092     94.4   0.093                    
15252-4659 RST 767           5    Tok2015c    324.5   0.704    324.0   0.707    323.5   0.710    323.0   0.714    322.5   0.717                    
15255+4557 GC 20750          9    HIP1997d     77.1   0.0031   246.0   0.0029    53.8   0.0028   221.0   0.0028    28.6   0.0029  astrometric orbit
15258+8430 MLR 347           3    USN2017b    238.7   0.158    229.7   0.173    221.9   0.183    214.9   0.191    208.2   0.194                    
15262-2819 RST 769           5    Tok2015c    159.6   0.433    158.5   0.436    157.5   0.440    156.4   0.443    155.4   0.446                    
15264+4400 STT 296AB         4    PkO2018b    271.8   2.188    271.6   2.193    271.4   2.199    271.2   2.204    271.0   2.210                    
15273+0942 A  1120           3    Msn2023     340.9   0.210    342.2   0.196    343.8   0.180    345.8   0.162    348.3   0.142                    
15273+1738 A  2074AB         3    Doc2025a    274.9   0.278    275.8   0.268    276.8   0.258    277.9   0.246    279.2   0.233                    
15277+0606 STF1944           4    Zir2015a    288.7   0.566    287.9   0.559    287.2   0.552    286.4   0.545    285.6   0.539                    
15278+2906 JEF   1           1    Mut2010b    165.9   0.190    157.3   0.262    151.9   0.303    147.3   0.314    142.7   0.296                    
15282-0921 BAG  25Aa,Ab      2    JAA2022     330.5   0.117    344.1   0.112    321.1   0.076    338.0   0.128      1.6   0.053                    
15282+0251 A  2175           3    Tok2022g    227.7   0.185    229.2   0.182    230.8   0.179    232.3   0.176    234.0   0.173                    
15282-0626 HDS2175           5    Tok2020g    106.0   0.214    110.6   0.223    114.7   0.233    118.5   0.244    121.9   0.256                    
15290-2852 BU 1114AB         4    Tok2016e    312.1   0.0564   307.4   0.0311   269.2   0.0075   153.2   0.0214   144.8   0.0466                   
15301-0752 G 152-31          9    Hrr1988     312.7   0.038    296.9   0.033    261.3   0.017    155.0   0.016     32.0   0.011   astrometric orbit
15307+3810 HU 1163           3    Hrt2000a    196.7   0.274    198.0   0.278    199.2   0.282    200.5   0.286    201.6   0.290                    
15313-3349 B  2036AB         4    Tok2024e      0.6   0.430      0.5   0.431      0.4   0.433      0.4   0.434      0.3   0.434                    
15313-3349 HWE  78AB,C       5    Izm2019     118.0   1.396    117.6   1.392    117.2   1.387    116.9   1.382    116.5   1.377                    
15314+3637 HR 5769           9    Ren2010      54.8   0.026     21.6   0.028    271.3   0.010     43.5   0.031      7.2   0.023   astrometric orbit
15317+0053 TOK  48           2    JAA2023     237.5   0.024    104.7   0.049    170.1   0.047     59.3   0.035    141.2   0.056                    
15318+4054 A  1634AB         1    Hor2012a     19.4   0.062      3.8   0.049    317.8   0.023    229.6   0.035    206.1   0.058                    
15328+1945 HU  577           2    Sca2020d     32.9   0.337     34.0   0.333     35.2   0.327     36.3   0.321     37.6   0.315                    
15329+3122 COU 610           4    Ksr2021     196.9   0.845    196.8   0.846    196.7   0.846    196.6   0.847    196.4   0.848                    
15332-2429 SEE 238Ba,Bb      2    Tok2024b    150.7   0.351    152.3   0.355    153.9   0.358    155.5   0.361    157.1   0.363                    
15332-2429 CHR 232Aa,Ab      3    Tok2016e    174.3   0.086    155.6   0.059    104.5   0.034     34.3   0.046      1.6   0.060                    
15339-1700 HDS2185           4    Tok2017b    217.7   0.510    222.3   0.522    226.8   0.533    231.0   0.545    235.1   0.557                    
15343+1616 LIM   7           4    Dup2017      73.7   0.131     80.1   0.133     86.3   0.135     92.3   0.136     98.2   0.138                    
15347+2655 COU 798           4    Doc2010h    216.7   0.280    217.4   0.285    218.1   0.290    218.8   0.295    219.5   0.300                    
15347+2643 alp CrB           9    HIP1997d    331.5   0.0012   332.6   0.0010   334.3   0.0007   338.4   0.0004     8.6   0.0001  astrometric orbit
15348-2808 TOK  49Aa,Ab      4    Tok2016e    341.5   0.212    347.1   0.200    353.5   0.182      1.8   0.157     13.6   0.126                    
15348+1032 STF1954AB         4    Izm2019     170.9   4.025    170.8   4.022    170.7   4.018    170.6   4.014    170.4   4.010                    
15348-2952 BUG   3           3    Dip2017      13.2   0.213     14.6   0.207     16.2   0.182     18.6   0.139     23.9   0.084                    
15351-4110 HJ 4786AB         4    Doc2023c     94.6   0.834     94.5   0.835     94.4   0.835     94.3   0.835     94.2   0.835                    
15355-4751 HDS2191           4    Tok2015c    203.3   0.240    203.5   0.226    203.8   0.210    204.1   0.193    204.4   0.175                    
15359+1255 STF1957           5    Izm2019     106.8   0.174    104.4   0.169    101.9   0.165     99.3   0.160     96.5   0.157                    
15360+3948 STT 298AB         1    Izm2019     194.8   1.096    196.0   1.069    197.3   1.040    198.7   1.007    200.1   0.971                    
15362-0623 TOK 301Aa1,2      4    Mdz2025     104.5   0.014    105.8   0.015    106.9   0.015    107.9   0.016    108.9   0.017                    
15362-0623 TOK 301Aa,Ab      4    Tok2022e    313.9   0.312    308.7   0.325    303.8   0.337    299.3   0.348    295.0   0.357                    
15363-3851 B  1299           3    Tok2022g    150.9   0.417    149.9   0.416    148.9   0.415    147.9   0.413    147.0   0.411                    
15367-4208 TOK 408Ca,Cb      4    Tok2024a    241.7   0.035    274.2   0.055    295.8   0.052    339.4   0.030     62.4   0.036                    
15370+6426 HU 1168           3    Doc2009g    280.8   0.490    279.8   0.485    278.7   0.480    277.6   0.475    276.5   0.469                    
15379+5005 HDS2203           3    Cve2013b    264.2   0.089    274.2   0.121    280.0   0.153    283.8   0.182    286.6   0.208                    
15382+3615 HU 1167AB         5    Dru1995      80.2   1.249     80.1   1.248     80.1   1.248     80.0   1.248     80.0   1.247                    
15382+3615 STF1964CD         5    Dru1995      20.0   1.487     20.1   1.484     20.2   1.481     20.2   1.479     20.3   1.476                    
15390-5742 NLS   2Aa,Ab      4    Nls2016      28.3   0.104     54.6   0.077    240.3   0.046    332.8   0.061     14.3   0.095                    
15390+2545 COU 612           3    Doc2011h    130.4   0.194    124.8   0.180    118.2   0.166    110.4   0.151    101.0   0.137                    
15394-1355 HDS2210           3    Tok2024e     29.2   0.058      1.7   0.048    260.2   0.025    206.9   0.069    195.5   0.106                    
15396+7959 STF1989           3    Hrt2008      19.2   0.583     18.9   0.579     18.6   0.575     18.3   0.571     18.0   0.567                    
15402-5655 GC 21035          9    HIP1997d    255.9   0.0029    44.4   0.0054   211.1   0.0067    19.4   0.0061   179.6   0.0040  astrometric orbit
15404+4351 GC 21088          9    HIP1997d    109.5   0.0064   286.6   0.0060   103.3   0.0056   279.4   0.0052    94.8   0.0047  astrometric orbit
15405-1842 HDS2211AB         4    Hor2021b     15.7   0.560     12.9   0.541      9.9   0.521      6.7   0.501      3.1   0.480                    
15405+1840 A  2076           4    Zir2014a    186.9   0.737    187.0   0.738    187.1   0.738    187.3   0.739    187.4   0.739                    
15406+3128 COU 613           5    BAE2021      29.1   0.153     31.2   0.151     33.3   0.149     35.5   0.148     37.7   0.147                    
15413+7559 Ross 1057         9    Hei1993e    201.2   0.071    200.2   0.074    199.2   0.063    197.4   0.041    186.6   0.011   astrometric orbit
15413+5959 STF1969           3    Izm2019      30.6   1.138     30.7   1.146     30.8   1.155     30.9   1.163     31.0   1.171                    
15416+1940 HU  580AB         1    Mut2010b     69.8   0.205     71.8   0.188     74.5   0.154     79.5   0.105     95.8   0.047                    
15420+4203 COU1445           4    Doc2013e    212.7   0.148    213.0   0.150    213.3   0.151    213.6   0.153    213.9   0.154                    
15420+0027 A  2176           2    Tok2024b    226.4   0.184    229.5   0.178    232.9   0.171    236.6   0.164    240.6   0.155                    
15421-1928 GJ  595           9    Hen2018      38.5   0.0030   193.1   0.0031   202.8   0.0077   206.1   0.0091   210.0   0.0066  astrometric orbit
15427+2618 STF1967           2    Mut2010b    297.4   0.243    295.6   0.310    294.4   0.369    293.5   0.419    292.8   0.460                    
15428-6147 HDS2218AB         4    Tok2024b    107.1   0.038     72.2   0.043     47.1   0.052     30.1   0.062     17.9   0.072                    
15432+1340 BU  619A          9    Zir2014b     71.8   0.085     72.8   0.084     73.8   0.083     74.8   0.082     75.8   0.081   astrometric orbit
15433-0515 TOK 594Aa,Ab      3    Msn2023     118.9   0.085    134.3   0.067     50.4   0.024    106.0   0.069    121.5   0.085                    
15432-4443 I   403           5    Tok2018b    274.9   0.298    278.9   0.292    283.1   0.288    287.4   0.285    291.8   0.284                    
15440+0231 A  2230AB         5    Tok2021b     11.4   4.649     10.7   4.654     10.1   4.660      9.4   4.665      8.8   4.671                    
15440+0231 RDR   6Ba,Bb      2    Msn2023      22.8   0.206     52.3   0.063     30.5   0.215     22.5   0.204     49.9   0.071                    
15445+1116 PPM 131653        9    SaJ2013b    331.9   0.0050   156.7   0.0044    59.8   0.0137   267.9   0.0087    90.4   0.0100  astrometric orbit
15457+5040 HU  657           4    Doc2012k    172.4   0.571    172.0   0.580    171.7   0.588    171.3   0.596    171.0   0.603                    
15457-4330 L 408-123         9    TSN2020     153.9   0.017    154.0   0.038    154.0   0.050    154.0   0.054    154.0   0.052   astrometric orbit
15457-6529 RST 792           4    Tok2021f     79.4   0.138     80.4   0.147     81.3   0.154     82.1   0.162     82.8   0.168                    
15462-2804 KOH  49Ca,Cb      2    Tok2023a    109.6   0.133    100.2   0.144     91.9   0.149     83.9   0.150     75.7   0.146                    
15462-2804 BU  620AB         4    Tok2021c    354.6   0.660    354.7   0.662    354.8   0.665    354.9   0.667    355.0   0.669                    
15465+5048 COU2388           3    BAE2021     178.3   0.198    173.1   0.173    166.1   0.146    155.9   0.119    140.0   0.094                    
15465+1957 COU  66           4    Ksr2021      32.6   0.404     26.6   0.396     20.3   0.388     13.7   0.380      6.9   0.372                    
15468-5808 I   974Aa,Ab      4    Tok2021c      3.3   0.561      3.4   0.569      3.6   0.576      3.7   0.583      3.8   0.590                    
15470+4143 HDS2222           3    Cve2017b    272.3   0.101    276.1   0.097    280.2   0.093    284.8   0.089    289.9   0.083                    
15481-5811 SKF2839Aa,Ab      3    Tok2024a    220.0   0.136    192.8   0.193    176.6   0.230    164.1   0.252    153.0   0.259                    
15481-2513 HDS2226           3    Tok2024b     43.2   0.174     40.3   0.177     37.5   0.178     34.7   0.179     31.9   0.178                    
15482+7425 GJ 3922           9    Ren2013      86.3   0.0048   115.6   0.0066    51.4   0.0019   107.8   0.0069   149.7   0.0030  astrometric orbit
15492-3539 NHR   8Aa,Ab      4    Gns2014b    278.9   0.706    279.1   0.704    279.3   0.703    279.4   0.701    279.6   0.700                    
15492-3539 NHR   8Aa,Ab      5    Gns2014b    278.5   0.707    278.7   0.705    278.9   0.704    279.0   0.702    279.2   0.701                    
15492-3539 NHR   8Aa,Ab      4    Gns2014b    279.2   0.702    279.4   0.701    279.6   0.699    279.7   0.697    279.9   0.696                    
15493+6032 HU  912           3    Hei1996c    151.2   0.340    152.5   0.340    153.7   0.340    155.0   0.339    156.3   0.339                    
15493+0503 A  1126           5    Tok2024d    147.3   0.078    148.9   0.081    150.4   0.085    151.8   0.088    153.1   0.091                    
15496-0326 CHR 259           4    Tok2018e    307.8   0.494    306.7   0.510    305.6   0.526    304.6   0.541    303.6   0.555                    
15500-4855 GC 21252          9    HIP1997d    316.4   0.0027   214.5   0.0004   146.5   0.0029   141.6   0.0040   136.7   0.0028  astrometric orbit
15505-0215 RST5032           3    Tok2022g    275.5   0.142    271.9   0.147    268.5   0.151    265.3   0.155    262.2   0.158                    
15513-0305 CHR  51           3    Tok2018e     58.5   0.415     58.0   0.405     57.5   0.391     57.0   0.371     56.3   0.344                    
15521+1052 BAG   7           1    Doc2019c    128.2   0.118    317.2   0.072     79.9   0.124    147.5   0.098    357.3   0.079                    
15527+4227 chi Her           9    HIP1997d    274.9   0.0008   239.0   0.0010   208.4   0.0009   161.4   0.0007   100.3   0.0007  astrometric orbit
15529+1526 MUG  21Ba,Bb      4    Tok2024e    218.4   0.059    242.2   0.048    291.5   0.030      7.9   0.037     41.0   0.056                    
15544-6131 HDS2240           4    Tok2020g    309.2   0.118    314.9   0.135    319.4   0.151    323.1   0.165    326.1   0.179                    
15532+1312 STT 583A          9    Ren2013      44.1   0.0021   218.1   0.0028   138.3   0.0004    36.4   0.0010   215.2   0.0025  astrometric orbit
15537-0429 TOK 725           3    Msn2023      58.1   0.122     47.0   0.128     36.5   0.128     25.3   0.121     12.2   0.108                    
15542+1659 A  2080           4    Hrt2008     109.7   0.397    110.1   0.398    110.4   0.399    110.8   0.401    111.2   0.402                    
15548-6554 NZO  65           3    Doc2023c    120.7   0.443    121.1   0.479    121.6   0.514    121.9   0.546    122.2   0.576                    
15550-1923 HU 1274           4    Zir2015a    110.4   0.377    109.9   0.370    109.4   0.362    108.9   0.355    108.4   0.347                    
15557-2645 I   977           4    Sca2013d    266.8   0.661    267.4   0.673    268.0   0.685    268.6   0.697    269.2   0.709                    
15557-2645 I   977           4    Sca2013d    264.6   0.728    265.1   0.745    265.6   0.761    266.1   0.778    266.5   0.794                    
15559-0210 STF1985           5    Izm2019     355.5   6.053    355.6   6.055    355.8   6.058    355.9   6.060    356.1   6.063                    
15567-4219 BIL   5           7    Lao2016        .     .          .     .          .     .          .     .          .     .      incomplete elements
15598+4404 JNN 106           5    Bwl2020     174.6   5.136    174.6   5.136    174.5   5.137    174.5   5.138    174.4   5.138                    
16003+1140 A  1639AB         5    Zir2012b    106.9   0.238    108.3   0.238    109.7   0.239    111.1   0.239    112.4   0.240                    
16003-2237 LAB   3           1    Mdz2022     346.5   0.159    349.8   0.179    352.6   0.190    355.2   0.192    357.8   0.185                    
16009+1316 STT 303AB         4    Izm2019     175.0   1.607    175.1   1.609    175.3   1.611    175.4   1.613    175.5   1.614                    
16010+3318 rho CrB           9    Gat2001a     95.9   0.0015   158.3   0.0017   207.6   0.0018   251.3   0.0019   296.8   0.0018  astrometric orbit
16016-7843 HDS2259           4    Msn2023     337.0   0.501    337.0   0.502    337.1   0.502    337.1   0.501    337.1   0.498                    
16020-3042 B  1313           4    Tok2020g    319.5   0.106    321.4   0.112    323.3   0.117    324.9   0.121    326.5   0.124                    
16035-5747 SEE 258AB         1    Tok2015c    295.9   0.412    289.1   0.435    283.0   0.455    277.3   0.471    272.0   0.482                    
16038+1406 HDS2265           4    Tok2023a    317.3   0.172    323.3   0.215    327.3   0.254    330.3   0.291    332.6   0.324                    
16039-2032 KOH  70AB         5    Tok2018g    227.9   0.104    222.1   0.106    216.6   0.109    211.4   0.112    206.5   0.115                    
16044-1122 STF1998AB         1    Doc2009g     18.8   1.102     20.4   1.087     21.9   1.069     23.6   1.046     25.3   1.020                    
16044-1122 STF1998AC         5    Zir2008      42.0   7.509     41.9   7.505     41.7   7.502     41.5   7.498     41.3   7.494                    
16048-4044 I  1284           4    Tok2021f     64.3   0.164     64.9   0.167     65.4   0.171     65.9   0.174     66.3   0.177                    
16054-1948 bet Sco           9    Hol1997      98.2   0.0015   295.5   0.0011   100.5   0.0015   299.6   0.0011   102.6   0.0016  astrometric orbit
16054-1948 BU  947AB         3    Tok2024c    227.1   0.350    228.8   0.356    230.4   0.362    232.0   0.368    233.6   0.374                    
16054-1948 MCA  42CE         2    Tok2024c    191.4   0.029    273.5   0.057    296.9   0.084    310.4   0.100    320.7   0.111                    
16055-3214 B  1314           4    Tok2024b    149.0   0.314    148.6   0.322    148.1   0.331    147.7   0.340    147.3   0.348                    
16057-3252 SEE 264AB         4    Tok2018j    345.3   0.819    342.9   0.820    340.6   0.821    338.2   0.821    335.9   0.822                    
16057-3252 WSI  84Ba,Bb      3    Tok2018j     43.8   0.107     14.8   0.137    354.5   0.153    336.2   0.152    315.9   0.139                    
16057-2027 GJ  610           9    Are2000     208.8   0.0098    30.6   0.0095   193.2   0.0043   352.8   0.0018    63.9   0.0034  astrometric orbit
16057-0617 FIN 384Aa,Ab      2    Tok2021b    307.1   0.066    284.6   0.068    246.7   0.040    129.6   0.033    354.5   0.033                    
16057-0617 BU  948AB         4    Tok2021b     65.9   0.565     63.7   0.550     61.5   0.534     59.1   0.519     56.5   0.503                    
16059+1041 HDS2273Aa,Ab      3    Tok2020e      2.4   0.202     30.4   0.178     63.9   0.172     94.3   0.195    116.4   0.233                    
16065-4027 RST1876           3    Tok2021f    124.6   0.136    122.3   0.148    120.4   0.159    118.7   0.169    117.2   0.179                    
16066-3648 the Lup           9    HIP1997d    351.2   0.0052    60.7   0.0020   191.5   0.0064   358.7   0.0067   141.4   0.0024  astrometric orbit
16073-3645 HJ 4831A          9    Gln2007      23.5   0.0087   146.6   0.0049   281.7   0.0070    59.9   0.0110   231.1   0.0104  astrometric orbit
16076+0002 HDS2276           5    Tok2024c    355.6   0.137      4.6   0.129     15.7   0.113     30.6   0.096     50.9   0.084                    
16077-2125 MCA  43           5    Tok2024a    155.5   0.033    179.7   0.012    303.0   0.016    321.4   0.029    341.6   0.013                    
16079+1425 A  1798           4    Doc2021e    329.3   0.183    328.0   0.182    326.7   0.182    325.5   0.181    324.2   0.181                    
16085-1006 BU  949           2    Tok2015c    182.9   0.128    185.2   0.157    186.7   0.185    187.9   0.211    188.8   0.236                    
16087-2523 JNN 221Aa,Ab      5    Tok2024b    124.9   0.045    137.8   0.040    154.1   0.036    172.9   0.035    191.6   0.036                    
16088+4456 NOI   2           1    Zav2007     207.5   0.044    158.5   0.045    339.1   0.016    198.4   0.046    148.5   0.041                    
16090-0939 WSI  85           3    Tok2024d    313.7   0.143    314.1   0.149    314.5   0.147    315.0   0.134    315.7   0.109                    
16094-3103 I   557           4    Doc2024a    202.6   0.293    203.1   0.292    203.7   0.287    204.4   0.278    205.0   0.265                    
16103-2209 TOK 860           3    Tok2024d    292.8   0.0304   241.4   0.0072   134.7   0.0252   126.1   0.0457   121.9   0.0507                   
16105-0041 LSR 1610-0040     9    Dah2016     283.0   0.0060    98.5   0.0130    42.3   0.0015   102.8   0.0090    90.7   0.0081  astrometric orbit
16115+1507 A  1799           4    Zir2014a    113.2   0.824    112.9   0.827    112.7   0.831    112.5   0.834    112.3   0.837                    
16115+0943 FIN 354           3    Tok2019c     83.3   0.058     83.1   0.047     82.9   0.035     82.5   0.023     81.1   0.011                    
16118+3626 WRH  21           9    Trr2007b    230.1   0.0160   229.6   0.0133   228.6   0.0065    49.9   0.0030   231.2   0.0092  astrometric orbit
16120-1928 CHR 146Aa,Ab      3    Tok2024c    346.5   0.0067   342.5   0.0054   345.1   0.0262   345.4   0.0434   345.6   0.0571                   
16128+3922 STF2028           3    Hrt2014b    147.7   0.534    147.8   0.537    148.0   0.538    148.2   0.539    148.3   0.539                    
16133+1332 STF2021AB         4    Izm2019     359.2   4.033    359.4   4.029    359.6   4.025    359.8   4.022      0.0   4.018                    
16137+4638 A  1642           4    Hrt2001b    178.0   0.798    177.7   0.797    177.5   0.796    177.2   0.794    177.0   0.791                    
16147+3352 YSC 152Ea,Eb      9    Hei1990d    249.3   0.076    256.6   0.074    264.4   0.071    272.7   0.070    281.3   0.069   astrometric orbit
16147+3352 YSC 152Ea,Eb      5    Tok2019e     52.3   0.453     57.0   0.427     62.3   0.398     68.4   0.367     75.7   0.336                    
16140-2815 RST1883           4    Tok2019h    312.7   0.211    311.6   0.220    310.6   0.229    309.7   0.238    308.9   0.247                    
16143-1025 RST3936AB         3    Tok2019c    265.0   0.273    264.2   0.261    263.2   0.247    262.2   0.230    260.9   0.210                    
16147+3352 STF2032Aa,Ab      8    Rag2009     137.4   0.0011   295.7   0.0011    94.2   0.0011   253.9   0.0011    55.1   0.0012                   
16147+3352 STF2032AB         4    Izm2019     239.7   7.353    239.9   7.367    240.0   7.380    240.2   7.393    240.3   7.406                    
16160+0721 STF2026AB         3    Izm2019      15.3   3.666     15.1   3.680     15.0   3.693     14.8   3.706     14.7   3.720                    
16161-3037 I  1586AB         4    Tok2024c    182.4   0.363    180.9   0.364    179.4   0.364    177.8   0.365    176.3   0.366                    
16163-1836 HDS2299           4    Tok2019d    308.2   0.112    306.6   0.102    304.6   0.089    301.8   0.072    297.2   0.053                    
16169+0113 A  2181           5    Pop1995d    116.1   0.428    117.4   0.430    118.6   0.431    119.8   0.432    121.0   0.433                    
16170-5342 I   987           3    Tok2015c    300.4   0.417    303.2   0.412    306.1   0.406    309.0   0.400    312.1   0.394                    
16171+5516 BLA   3           2    Tam2008     234.0   0.143     93.6   0.092     28.4   0.109    279.6   0.119    235.7   0.146                    
16192+4140 STT 309           4    USN2002     322.7   0.270    323.8   0.270    324.9   0.270    326.0   0.270    327.1   0.269                    
16193-3529 SEE 272           3    Tok2021f    274.3   0.266    275.1   0.268    275.9   0.270    276.6   0.270    277.4   0.269                    
16193-4240 SEE 271           3    USN2001     128.2   0.347    129.9   0.343    131.6   0.339    133.3   0.334    135.1   0.329                    
16195-3054 TOK 410Ba,Bb      3    Tok2023b    288.1   0.058    268.7   0.025    282.1   0.095    288.6   0.055    270.6   0.029                    
16198+2647 A   225           2    Doc2008a    119.6   0.189    118.2   0.191    116.8   0.192    115.5   0.192    114.1   0.190                    
16199+3943 KUI  72           5    Izm2019     331.0   0.438    325.4   0.551    321.7   0.666    319.1   0.781    317.2   0.894                    
16202-3734 LDS6312           5    Kpp2020f    226.9   3.296    226.9   3.206    226.9   3.116    226.9   3.026    226.9   2.935                    
16203+3659 BD+37 2741        9    Ren2013     341.3   0.0011   291.9   0.0002   181.1   0.0008   170.9   0.0012   161.8   0.0009  astrometric orbit
16206+4535 HDS2309           4    Cve2014     270.5   0.204    274.3   0.211    277.9   0.216    281.3   0.219    284.7   0.221                    
16212-2536 NOR   1Aa1,2      8    Nor2007      87.7   0.0033    65.8   0.0037    47.7   0.0040    31.8   0.0042    17.2   0.0044                   
16212+2259 HU  481           3    Hrt2010a    226.5   0.496    224.7   0.508    223.0   0.519    221.4   0.530    219.9   0.541                    
16216+3631 COU 982           4    Doc2025a    258.4   0.470    259.5   0.476    260.6   0.482    261.6   0.487    262.6   0.490                    
16219+1327 GC 22009          9    HIP1997d    259.6   0.0017    33.8   0.0023   333.8   0.0024   189.3   0.0017     5.7   0.0032  astrometric orbit
16224-3220 JSP 691           4    Tok2015c      3.6   0.600      2.4   0.606      1.2   0.612      0.1   0.618    358.9   0.624                    
16229-1701 CHR  54           3    Tok2015c     89.8   0.098     85.4   0.112     82.0   0.126     79.2   0.139     77.0   0.152                    
16229+3803 COU1281           3    Doc2012h     43.2   0.200     45.5   0.195     48.1   0.188     50.8   0.180     53.8   0.172                    
16235+3321 VBS  26AB         4    USN2002     273.7   0.100    267.5   0.105    261.8   0.110    256.6   0.115    251.9   0.121                    
16240+4822 HEN   1Aa,Ab      2    MnA2019     334.7   0.214     91.0   0.211     45.4   0.347     13.4   0.321    304.9   0.153                    
16245-3734 B   868AB         3    Tok2023e     98.5   0.034    141.8   0.013    285.3   0.039     70.6   0.013    112.2   0.033                    
16249-2240 KSA 129Aa,Ab      3    Tok2024c    119.6   0.073    103.7   0.074     88.0   0.074     71.6   0.071     52.9   0.065                    
16253-4909 COO 197AB         5    Izm2019      89.6   2.473     89.1   2.484     88.7   2.496     88.3   2.508     87.8   2.519                    
16253-4909 CVN  27Ba,Bb      3    Tok2021f     29.8   0.152     23.9   0.181     19.5   0.204     15.9   0.222     12.7   0.234                    
16254+3724 CHR  55           4    Doc2010h     16.1   0.204     14.9   0.216     13.9   0.227     13.0   0.238     12.1   0.249                    
16256-2327 BU 1115DE         5    Nov2007b    182.0   0.337    179.7   0.349    177.6   0.361    175.6   0.373    173.7   0.385                    
16256-2327 H 2  19AB         5    Izm2019     332.6   2.995    332.5   2.993    332.3   2.991    332.1   2.989    331.9   2.987                    
16263-0943 RST3945           4    Tok2020g     26.2   0.307     28.4   0.310     30.4   0.313     32.5   0.316     34.5   0.319                    
16270-2446 COR   8Ba,Bb      5    Sfr2018     204.1   0.136    201.2   0.139    198.4   0.141    195.7   0.144    193.0   0.146                    
16271-1205 HU  158           4    Tok2022g    163.5   0.142    162.1   0.150    160.9   0.159    159.8   0.167    158.8   0.175                    
16274-3729 B   872           4    Tok2020g    174.2   0.226    172.5   0.235    171.0   0.243    169.6   0.251    168.2   0.260                    
16278-0822 RST3949Aa,Ab      3    Tok2023e     67.3   1.072     69.0   1.083     70.8   1.093     72.5   1.102     74.2   1.110                    
16278-4118 HDS2327           3    Tok2021f    175.0   0.146    166.7   0.145    158.2   0.143    149.4   0.141    140.4   0.139                    
16283-1613 RST3950           3    Tok2024c      8.0   0.104    340.0   0.063    216.4   0.030    123.9   0.076    104.0   0.120                    
16285-2423 GHE  24           5    Sfr2018      56.8   0.030     26.0   0.024    345.8   0.024    314.2   0.030    294.7   0.038                    
16285-7005 zet TrA           9    Jnc2005     338.5   0.0026    85.6   0.0028   190.1   0.0027   315.3   0.0025    65.5   0.0028  astrometric orbit
16289+1825 STF2052AB         2    Izm2019     116.5   2.563    116.2   2.580    116.0   2.598    115.7   2.615    115.5   2.632                    
16294-2626 GNT   1           5    Izm2019     276.7   2.592    276.7   2.585    276.7   2.579    276.7   2.572    276.8   2.566                    
16301+3353 HU 1173           3    Hei1997      71.6   0.256     72.2   0.255     72.8   0.253     73.4   0.252     74.0   0.251                    
16302-1440 WSI 132           5    Tok2021f    229.6   0.340    223.7   0.383    218.8   0.413    214.5   0.433    210.4   0.442                    
16302+2129 BLA   4Aa,Ab      4    MkT1992e    196.3   0.025      6.2   0.041     14.4   0.060     20.8   0.056     30.1   0.042                    
16302+2129 BLA   4Aa,Ab      9    HIP1997d    321.0   0.0058   263.0   0.0088   238.1   0.0125   223.7   0.0152   212.7   0.0164  astrometric orbit
16309+0159 STF2055AB         2    Izm2019      49.6   1.332     50.5   1.322     51.5   1.311     52.4   1.299     53.4   1.287                    
16309+3056 BD+31 2859        9    Gln2007     311.8   0.0084   187.9   0.0069   275.7   0.0160    39.8   0.0032   222.4   0.0078  astrometric orbit
16309+3804 STF2059           4    Zir2014a    166.7   0.209    164.5   0.200    162.2   0.190    159.6   0.181    156.8   0.173                    
16311-2405 Haro 1-14c        8    LeB2014      73.1   0.0044   267.1   0.0159   262.0   0.0100   277.1   0.0049   265.3   0.0190                   
16318-0216 A   693           2    Tok2015c     76.7   0.191     74.4   0.196     72.2   0.201     70.1   0.206     68.1   0.211                    
16318-0701 STF3105           4    Hei1996c    175.8   0.532    175.4   0.535    175.0   0.538    174.6   0.540    174.1   0.543                    
16322-2440 BNY   3AB         5    Sfr2018      93.9   0.0551   104.1   0.0475   120.6   0.0335   200.1   0.0092    47.3   0.0300                   
16325-1739 HDS2338           4    Tok2024b    132.2   0.072    137.4   0.080    141.7   0.087    145.5   0.092    148.9   0.096                    
16329+0315 DSG   7Aa,Ab      3    Mdz2022     127.2   0.0069   313.7   0.0134   341.2   0.0241   165.4   0.0142   329.3   0.0253                   
16341+4226 LAB   4           2    NOI2016       4.7   0.086    345.6   0.037    204.6   0.034     70.1   0.019     25.6   0.075                    
16348-0412 GIC 144A          9    Ren2013      95.0   0.0037   161.8   0.0033   257.8   0.0023    42.6   0.0033   103.8   0.0037  astrometric orbit
16365-6700 HDS2347           4    Tok2021f     90.9   0.116     82.8   0.114     74.5   0.113     66.2   0.114     58.0   0.115                    
16366+6948 BU  953AB         3    Hrt2008      42.2   0.236     40.4   0.237     38.6   0.238     36.9   0.239     35.2   0.241                    
16371+1732 COU 311           5    Cou1999b    120.7   0.375    121.4   0.374    122.1   0.373    122.8   0.372    123.4   0.370                    
16384+3514 COU 985           3    Doc2019h    274.5   0.325    276.2   0.320    277.9   0.314    279.7   0.307    281.5   0.300                    
16385+1240 TOK 727           3    Tok2024c      1.9   0.036    355.9   0.083    354.0   0.116    352.8   0.130    351.7   0.119                    
16385-5728 TOK  51Aa,Ab      4    Tok2019c    245.4   0.151    242.0   0.178    239.1   0.178    235.6   0.145    228.0   0.083                    
16391-3713 FIN 340AB         2    Tok2015c    123.5   0.139    126.9   0.145    130.2   0.148    133.3   0.150    136.4   0.149                    
16402-2800 VOU  44AB         4    Tok2023a     12.2   0.240     13.9   0.241     15.6   0.242     17.4   0.243     19.1   0.243                    
16413+3136 STF2084           1    Izm2019      81.2   1.559     76.7   1.557     72.2   1.542     67.5   1.511     62.6   1.461                    
16413+3006 A   349           3    Hrt2014b    122.3   0.661    121.3   0.660    120.4   0.658    119.4   0.656    118.4   0.654                    
16413-4846 SNA   1Aa,Ab      5    XXX2018b    295.8   0.011    284.0   0.017    276.1   0.018    267.2   0.015    253.6   0.012                    
16416+3053 GC 22471          9    HIP1997d     92.8   0.0132   269.0   0.0091    39.6   0.0022   103.3   0.0086   279.6   0.0121  astrometric orbit
16416+1513 USN   2           5    USN2013b    270.5   0.073    276.2   0.130    281.4   0.096    318.0   0.019    270.1   0.068                    
16419-1955 GC 22453          9    HIP1997d    356.3   0.0090   317.1   0.0111   235.5   0.0068   161.7   0.0088   347.4   0.0109  astrometric orbit
16420+7353 MLR 198           3    Hrt2014b     29.0   0.284     26.9   0.282     24.8   0.280     22.6   0.276     20.4   0.271                    
16422+4112 STF2091           4    Zir2014a    339.4   0.260    340.8   0.251    342.4   0.241    344.0   0.232    345.8   0.222                    
16425-3705 R   283           4    Ary2015b    240.8   0.897    240.4   0.903    239.9   0.909    239.5   0.915    239.1   0.921                    
16430-0857 YSC 155           2    Msn2023     330.5   0.102    326.6   0.111    322.9   0.112    319.1   0.106    314.6   0.093                    
16439+4329 D    15           2    Alz2007     304.8   0.584    301.1   0.572    297.3   0.559    293.3   0.545    289.0   0.530                    
16446+7145 MLR 182Aa,Ab      4    Tok2020i     20.7   0.154      9.6   0.150    358.0   0.149    346.5   0.151    335.5   0.154                    
16450+2928 COU 490           4    Doc2008a    202.7   0.191    199.8   0.197    197.1   0.202    194.5   0.207    192.0   0.211                    
16450+3842 COU1284           5    Cou1999b    266.3   0.129    263.0   0.132    259.7   0.134    256.6   0.136    253.5   0.137                    
16453-3848 RST1900Aa,Ab      4    Tok2023e    235.6   0.649    232.7   0.569    228.8   0.479    223.0   0.383    213.3   0.288                    
16453+5647 MCA  44           9    HIP1997d    285.0   0.034    241.2   0.016     19.0   0.025    317.6   0.027    278.3   0.035   astrometric orbit
16458-0046 A  1141           2    Tok2024c     34.4   0.147     31.4   0.160     28.9   0.170     26.6   0.179     24.5   0.187                    
16468+0821 A  2784AB         5    Lin2022b    174.8   0.378    175.6   0.377    176.3   0.376    177.1   0.375    177.8   0.374                    
16488+1039 CRC  73           3    Tok2024c     14.0   0.182     23.2   0.227     30.5   0.232     38.7   0.200     52.9   0.135                    
16492+4559 A  1866BC         3    DRs2012     336.7   0.247    343.1   0.248    349.4   0.249    355.7   0.251      1.8   0.254                    
16492+4559 BU  627A,BC       5    Izm2019      44.1   2.021     44.6   2.021     45.1   2.020     45.6   2.017     46.1   2.014                    
16497+5816 MLR 430           5    Lin2022b    123.4   0.072    135.9   0.089    144.4   0.106    150.7   0.122    155.5   0.137                    
16498-1047 20 Oph            9    Gon2010     301.6   0.642    302.4   0.669    303.2   0.690    303.9   0.706    304.6   0.716   astrometric orbit
16511+0924 STF2106AB         4    Sca2001g    169.4   0.861    169.2   0.868    169.0   0.875    168.9   0.881    168.7   0.887                    
16514-2450 B  2397           3    Msn2023     276.6   0.074    265.6   0.078    256.0   0.084    247.8   0.091    240.8   0.099                    
16514+0113 STT 315           4    Doc2017e    306.4   0.814    306.1   0.823    305.7   0.831    305.4   0.840    305.1   0.848                    
16518+2840 STF2107AB         2    Izm2019     108.6   1.433    109.1   1.432    109.6   1.432    110.1   1.431    110.5   1.430                    
16520-3602 RSS 420Aa,Ab      3    Tok2024d    341.5   0.060    211.7   0.067    160.6   0.093    123.7   0.100     91.2   0.106                    
16531-8136 HDS2388           4    Tok2022g    314.1   0.087    299.6   0.094    287.2   0.103    276.9   0.112    268.2   0.122                    
16534-2025 WSI  86           4    Tok2020e    152.2   0.299    138.6   0.248    117.6   0.196     84.1   0.158     39.5   0.148                    
16535-2804 B   321           4    Tok2024e    343.5   0.122    337.6   0.116    331.0   0.110    323.6   0.105    315.6   0.100                    
16536-1045 YSC 156           3    Tok2024a    169.6   0.070    189.0   0.076    205.4   0.082    219.8   0.087    233.1   0.090                    
16540-4148 SNA  51Fa,Fb      5    LeB2017     247.0   0.0007    50.0   0.0063   120.4   0.0003    47.8   0.0055    54.3   0.0039                   
16542-4139 SNA  53Aa,Ab      5    LeB2017      48.6   0.0033    34.6   0.0033   236.6   0.0013    44.0   0.0040    26.1   0.0022                   
16544-3806 HDS2392           3    Tok2016e    110.3   0.269    106.3   0.265    102.1   0.257     97.6   0.245     92.5   0.229                    
16545-4148 SNA  56Aa,Ab      5    LeB2017     109.2   0.0039    82.9   0.0054    41.6   0.0033   333.2   0.0040   306.5   0.0069                   
16555-0820 KUI  75AB         1    Msn2023     238.4   0.227     29.6   0.214    183.5   0.236    328.7   0.225    129.0   0.225                    
16555-0820 Gl 644Ba,Bb       7    Sgr2000        .     .          .     .          .     .          .     .          .     .      incomplete elements
16557+3511 RUC   9           7    Pbl2006        .     .          .     .          .     .          .     .          .     .      incomplete elements
16560+6508 19 Dra            9    WaX2015b     22.9   0.015     22.9   0.014     22.8   0.014     22.7   0.013     22.6   0.012   astrometric orbit
16564+6502 STF2118AB         3    Izm2019      63.9   0.871     63.7   0.857     63.5   0.842     63.3   0.826     63.1   0.810                    
16566+5711 A  1143AB         3    Hrt2000c    190.7   0.208    186.0   0.199    180.9   0.190    175.3   0.181    169.1   0.173                    
16567+1539 HDS2395           3    Tok2024b    342.9   0.132    337.4   0.140    332.3   0.143    327.2   0.141    321.8   0.134                    
16568-2309 BU 1117           4    Izm2019     305.5   1.022    305.6   1.021    305.8   1.020    306.0   1.018    306.1   1.016                    
16573-5344 SYU  11Aa,Ab      3    Tok2024a    260.9   0.075    289.9   0.107    307.4   0.126    321.3   0.135    334.4   0.134                    
16578+1317 HDS2399           4    Tok2018e    261.5   0.372    265.3   0.403    268.5   0.431    271.4   0.457    274.0   0.480                    
16579+4722 A  1874AB         5    Kis2009b     64.3   5.033     64.3   5.034     64.4   5.034     64.5   5.034     64.6   5.033                    
16579+4722 STFA 32AC         5    Kis2009b    260.5 111.363    260.5 111.358    260.5 111.354    260.5 111.349    260.5 111.344                    
16584+3943 COU1289           2    Doc2013e     74.1   0.120     71.9   0.123     69.8   0.122     67.5   0.118     65.1   0.110                    
16588+0358 STF3107AB         4    Izm2019      67.7   1.406     67.5   1.405     67.2   1.404     67.0   1.403     66.7   1.403                    
16589-3737 SEE 315           2    Doc2023c      8.1   0.134     21.1   0.141     32.9   0.148     43.6   0.155     53.4   0.160                    
16596-4117 B  1839AB         5    Tok2020g    122.7   0.200    119.8   0.196    116.8   0.193    113.7   0.189    110.4   0.185                    
17005+0635 CHR  59           3    Tok2024d    102.0   0.127    118.2   0.092    162.3   0.047    333.1   0.041     25.4   0.090                    
17011-4204 B  1841           4    Tok2018b     85.4   0.035     93.8   0.036    102.0   0.036    109.7   0.038    116.7   0.040                    
17012-1213 HU  163           4    Tok2020e    336.3   0.151    336.1   0.160    336.0   0.168    335.8   0.176    335.7   0.183                    
17014-2639 HDS2410           4    Tok2024a    354.3   0.134    351.6   0.124    348.5   0.112    344.5   0.099    339.4   0.086                    
17018-5108 I  1306           4    Tok2016e    200.5   0.171    201.1   0.164    201.8   0.156    202.5   0.148    203.3   0.140                    
17031-5314 HDS2412Aa,Ab      4    Cve2013b    139.4   0.664    135.6   0.660    131.8   0.656    128.0   0.650    124.0   0.641                    
17033+5935 STF2128           5    Izm2019      42.1  12.172     42.0  12.172     42.0  12.171     41.9  12.171     41.8  12.171                    
17036+6948 A  1146           3    USN2007b     57.2   0.093     45.1   0.085     31.2   0.081     16.8   0.082      3.6   0.088                    
17038-3809 PBL   1           4    Pbl2018     294.0   0.0047   124.7   0.0012   293.6   0.0049   120.8   0.0018   293.2   0.0050                   
17048+4848 HR 6363           9    Ren2013       3.4   0.0039   181.8   0.0025   359.2   0.0037   168.3   0.0017   353.9   0.0030  astrometric orbit
17053+5428 STF2130AB         3    Izm2019     353.5   2.637    352.6   2.654    351.7   2.670    350.9   2.686    350.0   2.702                    
17053+5428 STF2130B          9    Str1943     139.3   0.0214   287.2   0.0091   313.3   0.0217   136.1   0.0234   244.8   0.0044  astrometric orbit
17062-3838 SEE 318           5    Izm2019     356.8   1.091    357.0   1.091    357.3   1.090    357.6   1.089    357.9   1.087                    
17066+0039 BU  823AB         4    Tok2021b    180.4   1.095    181.4   1.103    182.5   1.111    183.5   1.119    184.5   1.128                    
17066+0039 TOK  52Ba,Bb      2    Tok2021b    121.5   0.049    240.0   0.041    323.1   0.070    355.9   0.093     19.8   0.096                    
17072-0252 BD-02 4304        9    SaJ2011     315.3   0.0131   269.3   0.0129   202.4   0.0097   111.6   0.0098    21.4   0.0098  astrometric orbit
17074-3405 V455 Sco          7    Fek2008        .     .          .     .          .     .          .     .          .     .      incomplete elements
17075+3810 COU1291           3    Doc2011a    318.9   0.287    320.0   0.283    321.2   0.279    322.4   0.274    323.7   0.268                    
17077+0722 YSC  62           2    Msn2023      65.0   0.391     60.2   0.429     56.0   0.439     51.7   0.425     46.8   0.389                    
17080+3556 HU 1176AB         1    Mut2010b    327.9   0.070    304.2   0.124    291.2   0.137    278.4   0.127    261.1   0.103                    
17081-4137 I   407           4    Zir2013d    224.2   0.181    222.7   0.188    221.3   0.195    220.0   0.202    218.8   0.209                    
17082-0105 A  1145           3    WSI2006b    335.2   0.677    334.5   0.677    333.8   0.678    333.0   0.677    332.3   0.677                    
17088+6543 STA   1           4    Mnt2001c    226.0   0.047      0.2   0.066     26.9   0.085     68.7   0.049    151.8   0.059                    
17093-2954 B   330           3    Tok2024d     14.2   0.188     17.8   0.192     21.2   0.197     24.5   0.200     27.6   0.204                    
17096+4047 MCA  45A          9    Ren2013     309.7   0.0018   117.0   0.0007   312.5   0.0018   126.5   0.0014   317.9   0.0010  astrometric orbit
17096+4047 MCA  45           4    Ole1999     259.0   0.110    261.2   0.093    264.9   0.061     92.7   0.036    102.7   0.055                    
17102+5430 STF2138AB         5    Pko2021a    132.3  22.075    132.3  22.072    132.2  22.070    132.2  22.068    132.2  22.066                    
17104-1544 BU 1118AB         2    Doc2023c     37.1   0.180     32.8   0.275     30.2   0.315     28.0   0.335     26.1   0.346                    
17111+5640 GJ 3993           9    Gln2007     311.1   0.0070   207.1   0.0115   311.4   0.0070   207.2   0.0115   311.6   0.0070  astrometric orbit
17115-1630 HU  169           3    Doc2018l    168.8   0.248    166.9   0.245    165.0   0.241    163.0   0.237    160.9   0.233                    
17116+3916 HU 1178AB         4    Zir2012       7.0   0.296      6.8   0.292      6.6   0.287      6.4   0.282      6.2   0.277                    
17119-0151 LPM 629           3    MnA2019      38.9   0.601     54.2   0.618     68.5   0.643     81.5   0.674     93.4   0.709                    
17121+2114 STF2135AB         5    Izm2019     195.1   8.733    195.2   8.746    195.3   8.758    195.4   8.771    195.5   8.783                    
17121+4540 KUI  79AB         1    MnA2019     227.7   1.114    219.8   1.048    210.5   0.938    197.8   0.769    174.8   0.505                    
17125+6918 GC 23290          9    HIP1997d    208.0   0.0105    84.6   0.0119   284.0   0.0098   132.7   0.0127   357.4   0.0104  astrometric orbit
17129+4220 GJ 1213           9    Gln2007     184.7   0.0250   167.0   0.0181    24.3   0.0090   345.7   0.0204   320.8   0.0166  astrometric orbit
17130+0745 STT 325           4    FMR2012h    311.9   0.392    313.3   0.397    314.7   0.403    316.1   0.408    317.4   0.414                    
17136+1716 A  2087           4    Mnt2001a    138.3   0.530    138.7   0.536    139.0   0.542    139.3   0.548    139.6   0.553                    
17140+1621 HO  557A          7    Pbl2006        .     .          .     .          .     .          .     .          .     .      incomplete elements
17141+5608 STT 327           2    Msn2011c    341.6   0.399    342.4   0.392    343.3   0.384    344.2   0.376    345.1   0.368                    
17141-0824 BAR   7           5    Tok2021f     36.7   1.508     35.6   1.510     34.6   1.512     33.5   1.514     32.4   1.517                    
17146+1423 STF2140AB         4    Baz1978     102.0   4.638    101.9   4.638    101.8   4.637    101.7   4.637    101.6   4.636                    
17151-2750 ELP  40           2    TAD2023     307.9   0.091    283.4   0.087    258.2   0.088    234.1   0.090    210.6   0.089                    
17153-2636 SHJ 243AB         4    Irw1996     137.4   5.148    137.0   5.161    136.7   5.173    136.4   5.185    136.0   5.197                    
17155+1052 HDS2440           3    Mdz2021      52.4   0.111     34.9   0.084      2.5   0.062    317.8   0.064    287.4   0.086                    
17156-1018 BU  957           2    Tok2020e     35.6   0.121     32.3   0.128     29.3   0.132     26.4   0.132     23.3   0.125                    
17156-3836 FIN 355           2    Tok2015c    192.8   0.302    185.2   0.251    171.3   0.163    106.5   0.063     18.6   0.131                    
17157-0949 A  2592AB         3    Tok2021b     50.7   0.231     46.6   0.239     42.7   0.247     39.1   0.255     35.7   0.262                    
17157-0949 TOK  53Ba,Bb      3    Tok2021b    139.2   0.034     87.5   0.028    310.0   0.014    218.2   0.036    185.1   0.039                    
17158-3344 SEE 322AB         5    Trn2008     270.0   0.183    269.4   0.183    268.7   0.183    268.0   0.183    267.3   0.183                    
17161+2316 COU 315           4    Doc2010h    240.2   0.160    238.7   0.163    237.1   0.165    235.6   0.167    234.2   0.169                    
17166-0027 A  2984           3    Tok2024e     32.4   0.618     34.0   0.602     35.8   0.585     37.7   0.568     39.6   0.551                    
17173-3010 BU 1119           5    Zir2012b    212.6   0.352    211.4   0.352    210.2   0.352    209.0   0.351    207.7   0.351                    
17176+1025 HDS2445           3    Tok2024b    112.5   0.073    103.0   0.106     97.9   0.139     94.8   0.170     92.6   0.199                    
17177+1140 G 139-29          9    CJW1978      33.5   0.045      1.5   0.035    289.5   0.026    238.6   0.045    219.1   0.061   astrometric orbit
17177+1140 G 139-29          9    USN1988a       .     .          .     .          .     .          .     .          .     .      incomplete elements
17179+4918 STF2153           4    Izm2019     242.1   1.418    241.9   1.414    241.6   1.409    241.3   1.405    241.0   1.401                    
17181-3810 SEE 324           3    Mdz2021      64.1   0.103     58.1   0.097     51.3   0.092     43.5   0.086     34.7   0.081                    
17184-0147 BAG  51           4    Tok2024c    323.2   0.385    333.6   0.326    349.0   0.264     12.4   0.216     43.3   0.204                    
17184+3240 BU  628           4    FMR2012a    258.5   0.592    258.0   0.596    257.6   0.600    257.1   0.604    256.6   0.607                    
17185-3848 RST1947           4    Tok2024e    231.7   0.116    231.9   0.100    232.2   0.085    232.6   0.070    233.3   0.055                    
17188-0249 BD-02 4330        9    Gln2007     143.1   0.016    353.0   0.020    258.9   0.014    189.2   0.026    139.3   0.015   astrometric orbit
17190-3459 MLO   4AB         1    Msn2023     304.0   1.825    299.9   1.926    296.2   2.003    292.8   2.061    289.5   2.101                    
17190-3459 HJ 4935AC         5    Kpp2020f    142.3  32.604    142.4  32.614    142.5  32.623    142.6  32.633    142.7  32.642                    
17191-4638 BSO  13Ba,Bb      3    Tok2025a     71.1   0.052    106.1   0.015     25.4   0.026     45.5   0.055     53.5   0.069                    
17191-4638 BSO  13AB         4    Kpp2020f    259.9  11.015    260.1  11.080    260.3  11.144    260.6  11.208    260.8  11.272                    
17194-4413 HDO 269           4    Tok2018b    241.9   0.113    242.9   0.114    243.9   0.115    244.9   0.116    245.9   0.117                    
17195-5004 FIN 356           2    Tok2017b    253.3   0.062    244.6   0.057    233.0   0.047    214.8   0.037    186.2   0.031                    
17207-0706 A  2593AB         3    Msn2023     311.2   0.229    307.3   0.221    303.1   0.214    298.5   0.206    293.7   0.199                    
17210-2107 DON 832AB         5    Izm2019      12.1   1.058      5.1   0.798    351.6   0.551    321.5   0.370    274.6   0.379                    
17213-5107 SAO 244656        9    HIP1997d    138.6   0.0137   239.1   0.0021   319.0   0.0137    76.1   0.0023   139.4   0.0137  astrometric orbit
17217+3958 MCA  47           2    Mut2008     324.7   0.026    142.3   0.082    157.8   0.108    170.8   0.101    190.1   0.073                    
17217+3958 MCA  47B          9    Mut2008     144.5   0.0004   129.2   0.0007    93.4   0.0002   317.1   0.0006   304.7   0.0006  astrometric orbit
17217+3958 MCA  47B          9    CIA2011c    314.8   0.0004   310.7   0.0007   300.3   0.0001   132.8   0.0005   129.6   0.0006  astrometric orbit
17220-2500 CHR 182           3    Tok2021f    218.3   0.0076   232.7   0.0769   233.5   0.1375   233.8   0.1865   234.0   0.2241                   
17221+2310 COU 415           3    Msn2011c    201.4   0.295    198.7   0.300    196.1   0.304    193.6   0.309    191.1   0.314                    
17221-7007 FIN 373           5    Tok2018b    120.2   0.100    119.2   0.104    118.2   0.108    117.3   0.112    116.5   0.116                    
17226-3555 GC 23463          9    HIP1997d    325.1   0.0044     8.8   0.0073    47.2   0.0049   150.5   0.0046   190.9   0.0073  astrometric orbit
17236+4256 SAO 46685         9    HIP1997d    179.0   0.0072   292.3   0.0100    35.9   0.0068   130.1   0.0097   249.6   0.0078  astrometric orbit
17240-0921 RST3972Aa,Ab      1    Doc2022e    231.4   0.185    241.3   0.207    249.6   0.221    257.1   0.228    264.4   0.228                    
17240+3835 HU 1179           2    Hrt2000b    266.2   0.250    265.9   0.247    265.5   0.244    265.1   0.241    264.7   0.237                    
17247+3802 HSL   1Aa,Ab      2    Hor2015     234.0   0.035    214.1   0.011     62.0   0.023     44.2   0.016    247.2   0.021                    
17247+3802 HSL   1Aa,Ac      3    Tok2019e     50.5   0.122     45.6   0.077     26.7   0.032    275.7   0.027    250.8   0.071                    
17248-5913 I   385AB         5    Tok2023c    110.3   0.525    110.0   0.527    109.7   0.529    109.4   0.531    109.1   0.534                    
17248-5913 WSI  87AD         4    Tok2023c    271.2   0.290    271.2   0.291    271.2   0.292    271.2   0.293    271.2   0.294                    
17248+3044 BU 1250           5    Izm2019     123.0   1.980    123.4   1.986    123.8   1.992    124.1   1.998    124.5   2.005                    
17251+3444 HU  922Aa,Ab      4    FMR2016b     15.9   0.336     14.5   0.341     13.2   0.345     11.8   0.349     10.5   0.353                    
17251+5308 PPM 35968         9    SaJ2013b    219.1   0.0042   165.0   0.0037    90.3   0.0042    50.8   0.0053   260.7   0.0020  astrometric orbit
17255+0030 RST5432           4    Hrt2009     150.5   0.319    148.2   0.324    146.0   0.327    143.8   0.330    141.7   0.333                    
17258-1918 RST5542AB         4    Tok2024a    328.3   0.164    330.3   0.163    332.3   0.162    334.4   0.158    336.6   0.153                    
17263+0736 GC 23614          9    HIP1997d    248.4   0.0028    71.9   0.0032   252.1   0.0068   249.8   0.0043    73.4   0.0033  astrometric orbit
17266-0505 MKT  14Aa,Ab      4    WaX2015     314.0   0.0111   305.9   0.0112   297.0   0.0099   282.9   0.0070   231.1   0.0029                   
17282+3949 BOY  10Aa,Ab      5    Dup2017     236.5   0.156    246.0   0.169    254.0   0.184    260.9   0.198    266.9   0.211                    
17283-2058 A  2244AB         2    Tok2019h     72.0   0.189     75.8   0.201     79.1   0.213     82.2   0.223     84.9   0.232                    
17286-2531 BU  129           4    Tok2018b      4.2   0.206      7.5   0.214     10.7   0.222     13.6   0.229     16.3   0.237                    
17290-2420 RST3105           5    Tok2018e    210.2   0.253    202.1   0.269    194.9   0.287    188.6   0.305    183.0   0.324                    
17293+2924 A   351AB         2    Sod1999      67.7   0.550     69.1   0.520     70.6   0.480     72.5   0.431     75.0   0.375                    
17294-3831 B   342           4    Hrt2013c    126.7   0.272    128.3   0.262    130.1   0.253    132.0   0.243    134.1   0.234                    
17297-4947 I  1323           3    Tok2018b    135.2   0.349    137.2   0.345    139.2   0.340    141.3   0.333    143.5   0.325                    
17304-0104 STF2173AB         1    Msn2023       1.6   0.335    353.8   0.435    348.8   0.534    345.4   0.630    342.9   0.719                    
17305-1006 RST3978           3    Tok2024d    277.2   0.541    278.0   0.548    278.8   0.553    279.6   0.555    280.4   0.554                    
17305-1446 HU  177           4    USN2017b    163.2   0.298    162.0   0.302    160.8   0.306    159.7   0.310    158.5   0.314                    
17306+1731 GC 23718          9    HIP1997d    180.7   0.014     68.0   0.013    314.4   0.014    192.9   0.014     82.3   0.013   astrometric orbit
17308-3726 B   912           3    Msn2011c    202.3   0.300    204.1   0.302    205.9   0.305    207.8   0.306    209.5   0.308                    
17309-5621 FIN 257           4    Tok2019c    157.3   0.123    165.1   0.131    172.0   0.140    178.0   0.150    183.2   0.161                    
17311-6041 del Ara           9    HIP1997d    313.6   0.0016   308.9   0.0043   130.0   0.0067   311.4   0.0036   307.6   0.0025  astrometric orbit
17313+1901 COU 499           5    Tok2017c    286.9   0.112    283.5   0.117    280.3   0.121    277.3   0.126    274.6   0.131                    
17314+0243 A  2386           9    HIP1997d    173.9   0.0026   130.7   0.0010    35.0   0.0018    14.4   0.0028   356.9   0.0019  astrometric orbit
17315-6026 I   600           5    Tok2020g    146.3   0.534    145.9   0.536    145.5   0.539    145.1   0.541    144.7   0.544                    
17324+2848 A   352           3    Doc2009g    186.7   0.181    185.9   0.185    185.2   0.188    184.5   0.190    183.8   0.191                    
17326+3445 HU 1181           2    Sod1999     159.0   0.197    162.4   0.194    166.1   0.184    170.2   0.169    175.4   0.149                    
17327+7414 29 Dra            9    Ren2013     198.0   0.0066    47.6   0.0056   260.6   0.0062   129.5   0.0060   327.2   0.0063  astrometric orbit
17335+5734 MLR 571           3    Grf2013d     66.0   0.130     62.5   0.135     59.1   0.139     56.0   0.144     53.1   0.148                    
17336-3706 TNG   1Aa,Ab      2    Tng2006     250.4   0.029    312.8   0.014     98.7   0.046    257.8   0.036     21.9   0.010                    
17340-2302 BD-22 4369        9    Gln2007     337.4   0.0127   134.2   0.0136    27.7   0.0098   276.4   0.0042   109.9   0.0111  astrometric orbit
17342-1910 B  1863AB         4    Tok2020g    104.4   0.122    105.5   0.125    106.6   0.128    107.6   0.130    108.6   0.133                    
17343-1909 SS 73-90          9    Fek2008      73.2   0.0001   254.6   0.0002    88.7   0.0001   267.1   0.0001   243.3   0.0001  astrometric orbit
17348+0601 HDS2481Aa,Ab      3    Tok2024e    275.1   0.211    272.2   0.221    269.5   0.231    267.1   0.241    264.8   0.250                    
17349+1234 MCY   4           2    CIA2021c    243.6   0.786    241.0   0.773    238.1   0.699    234.1   0.550    224.4   0.272                    
17350+6153 BU  962AB         2    Sod1999     162.1   0.986    159.6   1.074    157.5   1.151    155.6   1.216    153.9   1.269                    
17352+2635 LAW   5           4    Dup2017     162.1   0.335    168.4   0.321    175.5   0.294    184.6   0.251    198.9   0.188                    
17362-1752 YSC 158Aa,Ab      3    Tok2024e    110.1   0.052    128.9   0.027    221.1   0.017    262.1   0.041    272.9   0.058                    
17366+4827 COU1922           4    Doc2008f     55.8   0.436     53.4   0.439     51.1   0.441     48.8   0.441     46.5   0.441                    
17366+0723 A  1156           3    Doc2015b    341.8   0.159    341.2   0.153    340.6   0.146    339.9   0.140    339.2   0.133                    
17367+6934 SAO 17572         9    Fek2018     315.9   0.022      3.6   0.017    111.2   0.012    190.9   0.019    236.7   0.021   astrometric orbit
17364+6820 CHR  62Aa,Ab      9    Lip1967     326.7   0.030    317.3   0.025    303.9   0.021    285.4   0.018    263.4   0.018   astrometric orbit
17368-2057 HU  751           4    Tok2022g    305.1   0.370    305.5   0.375    305.9   0.381    306.3   0.386    306.7   0.391                    
17370+6845 ome Dra           8    Knc2010     318.7   0.0033   248.7   0.0031   186.7   0.0035   127.1   0.0032    56.1   0.0032                   
17372+2754 KUI  83AB         1    USN2021b     95.1   0.327     83.5   0.314     70.9   0.299     57.0   0.284     41.5   0.269                    
17375-3747 B   915AB         4    Msn2023     336.7   0.203    339.0   0.195    341.5   0.188    344.2   0.180    347.1   0.172                    
17375+2419 CHR  63           3    Doc2016d    275.7   0.063    261.1   0.068     78.8   0.037     64.7   0.098     58.3   0.104                    
17379+1836 Ci 18,2347        7    Bie1964        .     .          .     .          .     .          .     .          .     .      incomplete elements
17386+5546 STF2199           4    Izm2019      52.3   2.066     52.1   2.070     51.9   2.074     51.6   2.078     51.4   2.082                    
17387+6114 HOM   1Aa,Ab      3    EvT2012     266.1   0.181    268.2   0.214    269.9   0.220    271.8   0.205    274.1   0.173                    
17387-2155 HDS2492           3    Msn2023     142.2   0.080    167.7   0.071    199.1   0.065    235.2   0.062    273.4   0.062                    
17390+1320 GC 23923          9    HIP1997d    290.6   0.0039   168.7   0.0041   114.7   0.0041   352.9   0.0039   298.4   0.0043  astrometric orbit
17393+0333 GJ 688            9    HIP1997d    239.2   0.0150   302.7   0.0136    85.7   0.0094   250.7   0.0166   320.5   0.0119  astrometric orbit
17393+0333 GJ 688            9    Jnc2005     291.3   0.014    105.2   0.011    225.6   0.015    321.5   0.012    145.0   0.012   astrometric orbit
17394-1546 HU  181           5    Hrt2001a     44.5   1.037     44.6   1.038     44.8   1.039     44.9   1.039     45.0   1.040                    
17400-0038 BU  631           2    Doc2023c     76.3   0.332     75.7   0.335     75.2   0.338     74.7   0.341     74.2   0.344                    
17403+6341 STF2218           4    Izm2019     304.6   1.365    304.1   1.357    303.5   1.348    303.0   1.339    302.5   1.330                    
17415-5348 HDS2502AB         2    Tok2024c     26.6   0.162     20.0   0.174     14.3   0.185      9.1   0.192      4.2   0.197                    
17418+2130 COU 114           4    Cou1999b    339.2   0.130    342.5   0.137    345.5   0.143    348.3   0.150    350.8   0.157                    
17419+7209 STF2241AB         5    Kis2009      16.8  29.526     16.8  29.520     16.8  29.514     16.9  29.508     16.9  29.501                    
17420+1557 BU 1251AB         4    Sca2025a     92.3   1.453     91.2   1.452     90.1   1.451     89.0   1.449     87.9   1.448                    
17422+3804 RBR  29Aa,Ab      4    Tok2019e    256.1   0.039    209.1   0.085    162.0   0.031     30.7   0.091     16.8   0.116                    
17430+0547 HDS2506           3    MnA2019     332.6   0.181    319.9   0.212    308.5   0.193    278.1   0.077    150.2   0.128                    
17433+2137 DUQ   1Aa,Ab      5    Duq1996     263.9   0.274    268.9   0.287    273.9   0.270    280.6   0.215    300.4   0.079                    
17434+3357 HO  560AB         4    Izm2019     262.3   1.392    262.2   1.395    262.2   1.399    262.1   1.402    262.1   1.405                    
17436+2237 HU 1285           4    USN2002     207.4   0.411    206.8   0.398    206.1   0.384    205.4   0.370    204.7   0.354                    
17443-7213 HDO 275           3    Hrt2010a     53.6   0.766     51.5   0.767     49.5   0.767     47.5   0.767     45.4   0.767                    
17447-4244 FIN 341           4    Tok2017b    356.1   0.106      0.2   0.105      5.5   0.081     21.3   0.036    147.6   0.027                    
17450-1646 VOU  42           4    Tok2024b    305.6   0.243    304.5   0.242    303.4   0.241    302.3   0.241    301.1   0.240                    
17451-0949 CIA  56           3    CIA2024a    221.7   0.0018    99.3   0.0016   353.2   0.0015   231.5   0.0018   112.2   0.0015                   
17457-2900 S  4716Aa,Ab      4    ECK2022     287.3   0.044      8.9   0.051    339.7   0.085    321.2   0.083    288.6   0.046                    
17457-2900 Sgr A*,R34        9    Gls2017      93.2   2.276     93.1   2.274     92.9   2.271     92.8   2.269     92.6   2.266   astrometric orbit
17457-2900 Sgr A*,R44        9    Gls2017     220.6   2.310    220.4   2.306    220.1   2.303    219.9   2.299    219.6   2.296   astrometric orbit
17457-2900 Sgr A*,S0-38      7    Ghe2016        .     .          .     .          .     .          .     .          .     .      incomplete elements
17457-2900 Sgr A*,S1         4    Gls2017     122.8   0.363    120.5   0.362    118.1   0.360    115.7   0.359    113.2   0.358                    
17457-2900 Sgr A*,S2         2    Gls2017     354.7   0.180    351.1   0.180    347.5   0.176    343.6   0.169    339.3   0.159                    
17457-2900 Sgr A*,S4         4    Gls2017      83.0   0.271     84.3   0.246     86.1   0.217     88.3   0.185     91.6   0.151                    
17457-2900 Sgr A*,S5         5    Gls2009      14.1   0.177      6.1   0.150    354.2   0.120    333.6   0.086    280.5   0.046                    
17457-2900 Sgr A*,S6         5    Gls2017      80.1   0.600     80.2   0.604     80.2   0.608     80.3   0.613     80.3   0.617                    
17457-2900 Sgr A*,S8         4    Gls2017     130.6   0.695    130.8   0.699    131.0   0.703    131.2   0.706    131.4   0.709                    
17457-2900 Sgr A*,S9         4    Gls2017     170.3   0.076    197.7   0.026    317.0   0.040    332.1   0.084    337.7   0.105                    
17457-2900 Sgr A*,S12        3    Gls2017      12.9   0.524     13.7   0.525     14.4   0.525     15.2   0.524     15.9   0.523                    
17457-2900 Sgr A*,S13        3    Gls2017     122.3   0.348    125.8   0.349    129.2   0.350    132.7   0.350    136.1   0.349                    
17457-2900 Sgr A*,S14        4    Gls2017      51.4   0.506     51.3   0.509     51.3   0.512     51.2   0.513     51.1   0.514                    
17457-2900 Sgr A*,S17        4    Gls2017      18.0   0.357     17.5   0.371     17.1   0.384     16.6   0.397     16.2   0.408                    
17457-2900 Sgr A*,S18        4    Gls2017     217.4   0.254    214.8   0.231    211.6   0.204    207.4   0.175    201.4   0.144                    
17457-2900 Sgr A*,S19        4    Gls2017     313.2   0.295    314.8   0.314    316.2   0.333    317.5   0.352    318.6   0.370                    
17457-2900 Sgr A*,S21        4    Gls2017     290.3   0.107    315.3   0.058     42.7   0.041    106.2   0.052    165.3   0.056                    
17457-2900 Sgr A*,S22        9    Gls2017     122.0   0.684    121.4   0.700    120.9   0.716    120.3   0.732    119.8   0.747   astrometric orbit
17457-2900 Sgr A*,S23        9    Gls2017     286.5   0.093    324.2   0.083    359.9   0.098     22.5   0.127     36.2   0.160   astrometric orbit
17457-2900 Sgr A*,S24        4    Gls2017      22.4   0.070     10.8   0.121      5.6   0.156      2.0   0.179    359.1   0.196                    
17457-2900 Sgr A*,S27        9    Gls2009      14.7   0.559     14.7   0.556     14.7   0.553     14.6   0.550     14.6   0.546   astrometric orbit
17457-2900 Sgr A*,S29        9    Gls2017     176.5   0.092    165.2   0.114    156.3   0.118    146.9   0.107    134.2   0.089   astrometric orbit
17457-2900 Sgr A*,S31        4    Gls2017     128.8   0.255    126.0   0.256    123.2   0.255    120.3   0.252    117.4   0.247                    
17457-2900 Sgr A*,S33        9    Gls2017     244.1   0.734    244.7   0.739    245.2   0.744    245.8   0.749    246.4   0.754   astrometric orbit
17457-2900 Sgr A*,S38        3    Gls2017     294.5   0.153    287.0   0.184    281.5   0.208    277.0   0.227    273.1   0.241                    
17457-2900 Sgr A*,S39        9    Gls2017     339.1   0.618    339.1   0.625    339.1   0.631    339.1   0.637    339.1   0.642   astrometric orbit
17457-2900 Sgr A*,S42        9    Gls2017     315.3   0.229    320.8   0.245    325.6   0.263    329.8   0.282    333.4   0.302   astrometric orbit
17457-2900 Sgr A*,S54        4    Gls2017     210.4   0.313    212.6   0.325    214.7   0.338    216.6   0.351    218.4   0.365                    
17457-2900 Sgr A*,S55        3    Gls2017     197.6   0.130    187.9   0.153    180.3   0.169    173.8   0.178    167.7   0.181                    
17457-2900 Sgr A*,S60        9    Gls2017     115.5   0.081     75.8   0.085     48.1   0.113     32.5   0.148     22.9   0.184   astrometric orbit
17457-2900 Sgr A*,S66        5    Gls2017     165.6   1.056    164.9   1.059    164.2   1.062    163.5   1.065    162.9   1.068                    
17457-2900 Sgr A*,S67        5    Gls2017       7.1   0.886      6.2   0.883      5.2   0.880      4.3   0.877      3.3   0.874                    
17457-2900 Sgr A*,S71        9    Gls2017     220.6   0.535    221.0   0.508    221.5   0.479    222.1   0.450    222.7   0.419   astrometric orbit
17457-2900 Sgr A*,S83        5    Gls2017     269.6   0.974    268.9   0.972    268.2   0.970    267.4   0.968    266.7   0.965                    
17457-2900 Sgr A*,S85        9    Gls2017     296.5   0.827    296.6   0.821    296.8   0.814    297.0   0.807    297.2   0.800   astrometric orbit
17457-2900 Sgr A*,S87        5    Gls2017     209.5   1.228    209.0   1.225    208.5   1.222    207.9   1.219    207.4   1.216                    
17457-2900 Sgr A*,S89        9    Gls2017     236.6   1.252    236.6   1.255    236.6   1.259    236.6   1.263    236.6   1.266   astrometric orbit
17457-2900 Sgr A*,S91        9    Gls2017     120.4   1.195    120.0   1.200    119.6   1.206    119.2   1.211    118.8   1.216   astrometric orbit
17457-2900 Sgr A*,S96        5    Gls2017      53.7   1.115     53.1   1.111     52.5   1.107     51.9   1.104     51.3   1.100                    
17457-2900 Sgr A*,S97        5    Gls2017     127.2   1.507    127.0   1.510    126.7   1.513    126.5   1.516    126.2   1.519                    
17457-2900 Sgr A*,S145       9    Gls2017     264.5   1.670    264.5   1.668    264.5   1.667    264.5   1.665    264.6   1.664   astrometric orbit
17457-2900 Sgr A*,S175       9    Gls2017     149.4   0.262    149.5   0.268    149.5   0.273    149.5   0.278    149.6   0.282   astrometric orbit
17457-2900 Sgr A*,S4711      9    PkO2022     173.4   0.022    217.2   0.052    210.9   0.094    207.7   0.110    204.9   0.111   astrometric orbit
17457+1743 STF2205           4    Izm2019      38.3   0.495     44.3   0.444     51.9   0.394     61.6   0.346     74.2   0.306                    
17460-3435 HDS2510AB         4    Msn2023     314.8   0.071    327.9   0.070    340.8   0.072    352.4   0.077      2.5   0.083                    
17465+2743 AC    7BC         1    MnA2019      43.3   1.334     46.7   1.427     49.7   1.506     52.5   1.569     55.1   1.616                    
17465+2743 TRN   2Aa,Ab      5    Rbr2016a    333.9   0.854    351.2   0.859      7.2   0.927     20.2   1.042     30.4   1.188                    
17466-0354 A    33           5    EEA2021      42.4   0.336     45.1   0.358     47.5   0.378     49.7   0.396     51.7   0.411                    
17471-3807 I  1336           2    Doc2023c    171.3   0.149    175.5   0.161    179.2   0.172    182.5   0.181    185.5   0.189                    
17471+1742 STF2215           4    Cve2006e    240.1   0.419    239.3   0.415    238.4   0.412    237.5   0.409    236.7   0.406                    
17471+4737 CHR  64           5    Lin2012c    158.3   0.509    158.7   0.514    159.1   0.519    159.5   0.523    159.8   0.528                    
17472+1502 HU 1288           4    Zir2015a    162.9   0.434    163.2   0.433    163.5   0.433    163.8   0.432    164.0   0.432                    
17487+3536 HU 1182           5    USN2002     282.2   0.285    279.2   0.269    275.8   0.252    271.8   0.236    267.4   0.220                    
17489-0152 BU  824           4    Tok2021f     71.2   0.188     74.0   0.185     76.9   0.183     79.9   0.182     82.9   0.180                    
17490+3704 COU1145           2    Hrt1996a    355.0   0.118    344.8   0.127    335.7   0.131    326.6   0.126    315.0   0.100                    
17500+0031 A  2186           4    Zir2013d    245.6   0.276    245.1   0.279    244.5   0.282    244.0   0.285    243.5   0.288                    
17502+4424 SIG   3           5    Kon2010     108.8   0.448    110.3   0.460    111.7   0.471    113.0   0.482    114.3   0.492                    
17502+4424 SIG   3           5    Dup2017     104.1   0.504    105.2   0.522    106.3   0.539    107.3   0.557    108.3   0.573                    
17504-0016 TIC 39591415      9    Hen2018       6.5   0.0099   284.6   0.0045   217.2   0.0109   199.2   0.0135   175.4   0.0082  astrometric orbit
17506+0714 STT 337           4    Doc2015f    161.9   0.630    161.7   0.636    161.4   0.642    161.2   0.647    161.0   0.653                    
17514-5350 VSP  51           5    VSP2022b    193.0   0.159    186.2   0.188    181.0   0.210    176.7   0.227    172.9   0.239                    
17520+1520 STT 338AB         4    Pru2012     161.6   0.832    161.4   0.832    161.1   0.833    160.9   0.833    160.6   0.833                    
17520-0114 HR 6659           9    WaX2015b    197.2   0.014    285.3   0.012    358.8   0.015     78.4   0.012    159.6   0.014   astrometric orbit
17529+2941 AC    8           4    Zir2014a    116.8   0.102    118.9   0.113    120.7   0.124    122.2   0.134    123.5   0.144                    
17530-0755 STF3128AB         5    Izm2019      47.8   1.356     47.6   1.364     47.5   1.372     47.3   1.380     47.2   1.388                    
17530+8354 STT 349           4    Hei1995      56.5   0.541     56.7   0.544     56.9   0.548     57.0   0.552     57.2   0.556                    
17531-2125 HDS2524           4    Tok2024e    344.4   0.096    349.1   0.090    354.4   0.084      0.7   0.078      8.0   0.072                    
17533+2459 A   235           2    Hrt2014b     81.8   0.404     83.2   0.404     84.7   0.401     86.2   0.395     87.7   0.386                    
17533-3444 BU 1123           4    Doc2017l    269.0   0.367    269.6   0.370    270.3   0.373    270.9   0.375    271.5   0.378                    
17534-3454 SEE 342           5    Alz2009b    199.8   0.420    199.2   0.421    198.6   0.421    198.1   0.422    197.5   0.422                    
17535-0355 TOK  54           4    Tok2024c    235.8   0.086    226.8   0.082    217.1   0.080    206.7   0.077    195.6   0.075                    
17539-3445 B  1871           5    Zas2009     101.3   0.170    103.0   0.172    104.8   0.169    106.6   0.160    108.8   0.146                    
17541-4821 B  1870           3    Tok2019c    175.7   0.112    172.7   0.116    169.8   0.120    167.1   0.124    164.6   0.128                    
17542+1108 FIN 381           1    Doc2013d    142.3   0.058     60.7   0.061      8.9   0.083    338.2   0.100    314.5   0.108                    
17556+0204 HDS2527           3    Tok2023a     95.4   0.095     91.0   0.094     86.5   0.092     81.8   0.090     76.9   0.088                    
17562+3926 BU  417           5    Izm2019     325.9   0.764    326.9   0.745    328.0   0.725    329.2   0.704    330.4   0.681                    
17563+0259 A  2189           3    Doc2018l    298.7   0.169    299.8   0.174    300.8   0.179    301.8   0.184    302.7   0.189                    
17563-1549 WAI   1Aa1,2      3    WAI2023     349.8   0.0017   208.8   0.0012   120.1   0.0023    78.9   0.0025    31.3   0.0021                   
17563-1549 WAI   1Aa,Ab      5    WAI2023     133.9   0.361    132.6   0.356    131.3   0.350    130.0   0.342    128.5   0.332                    
17568+0459 V566 Oph          7    Pbl2006        .     .          .     .          .     .          .     .          .     .      incomplete elements
17569+0610 SAO 122948        9    HIP1997d    275.5   0.0058   284.5   0.0135   102.4   0.0242   280.9   0.0195    86.8   0.0026  astrometric orbit
17571+0004 STF2244           3    USN2017c    101.0   0.681    101.2   0.682    101.3   0.682    101.4   0.682    101.6   0.682                    
17572+2400 MCA  50           2    Kie2016     172.5   0.100     10.0   0.050    161.3   0.090    247.4   0.016    137.8   0.049                    
17573+1238 SAO 103240        9    HIP1997d    124.2   0.0077   265.5   0.0086    43.3   0.0071   161.4   0.0065   290.9   0.0082  astrometric orbit
17575+1058 BU 1299AB         3    Doc2007j    110.1   0.361    110.9   0.365    111.6   0.369    112.3   0.373    113.0   0.377                    
17575-5740 TOK  55Ba,Bb      3    Tok2016e    323.5   0.053    211.0   0.043    181.3   0.105    172.9   0.149    167.5   0.167                    
17577-2143 HDS2530           4    Tok2019c    191.4   0.517    193.9   0.508    196.5   0.498    199.1   0.488    201.9   0.477                    
17578+0442 GJ 699Aa1         9    Kam1969c    129.9   0.0048   179.9   0.0036   229.8   0.0048   254.2   0.0067   269.8   0.0074  astrometric orbit
17578+0442 GJ 699Aa2         9    Kam1969c     19.8   0.0063    52.9   0.0080    71.6   0.0107    82.4   0.0135    89.7   0.0159  astrometric orbit
17578+0442 GJ 699Aa          9    Kam1969b     75.5   0.0042   120.1   0.0106   142.1   0.0108   164.9   0.0106   186.9   0.0112  astrometric orbit
17584+0428 KUI  84AB         2    Doc2021c      3.6   0.233      9.7   0.205     18.3   0.166     33.3   0.118     68.8   0.073                    
17586-1306 HU  190           4    Tok2020e    305.3   0.266    301.5   0.272    297.9   0.278    294.4   0.285    291.1   0.292                    
17590+3003 STF2259           5    FMR2021a    277.0  19.659    277.0  19.660    277.0  19.660    277.0  19.661    277.0  19.661                    
17591+3228 HU 1185           5    Doc2012i    149.4   0.436    150.0   0.440    150.6   0.444    151.1   0.448    151.6   0.452                    
17592-3656 HJ 5000AB         5    Zas2009     101.8   7.326    101.7   7.315    101.7   7.304    101.6   7.292    101.6   7.281                    
17594+2929 COU1003Aa,Ab      4    BAE2021     299.9   0.050    291.7   0.054    284.7   0.058    278.7   0.063    273.7   0.069                    
18002+8000 BAG   6Aa,Ab      2    Tok2003     332.8   0.061    312.8   0.079    320.6   0.111    327.3   0.091    304.5   0.045                    
18002+8000 STF2308AB         5    Kis1996     230.9  18.730    230.9  18.721    230.8  18.712    230.8  18.703    230.7  18.694                    
18003+0422 WSI  65           4    NOI2021     240.4   0.057    252.4   0.058    263.8   0.060    273.9   0.065    282.5   0.071                    
18003+2154 WSI 106Aa,Ab      3    Tok2023a    172.8   0.062    158.6   0.066    144.5   0.062    125.2   0.048     80.3   0.028                    
18003+2154 A  1374AB         4    USN2017b     24.7   0.574     23.9   0.581     23.0   0.588     22.2   0.594     21.4   0.601                    
18003+2154 A  1374AB         5    Mdz2017     201.7   0.557    200.6   0.568    199.5   0.578    198.4   0.589    197.4   0.600                    
18005-7019 FIN 302           4    Tok2024b     47.8   0.132     51.2   0.132     54.5   0.132     57.8   0.132     61.1   0.132                    
18015-1014 BU   47           5    Hrt2013c     92.9   0.655     94.5   0.656     96.0   0.657     97.6   0.657     99.1   0.656                    
18017+4011 STF2267           4    Zir2014a    281.1   0.478    281.8   0.473    282.6   0.468    283.3   0.463    284.1   0.459                    
18018+0118 BU 1125AB         4    Tok2024e    182.6   0.358    186.8   0.346    191.3   0.335    196.0   0.325    201.1   0.315                    
18024+2050 TOK  56           3    Tok2021f    194.8   0.030    234.4   0.044    257.8   0.052    276.4   0.056    293.4   0.057                    
18025+4414 BU 1127Aa,B       4    Cve2016c     34.6   0.637     33.2   0.630     31.7   0.622     30.2   0.614     28.7   0.607                    
18031-0811 STF2262AB         3    FSU2025     291.7   1.396    292.2   1.383    292.7   1.370    293.2   1.357    293.7   1.343                    
18033+3921 STF2275           4    Pop2000a    309.1   0.361    309.5   0.365    309.9   0.369    310.3   0.372    310.7   0.375                    
18034+0825 GC 24579          9    HIP1997d    341.6   0.0059   168.5   0.0093   355.0   0.0063   309.9   0.0015   164.8   0.0078  astrometric orbit
18035+4032 COU1785           3    Doc2008a     48.7   0.184     50.2   0.181     51.9   0.176     53.6   0.171     55.4   0.164                    
18037-2423 SBE   1Aa,Ab      2    SBe2022     276.4   0.0016   245.4   0.0039   179.6   0.0011    68.4   0.0028   262.3   0.0027                   
18039-2422 SNA  78           5    LeB2017      67.1   0.020     68.0   0.022     68.8   0.022     69.7   0.019     71.1   0.014                    
18040+0150 TOK 695           4    Tok2017b     26.5   0.058    302.9   0.040     66.2   0.053      1.6   0.054    204.3   0.019                    
18043+4206 COU1786Aa,Ab      3    Hrt2009      23.2   0.183     26.1   0.180     29.2   0.176     32.4   0.172     35.8   0.167                    
18044+0337 A  2257           5    Doc2008a     38.2   0.178     38.8   0.179     39.3   0.179     39.9   0.179     40.4   0.180                    
18044-5953 RST5099           3    Tok2015c     12.5   0.138     21.4   0.138     30.0   0.141     38.2   0.146     45.7   0.153                    
18047-5913 HJ 5006A          9    SaJ2011     151.9   0.0036   211.0   0.0023   109.9   0.0026   163.6   0.0035   256.6   0.0014  astrometric orbit
18050-2935 W Sgr  Aa1,2      9    AST2007     280.6   0.0027    74.4   0.0017   174.6   0.0032   217.1   0.0038   259.8   0.0032  astrometric orbit
18054+6216 HU 1290           5    Pop2000a    302.7   0.392    301.8   0.397    300.9   0.403    300.1   0.408    299.3   0.413                    
18055+0230 STF2272AB         1    Izm2019     117.4   6.738    116.6   6.732    115.8   6.717    114.9   6.693    114.1   6.661                    
18055-6312 RST 959Aa,Ab      4    Tok2021c    122.9   0.335    126.7   0.330    130.6   0.324    134.7   0.318    138.9   0.313                    
18058+2127 STT 341AB         2    Hei1982b     90.1   0.452     90.5   0.473     90.8   0.486     91.1   0.493     91.4   0.494                    
18059+8815 STF2614           5    Izm2019     213.8   1.405    213.6   1.403    213.4   1.401    213.2   1.400    213.0   1.398                    
18063+3824 HU 1186           3    USN2006b    266.4   0.144    269.7   0.158    272.6   0.170    275.1   0.179    277.3   0.186                    
18066+4616 SAO 47224         9    HIP1997d     58.9   0.0036   288.1   0.0060   137.7   0.0054    27.0   0.0032   277.4   0.0054  astrometric orbit
18068-4325 HJ 5014           4    Ary2001a    355.4   1.760    354.9   1.763    354.5   1.766    354.0   1.769    353.6   1.772                    
18068+0853 GC 24683          9    HIP1997d    168.6   0.0117    18.7   0.0140   241.9   0.0086   152.6   0.0096     9.7   0.0142  astrometric orbit
18070+3034 AC   15AB         2    Jao2016     342.8   1.558    344.3   1.566    345.8   1.571    347.3   1.573    348.8   1.573                    
18075+4328 HR 6791           9    Jnc2005      88.1   0.0095    41.8   0.0123     9.3   0.0134   334.7   0.0114   259.4   0.0064  astrometric orbit
18075+1940 STT 524           4    Hrt2000c    203.2   0.510    202.8   0.514    202.5   0.518    202.2   0.521    201.9   0.525                    
18078+2606 CHR  67Aa,Ab      3    Tok2021c    316.7   0.254    319.6   0.267    322.2   0.276    324.7   0.279    327.2   0.278                    
18083+2941 V815 Her          9    Fek2005     239.3   0.0455    14.6   0.0028   110.3   0.0173   189.5   0.0186   220.5   0.0339  astrometric orbit
18084+4407 HDS2554           4    Hor2011b     36.7   0.081     46.4   0.064     65.2   0.043    110.4   0.029    159.9   0.040                    
18086+1838 HU  314           4    Zir2015a     65.4   0.299     64.6   0.300     63.9   0.301     63.2   0.302     62.5   0.303                    
18092+3129 COU 812           5    Cou1999b    294.8   0.677    295.8   0.676    296.7   0.676    297.7   0.675    298.7   0.674                    
18092+3129 COU 812           5    Lin2020     269.3   0.621    269.8   0.613    270.4   0.604    271.1   0.594    271.7   0.582                    
18092-2211 RST3157           1    Tok2018e    356.0   0.067     52.6   0.137     73.6   0.174     90.0   0.179    107.3   0.166                    
18096+0400 STF2281AB         3    Sod1999     278.1   0.828    277.6   0.840    277.2   0.852    276.8   0.864    276.4   0.876                    
18096+0609 STF2283           4    Izm2019      47.8   0.570     47.3   0.568     46.8   0.565     46.4   0.563     45.9   0.561                    
18097+5024 HU  674           4    USN2017c    210.0   0.707    209.5   0.701    209.1   0.694    208.6   0.686    208.1   0.677                    
18098-1533 CIA  66           3    CIA2024h    260.7   0.0003    33.9   0.0001    79.3   0.0003   187.9   0.0001   257.9   0.0003                   
18099+0307 YSC 132Aa,Ab      2    Mdz2017      63.0   0.018    108.9   0.020    150.7   0.021    191.6   0.021    240.4   0.016                    
18101+1629 STF2289           4    Izm2019     217.8   1.212    217.7   1.212    217.6   1.211    217.5   1.211    217.4   1.210                    
18103-2913 HO  428           5    USN2002      94.9   0.379     95.2   0.373     95.4   0.368     95.7   0.363     96.0   0.358                    
18108-3529 B  1352           3    Tok2024e    230.5   0.248    232.2   0.249    233.8   0.250    235.5   0.251    237.2   0.252                    
18112-1951 BU  132AB         4    Izm2019     185.5   1.442    185.3   1.444    185.1   1.447    184.9   1.450    184.7   1.452                    
18118+3327 B  2545AB         3    Hrt1989     213.8   0.076    218.8   0.084    223.0   0.091    226.6   0.097    229.9   0.101                    
18121+4644 COU2118           5    Cou1999b    352.5   0.156    359.9   0.166      6.6   0.174     12.8   0.178     18.8   0.181                    
18126+1224 HDS2570           4    Tok2020g     29.3   0.047     41.7   0.048     53.3   0.050     63.6   0.054     72.3   0.059                    
18126-7340 HDO 284AB         5    Lin2016b    274.5   2.034    275.0   2.022    275.4   2.010    275.9   1.998    276.4   1.986                    
18126-7340 TOK  58Aa,Ab      4    Tok2025a    282.6   0.355    283.5   0.367    284.5   0.373    285.4   0.371    286.3   0.361                    
18126+3836 BU 1091           4    Zir2012b    316.9   0.804    316.7   0.809    316.5   0.814    316.3   0.818    316.1   0.823                    
18130+3318 COU1006           5    Cve2022     353.1   0.594    354.7   0.603    356.3   0.612    357.8   0.620    359.2   0.629                    
18136-3158 B  1353           3    Tok2023a    118.8   0.146    119.4   0.148    119.9   0.150    120.5   0.152    121.0   0.154                    
18146+0011 STF2294           4    Sca2015b     93.0   1.353     93.0   1.356     92.9   1.359     92.9   1.361     92.9   1.364                    
18150-5018 I   429           3    Doc2022b    127.1   0.093    128.0   0.100    128.9   0.107    129.6   0.114    130.2   0.120                    
18150-5018 I   429           3    Tok2021f    309.2   0.089    310.2   0.098    311.1   0.107    311.9   0.115    312.5   0.124                    
18151-5751 HJ 5029           5    Izm2019      77.8   1.799     77.4   1.794     77.1   1.789     76.8   1.784     76.4   1.779                    
18154+5720 HDS2577           4    RAO2015      10.6   0.249     15.4   0.259     19.8   0.270     23.8   0.282     27.5   0.294                    
18159-4412 GC 24892          9    HIP1997d    229.6   0.0080    54.8   0.0078   241.1   0.0068    70.5   0.0052   270.3   0.0033  astrometric orbit
18160-3703 B  1355           3    Tok2024b    305.1   0.048    302.7   0.060    301.1   0.072    299.9   0.084    299.0   0.096                    
18163+3625 HU 1291           4    Hrt2014b     39.0   0.328     38.0   0.332     37.0   0.336     36.0   0.340     35.0   0.344                    
18166-2033 MCA  51           3    Tok2024e    325.8   0.036    331.7   0.027    343.4   0.018     12.5   0.011     66.4   0.011                    
18171-4336 HDS2583           4    Tok2018e      2.2   0.081    358.6   0.085    355.3   0.088    352.2   0.091    349.3   0.095                    
18171-5601 VI    2           1    VI_2025a     80.3   0.0010   106.5   0.0010   134.3   0.0010   159.2   0.0011   179.8   0.0012                   
18178+4351 A   578Aa,Ab      4    Cve2022     233.8   0.355    233.1   0.358    232.4   0.361    231.8   0.364    231.1   0.367                    
18181-0120 HDS2587           3    Tok2018e    200.5   0.120    203.6   0.120    206.7   0.120    209.9   0.119    213.0   0.118                    
18181-1215 DBK   1Aa,Ab      5    LeB2017     228.2   0.022    218.6   0.020    206.4   0.017    189.0   0.014    158.9   0.010                    
18189-1348 SNA  91Aa,Ab      5    LeB2017     131.8   0.0018   219.1   0.0051   209.0   0.0069   200.2   0.0062   185.7   0.0043                   
18190-4759 B   936           3    Tok2024a    158.9   0.483    158.4   0.490    157.9   0.496    157.4   0.501    156.9   0.505                    
18191-3509 OL   18           4    Tok2021c    296.4   1.136    296.5   1.152    296.7   1.167    296.8   1.181    296.9   1.194                    
18192+2427 105 Her           9    Ren2013      50.8   0.0010    89.6   0.0014   242.8   0.0006   314.7   0.0009    48.4   0.0010  astrometric orbit
18197+1016 HU  197           3    Hrt2010a     44.6   0.474     43.0   0.467     41.3   0.460     39.5   0.452     37.7   0.444                    
18197-4542 CHR 148           9    HIP1997d    185.6   0.0047   186.3   0.0049   186.9   0.0049   187.6   0.0048   188.3   0.0045  astrometric orbit
18201-0936 GJ 4052           9    SaJ2011     170.3   0.0018   289.5   0.0021   346.0   0.0027    40.7   0.0023   107.7   0.0022  astrometric orbit
18208+7120 STT 353AB         3    Ana2005     263.5   0.575    263.2   0.580    263.0   0.585    262.8   0.590    262.6   0.595                    
18208+2732 BU  640           5    Izm2019     105.0   0.336     99.5   0.399     95.4   0.454     92.1   0.502     89.4   0.546                    
18211+7244 LAB   5Aa,Ab      1    CIA2010     297.6   0.045     34.9   0.127     61.9   0.076    255.4   0.071     24.7   0.098                    
18224+4545 A   700           5    Hei1998     281.1   0.134    284.4   0.152    286.9   0.170    289.0   0.188    290.7   0.205                    
18229-2524 B   389           3    Tok2022g    218.4   0.332    217.1   0.343    215.8   0.354    214.7   0.365    213.5   0.375                    
18229+1458 HU  581           4    AST1991     125.3   0.251    125.7   0.241    126.2   0.230    126.7   0.218    127.3   0.206                    
18232-6130 GLE   2A          9    Jnc2005      13.5   0.023     46.5   0.037     67.5   0.036    103.6   0.022    199.3   0.019   astrometric orbit
18233+2731 HO   83           5    Izm2019     115.4   0.849    115.6   0.851    115.8   0.852    115.9   0.853    116.1   0.855                    
18235-3844 I  1364           5    Tok2021c      4.5   0.120      5.3   0.123      6.2   0.126      7.0   0.130      7.8   0.133                    
18236-2610 HO  566           4    USN2017b    140.8   0.514    140.6   0.510    140.3   0.506    140.0   0.502    139.7   0.498                    
18237-0856 zet Sct           9    Jnc2005      45.9   0.0203    48.4   0.0070   224.8   0.0143   226.0   0.0225   227.3   0.0135  astrometric orbit
18239+5848 STF2323AB         4    Izm2019     347.7   3.770    347.6   3.770    347.5   3.770    347.5   3.770    347.4   3.771                    
18250-0135 AC   11           4    Tok2021f    354.6   0.912    354.6   0.911    354.5   0.910    354.5   0.910    354.4   0.909                    
18250+2724 STF2315AB         4    WSI2004b    112.4   0.579    111.9   0.576    111.4   0.572    110.9   0.568    110.4   0.564                    
18253+4846 HU   66AB         4    USN2002     124.8   0.105    117.5   0.111    111.0   0.118    105.3   0.125    100.2   0.134                    
18253+4846 HU   66BC         5    Izm2019      23.8   0.815     23.6   0.810     23.4   0.805     23.1   0.800     22.9   0.795                    
18253+4846 STT 351AC         4    Izm2019      27.1   0.813     27.3   0.816     27.5   0.819     27.6   0.821     27.8   0.824                    
18261+0047 BU 1203           4    Pop1996b    160.7   0.519    161.0   0.522    161.3   0.524    161.6   0.527    161.9   0.529                    
18262+0847 LDS1012A          9    Gln2007     330.2   0.0098   281.6   0.0101   230.4   0.0099   176.3   0.0088    34.5   0.0057  astrometric orbit
18280+0612 CHR  71           2    Doc2019d    313.4   0.077    303.3   0.081    293.8   0.082    284.1   0.080    273.9   0.077                    
18281-2645 HDS2615AB         3    Msn2023     173.3   0.198     69.0   0.012    353.4   0.210    350.8   0.303    349.1   0.350                    
18282-5230 B  1362           4    Tok2023a    136.1   0.039    149.1   0.039    161.1   0.041    171.5   0.045    180.0   0.050                    
18299+2639 BD+26 3279        9    Jnc2005      53.2   0.0077   196.0   0.0069   138.6   0.0121    92.7   0.0098   343.7   0.0050  astrometric orbit
18301+0404 CHR  72Aa,Ab      4    Tok2024e    297.7   0.109    300.7   0.112    303.5   0.115    306.1   0.118    308.7   0.122                    
18302-0543 HR 6940           9    Ren2013     203.1   0.0019   273.0   0.0023    32.4   0.0036    66.2   0.0033   232.9   0.0033  astrometric orbit
18305-2848 HDS2624           3    Tok2015c    220.8   0.146    218.2   0.148    215.7   0.148    213.1   0.149    210.6   0.148                    
18305-1052 HDS2623Aa,Ab      4    Tok2023a    204.3   0.060    213.6   0.042    240.1   0.022    319.1   0.019    351.5   0.040                    
18320+0647 STT 354           4    Zir2013a    220.3   0.554    220.9   0.551    221.6   0.549    222.3   0.547    223.0   0.545                    
18323-1439 CHR  73           2    Tok2017c     39.8   0.059      7.3   0.045    292.2   0.033    238.0   0.051    188.5   0.030                    
18338+1744 HU  322AB         2    FMR2012b     89.7   0.222     89.3   0.225     88.8   0.227     88.4   0.228     88.0   0.227                    
18339+5144 BY Dra            8    Hel2012     151.0   0.0050   123.4   0.0055    97.5   0.0054    67.8   0.0049    29.5   0.0042                   
18339+5221 A  1377AB         3    Mut2010e    142.2   0.239    143.3   0.239    144.5   0.238    145.7   0.238    146.9   0.238                    
18339+5221 A  1377B          9    Mut2010e    183.3   0.0001   284.4   0.0001   330.1   0.0002   355.9   0.0001    83.8   0.0001  astrometric orbit
18346-2734 TOK 422Aa,Ab      4    Tok2021f    308.2   0.0061   110.4   0.0493   107.0   0.0839   105.2   0.1024   103.9   0.1096                   
18352+1812 CHR  74           4    Hor2015b     12.8   0.124      8.2   0.116      2.8   0.107    356.5   0.099    349.1   0.091                    
18355+2336 STT 359           3    Sca2009a      2.7   0.756      2.6   0.757      2.4   0.757      2.3   0.757      2.2   0.757                    
18359+1659 STT 358AB         4    Izm2019     143.9   1.622    143.4   1.620    142.9   1.618    142.4   1.615    142.0   1.613                    
18360+1144 STT 357           3    Sca2011a     62.8   0.359     61.9   0.357     60.9   0.356     59.9   0.354     58.9   0.353                    
18362+6529 GC 25491          9    HIP1997d    197.7   0.0084     6.1   0.0055    19.9   0.0080   188.4   0.0063   206.7   0.0044  astrometric orbit
18363+2143 COU 206           4    Doc2010h    205.8   0.081    203.5   0.084    201.3   0.087    199.3   0.090    197.5   0.094                    
18368-2617 RST3187AB         3    Tok2016e    217.9   0.221    221.3   0.226    224.7   0.222    228.4   0.208    232.8   0.185                    
18374+7741 STT 363           4    Sca2009a    342.6   0.618    342.7   0.627    342.8   0.635    342.9   0.644    343.0   0.653                    
18384+0850 HU  198           4    Nov2007d    125.3   0.433    125.0   0.430    124.7   0.427    124.3   0.424    124.0   0.421                    
18384+6708 STF2384AB         3    Doc2024b    305.6   0.474    305.7   0.501    305.8   0.527    305.9   0.552    306.0   0.576                    
18384-0312 A    88AB         1    Hrt2013d    292.4   0.112    261.5   0.102    230.1   0.110    205.6   0.127    186.3   0.137                    
18396+4056 COU1607           4    BAE2021     317.5   0.0083    82.2   0.0067   103.0   0.0192   107.3   0.0318   109.2   0.0438                   
18386+1632 HO   87AB         2    USN2019     101.4   0.448    102.4   0.449    103.4   0.450    104.4   0.451    105.4   0.451                    
18402+3822 HDS2644           3    Doc2021e    100.6   0.081     81.8   0.078     61.4   0.075     40.0   0.075     19.4   0.078                    
18410+2450 A  2988           3    FMR2010f    203.5   0.160    201.9   0.161    200.2   0.162    198.5   0.162    196.9   0.162                    
18411+2447 LDS6330           5    Kpp2020f      2.8   3.909      2.6   3.852      2.4   3.795      2.2   3.738      2.0   3.681                    
18413+3018 STF2367AB         2    Pbx2000b     70.5   0.448     70.3   0.449     70.1   0.449     69.8   0.450     69.6   0.450                    
18421+3445 B  2546Aa,Ab      4    USN2002      65.7   0.086     71.7   0.082     78.2   0.079     85.2   0.076     92.8   0.073                    
18422-2617 RST3190           4    Tok2024e    139.3   0.322    137.7   0.324    136.1   0.326    134.6   0.328    133.1   0.329                    
18426-0704 GC 25586          9    Jnc2005     215.0   0.0039   133.9   0.0064    73.0   0.0035   291.7   0.0060   219.9   0.0040  astrometric orbit
18428+5938 STF2398AB         4    Hei1987b    184.3  10.544    184.8  10.462    185.4  10.379    185.9  10.297    186.5  10.215                    
18434-5546 B   398AB         3    Doc2016i    328.0   0.182    322.6   0.158    315.3   0.134    304.9   0.111    289.5   0.091                    
18437+3141 A   253           3    Doc2024b    138.9   0.553    139.8   0.532    140.7   0.511    141.8   0.489    142.9   0.467                    
18439-0649 CIA  48Aa,Ab      2    CIA2022f    208.5   0.0006   169.4   0.0006   131.8   0.0006    94.9   0.0006    57.0   0.0006                   
18439-0649 YSC 133           2    Hor2021b    100.1   0.033    284.7   0.065    273.4   0.078    261.2   0.064    237.9   0.042                    
18439+0237 STF2369           4    Izm2019      17.2   0.278     15.2   0.277     13.3   0.276     11.3   0.276      9.3   0.275                    
18440+0321 A  2388           5    FMR2014c    137.7   0.258    138.3   0.258    138.9   0.258    139.4   0.258    140.0   0.259                    
18443+3940 STF2382AB         4    WSI2004b    342.7   2.264    342.4   2.256    342.0   2.248    341.7   2.240    341.3   2.231                    
18443+3940 STF2382AB         4    Doc2020e    342.2   2.064    341.8   2.038    341.4   2.011    340.9   1.983    340.5   1.953                    
18443+3940 STF2383CD         4    Doc2020e     72.1   2.415     71.7   2.418     71.3   2.421     70.9   2.424     70.5   2.427                    
18443+3940 CHR  77Ca,Cb      4    Doc2020e    235.3   0.097    216.9   0.133    201.7   0.123    180.1   0.097    144.9   0.080                    
18447-2548 SEE 358           5    Izm2019      73.8   1.164     74.4   1.155     74.9   1.146     75.5   1.137     76.1   1.128                    
18448-3323 OL   20           4    Tok2019c    201.8   0.157    198.7   0.165    196.0   0.173    193.5   0.181    191.2   0.190                    
18453-2039 GAA  14Aa,Ab      2    Evs2025     252.9   0.0035    60.3   0.0043   131.4   0.0044   192.3   0.0053   251.3   0.0036                   
18453-3529 B   943           4    Tok2022g    266.3   0.484    265.6   0.486    265.0   0.489    264.4   0.491    263.8   0.493                    
18455+0530 FIN 332Aa,Ab      2    Tok2020k    325.8   0.082    323.5   0.100    321.8   0.115    320.5   0.127    319.4   0.138                    
18455+0530 FIN 332Ba,Bb      2    Tok2020k    321.0   0.140    320.0   0.143    319.0   0.146    318.1   0.149    317.2   0.151                    
18455+0530 STF2375AB         4    Tok2020k    120.7   2.612    120.7   2.615    120.8   2.617    120.8   2.619    120.9   2.622                    
18462+6412 HU  937           4    USN2006b    333.5   1.099    333.7   1.105    333.8   1.111    333.9   1.117    334.0   1.122                    
18463-2721 B   405           4    Msn1999c    131.0   0.459    129.7   0.450    128.2   0.441    126.7   0.431    125.2   0.420                    
18464-2755 RST2073           3    Doc2018l    143.3   0.402    142.6   0.409    141.8   0.416    141.1   0.423    140.4   0.429                    
18465-0058 MCA  53Aa,Ab      4    Doc2017f    358.9   0.145    357.0   0.151    355.2   0.156    353.5   0.161    351.9   0.164                    
18466+3821 HU 1191           1    Doc2024b    208.1   0.113    128.9   0.088     69.1   0.129     37.1   0.160     14.0   0.181                    
18471+5523 SIG   5           4    Dup2017     260.9   0.047    285.6   0.075    296.5   0.103    303.1   0.123    308.3   0.131                    
18472-0445 NOI   5           9    Ren2013     343.8   0.0009   114.6   0.0028    74.0   0.0016   145.6   0.0010    93.6   0.0028  astrometric orbit
18480-1009 HDS2665           4    Tok2024c    232.2   0.334    242.5   0.315    254.3   0.289    268.7   0.262    285.8   0.244                    
18483-6856 JAO   8           9    Jao2014b     80.1   0.0093    71.0   0.0366    69.6   0.0629    69.0   0.0876    68.7   0.1097  astrometric orbit
18488-1836 KUI  88           4    Hrt2013c    152.3   0.536    152.1   0.538    151.8   0.541    151.5   0.543    151.3   0.545                    
18497+1041 STF2402           5    Izm2019     208.2   1.452    208.2   1.451    208.3   1.450    208.3   1.448    208.3   1.447                    
18500+1519 YSC  12AB         5    Tok2018e     20.0   0.463     17.0   0.458     13.8   0.453     10.6   0.448      7.3   0.442                    
18501+3322 CIA   3Aa1,2      5    CIA2008b    254.8   0.0008   249.2   0.0004    75.7   0.0007    71.8   0.0006   257.2   0.0005                   
18501+3322 CIA   3Aa1,2      5    CIA2008b    253.6   0.0009   248.3   0.0004    74.4   0.0008    70.8   0.0007   255.8   0.0006                   
18501+3322 CIA   3Aa1,2      5    CIA2008b    252.2   0.0010   247.3   0.0004    73.0   0.0008    69.6   0.0007   254.3   0.0006                   
18512+5923 CIA   8Aa,Ab      5    CIA2015c     22.6   0.0057   202.7   0.0066    26.9   0.0007    22.1   0.0035   202.4   0.0067                   
18516-6054 RST5126           2    Tok2024b    161.9   0.145    165.8   0.150    169.4   0.155    172.9   0.159    176.1   0.163                    
18516+2837 PTI   2           4    Trr2024b    218.6   0.0026    83.3   0.0034   351.5   0.0029   254.4   0.0031   112.1   0.0030                   
18520-5418 TOK 325Aa,Ab      3    Tok2024c    295.7   0.116    315.5   0.092    354.5   0.061     61.7   0.061    105.0   0.080                    
18531+7405 GC 26011          9    HIP1997d     86.8   0.0041   167.4   0.0038   272.8   0.0042   354.9   0.0037    98.5   0.0043  astrometric orbit
18531-5011 MUG  10Aa,Ab      4    Gns2014b     57.1   0.743     57.0   0.765     56.9   0.788     56.8   0.810     56.7   0.831                    
18534+2553 A  2989           4    USN2002     205.5   0.318    205.9   0.322    206.3   0.325    206.8   0.329    207.2   0.332                    
18537-0533 A    93           4    Izm2019     157.9   1.088    158.2   1.094    158.4   1.101    158.7   1.107    158.9   1.114                    
18540+3723 BU  137AB         5    Izm2019     166.3   1.517    166.6   1.513    166.8   1.508    167.1   1.503    167.3   1.498                    
18541+1500 SAO 104236        9    HIP1997d    298.4   0.0059   135.4   0.0070   336.6   0.0048   236.7   0.0026   115.3   0.0056  astrometric orbit
18547+2239 MKT   9Aa,Ab      1    MkT1995      76.6   0.0111   253.2   0.0091    71.0   0.0111   244.8   0.0091    65.4   0.0111                   
18550+3053 A   258           4    Hrt2013c    233.2   0.246    232.2   0.235    231.2   0.223    230.0   0.212    228.7   0.201                    
18555+0637 HR 7135           9    Jnc2005     218.4   0.032    246.0   0.029    282.2   0.025    329.3   0.022     24.5   0.020   astrometric orbit
18558+0327 A  2192           3    Mdz2017     305.5   0.190    302.2   0.196    299.0   0.203    296.1   0.210    293.3   0.217                    
18567-5102 RST5456           4    Tok2021f    121.5   0.194    119.0   0.193    116.5   0.191    114.0   0.189    111.4   0.187                    
18570+3254 BU  648B          9    Mut2010e     71.9   0.0002   283.3   0.0002   195.9   0.0001    59.2   0.0002   262.6   0.0002  astrometric orbit
18570+3254 BU  648AB         2    Doc2008f    216.3   0.982    212.1   0.896    206.9   0.800    200.2   0.698    191.2   0.594                    
18575+5814 STF2438           3    USN2018     355.9   0.855    355.7   0.854    355.5   0.853    355.3   0.852    355.1   0.851                    
18581+4711 AG  366           5    WSI2021     180.5   1.311    179.7   1.300    178.9   1.289    178.1   1.277    177.3   1.266                    
18581-2953 VSP  52Aa,Ab      5    VSP2022b    126.3   0.106    123.1   0.104    119.6   0.098    115.5   0.089    110.4   0.078                    
18582+1722 CIA  14Aa1,2      5    AST2007     220.6   0.0036   295.6   0.0029    47.5   0.0030   142.0   0.0029   225.6   0.0036                   
18584+4750 BD+47 2730        9    Gln2007      20.3   0.0094   213.0   0.0088     4.1   0.0048    38.3   0.0039   259.3   0.0027  astrometric orbit
18591+2230 HU  332           5    Lin2020     270.9   0.544    271.2   0.547    271.6   0.550    271.9   0.553    272.2   0.556                    
18594-1250 KUI  89           2    Hrt2014b    178.6   0.309    180.3   0.312    181.9   0.316    183.5   0.319    185.1   0.322                    
18596+1504 eps Aql           9    Jnc2005      60.2   0.0085   238.9   0.0127   253.7   0.0027    57.3   0.0116   235.0   0.0058  astrometric orbit
19012+0229 GC 26129          9    HIP1997d    315.5   0.0112    66.5   0.0091   147.4   0.0106   262.3   0.0100   341.1   0.0098  astrometric orbit
19013-1341 BDT   4           5    Bdt2023     282.3   0.392    285.1   0.402    287.7   0.410    290.3   0.416    292.8   0.421                    
19019+1910 STF2437           4    Sca2008c    358.5   0.553    357.8   0.553    357.1   0.552    356.4   0.551    355.7   0.550                    
19021+5216 HU  757BC         5    Sca2025a    150.8   0.243    149.9   0.247    149.0   0.251    148.1   0.255    147.2   0.259                    
19026-2953 HDO 150AB         1    DRs2012      93.0   0.314     81.0   0.374     71.1   0.383     60.2   0.335     43.1   0.249                    
19027+4307 YSC  13           3    Doc2013j    184.6   0.072    233.6   0.031     57.5   0.056     82.1   0.085     96.2   0.101                    
19027-0043 STF2434BC         4    Mdz2017     254.1   0.812    252.8   0.822    251.6   0.831    250.4   0.841    249.2   0.850                    
19029-5413 I  1390           2    Tok2019c     86.0   0.265     87.4   0.268     88.8   0.269     90.2   0.269     91.5   0.269                    
19035-6845 FIN 357           2    Tok2024c     98.3   0.195     85.3   0.189     71.3   0.179     55.3   0.166     36.0   0.150                    
19035+0149 RMU   5           5    VSP2022b    195.6   0.095    230.2   0.092    259.0   0.111    278.0   0.136    291.5   0.155                    
19036-7224 HDS2703           5    Tok2020g    352.1   0.188    348.5   0.190    344.9   0.191    341.3   0.190    337.8   0.189                    
19039+2642 A  2992           3    Doc2009g     32.5   0.162     30.4   0.159     28.2   0.157     25.9   0.154     23.6   0.152                    
19040-3804 I  1391           3    Tok2024c    126.6   0.277    128.3   0.278    130.1   0.277    131.9   0.276    133.7   0.274                    
19043-2132 H N 126           4    Izm2019     179.2   1.304    178.7   1.307    178.1   1.310    177.6   1.313    177.1   1.316                    
19054+3803 AG  227           4    Izm2019      32.5   7.228     32.6   7.243     32.8   7.258     33.0   7.273     33.1   7.288                    
19055+3352 HU  940           3    Doc2009g    183.3   0.391    182.5   0.381    181.6   0.371    180.6   0.360    179.6   0.349                    
19062+3026 STF2454AB         4    Msn2014b    292.1   1.402    292.3   1.405    292.5   1.409    292.8   1.413    293.0   1.417                    
19064-3704 HJ 5084           2    Izm2019     311.6   1.611    308.4   1.640    305.4   1.670    302.4   1.701    299.6   1.732                    
19069+4137 COU2197           5    Doc2016g    190.4   0.168    181.0   0.165    171.2   0.162    161.1   0.160    150.6   0.158                    
19069-2740 tau Sgr           9    HIP1997d    227.7   0.0041   313.7   0.0087    76.4   0.0049   141.7   0.0081   275.2   0.0062  astrometric orbit
19070+1104 HEI 568           4    Zir2010     233.7   0.262    230.9   0.259    228.0   0.255    225.1   0.252    222.1   0.250                    
19071+7204 STT 369           4    PkO2018b      4.9   0.674      4.6   0.673      4.4   0.671      4.1   0.670      3.8   0.668                    
19072+2053 LDS1017           5    Kiy2012     110.3 115.157    110.3 115.147    110.3 115.137    110.3 115.126    110.3 115.116                    
19073+3606 STA   3           3    Hor2024     192.3   0.015    146.4   0.035    130.1   0.045    119.0   0.051    110.1   0.056                    
19073+2432 A   262           4    Zir2012b     97.5   0.202     98.1   0.202     98.7   0.202     99.3   0.201     99.9   0.201                    
19074+0811 A   361           4    Tok2022g     53.9   0.352     53.4   0.354     52.9   0.356     52.3   0.358     51.8   0.360                    
19074+3230 KUI  90Ca,Cb      1    MnA2019     322.7   0.064     85.4   0.225    140.6   0.079    249.2   0.232    261.7   0.354                    
19082-0520 RST4618           5    Tok2021f    294.1   0.235    294.9   0.240    295.7   0.245    296.5   0.249    297.2   0.254                    
19083+2706 HO   98AB         4    Lin2012a     40.0   0.150     37.7   0.147     35.3   0.144     32.8   0.142     30.2   0.139                    
19083+2522 SAO 86853         9    HIP1997d    345.5   0.0231    48.7   0.0089   332.4   0.0210     4.6   0.0173   292.5   0.0064  astrometric orbit
19083+5520 D    19AB         5    Hrt2013c    337.6   0.448    337.0   0.443    336.3   0.438    335.6   0.433    334.9   0.428                    
19089+3404 COU1462Aa,Ab      2    Doc2013g     65.4   0.114     77.6   0.087     99.6   0.064    133.9   0.058    164.5   0.071                    
19091+3436 CHR  84Aa,Ab      1    CIA2014a    328.7   0.079    103.7   0.046     34.4   0.096    355.6   0.095    289.5   0.052                    
19093+1138 HDS2716           5    Tok2023a    323.3   0.047    327.8   0.050    331.9   0.053    335.6   0.055    338.9   0.058                    
19098-1948 B   427           5    Vor1934       3.3   0.126    240.3   0.116    312.8   0.138     35.0   0.101    266.2   0.136                    
19105-5813 B  2468           4    Tok2023a     22.7   0.496     21.6   0.528     20.5   0.559     19.6   0.589     18.8   0.618                    
19106+5429 A  1391           3    Pru2014      37.4   0.275     38.7   0.279     39.9   0.283     41.1   0.287     42.2   0.291                    
19110-0726 A    95           2    Doc2017f      8.0   0.219      5.9   0.217      3.8   0.214      1.6   0.212    359.4   0.209                    
19111+3847 SE    2BC         2    Doc2025a    177.5   0.113    156.8   0.132    142.4   0.160    132.7   0.193    125.8   0.227                    
19117-2604 RST2094           4    Tok2019c    173.2   0.164    178.7   0.173    183.6   0.183    188.0   0.194    191.9   0.206                    
19118-5319 FIN  68           4    Tok2021f    252.9   0.456    255.0   0.455    257.2   0.453    259.3   0.452    261.5   0.450                    
19121+4951 STF2486AB         4    Hle1994     202.5   7.064    202.3   7.046    202.2   7.028    202.0   7.010    201.8   6.993                    
19121+4951 STF2486AB         4    Izm2019     202.6   7.016    202.5   6.998    202.3   6.979    202.1   6.961    202.0   6.943                    
19122-8329 CD-83  238        9    Gln2007      68.7   0.0120   178.4   0.0147     9.4   0.0091   145.5   0.0140   261.5   0.0089  astrometric orbit
19121+0254 AST   1           1    AST2016      97.4   0.104    198.3   0.150    145.9   0.175    325.0   0.070    169.1   0.207                    
19124-3304 OL   22           3    Hrt2014b     62.8   0.549     63.8   0.548     64.7   0.548     65.7   0.547     66.7   0.546                    
19126+1651 BD+16 3774        9    Jnc2005     152.4   0.035    118.0   0.032     55.1   0.020    328.0   0.027    284.7   0.032   astrometric orbit
19126+1651 BU  139AB         4    Zir2013a    135.5   0.567    135.4   0.563    135.4   0.560    135.3   0.556    135.3   0.552                    
19127+2435 A   264AB         5    Izm2019     288.6   3.388    288.6   3.386    288.6   3.384    288.6   3.382    288.6   3.379                    
19127+2435 MAD   7AC         5    Izm2019     198.9   0.829    186.4   0.794    173.4   0.795    161.1   0.834    150.2   0.904                    
19134-1427 BU  138           5    Izm2019     342.8   1.489    343.1   1.495    343.4   1.500    343.7   1.506    344.0   1.511                    
19143+1904 STF2484           4    Izm2019     241.3   2.030    241.4   2.023    241.6   2.015    241.7   2.008    241.9   2.000                    
19143-0843 GC 26500          9    HIP1997d     36.9   0.0066   221.6   0.0064    46.4   0.0062   231.7   0.0060    57.4   0.0057  astrometric orbit
19153+2454 HDS2724           3    Tok2021f    279.4   0.193    269.8   0.172    250.6   0.091     94.2   0.072     42.3   0.072                    
19155-2515 B   430           2    Tok2024e    106.7   0.200    107.5   0.194    108.3   0.182    109.3   0.164    110.5   0.140                    
19162+2757 HO  447           5    Izm2019     171.0   2.333    170.9   2.329    170.9   2.325    170.9   2.321    170.8   2.317                    
19164+1433 CHR  85Aa,Ab      1    Tok2024d     81.0   0.053     64.1   0.059     48.4   0.057     28.0   0.045    331.5   0.020                    
19167-4553 RST4036           2    USN2019      19.4   0.201    308.1   0.107    219.8   0.201    193.5   0.270    171.8   0.250                    
19169+6312 STF2509           4    Zir2014a    327.9   1.873    327.8   1.877    327.8   1.880    327.7   1.884    327.7   1.887                    
19172-6640 GLE   3           3    Doc2024c    359.8   0.528      0.9   0.529      2.1   0.530      3.2   0.531      4.4   0.533                    
19174+7121 BD+71  945        9    Gln2007     226.2   0.015     99.7   0.018    310.2   0.014    205.3   0.014     85.9   0.018   astrometric orbit
19174+0115 A  2267AB         5    Tok2022g    350.1   0.579    350.0   0.585    349.8   0.590    349.7   0.595    349.6   0.600                    
19180+2012 COU 321           4    Doc2003e    152.2   0.276    151.8   0.286    151.5   0.297    151.2   0.307    150.9   0.317                    
19188+1736 HU  337           4    Tok2022g     75.0   0.232     74.3   0.231     73.6   0.230     72.9   0.229     72.2   0.227                    
19190-3317 I   253AB         3    Mdz2021     140.3   0.620    140.2   0.630    140.1   0.639    139.9   0.646    139.8   0.652                    
19190+4138 KOI3158A,BC       5    Dup2016b    253.0   1.814    253.0   1.810    253.0   1.805    253.0   1.800    253.0   1.795                    
19194-0136 HDS2734Aa,Ab      3    Tok2019c    143.1   0.275    151.0   0.307    157.5   0.336    163.0   0.361    167.8   0.384                    
19196+3720 CIA   2AB         4    CIA2018d    356.4   0.087      0.2   0.078      5.6   0.061     17.7   0.033    321.1   0.026                    
19197-2836 B   433AB         5    Tok2020e    303.7   0.131    311.6   0.130    319.6   0.131    327.3   0.134    334.5   0.139                    
19200-1435 RST4037           4    Tok2023a    243.2   0.203    244.3   0.202    245.4   0.201    246.5   0.200    247.6   0.198                    
19201+2639 BD+26 3527        9    Ren2013     285.3   0.0033   233.6   0.0041   183.7   0.0034    61.5   0.0019   284.5   0.0033  astrometric orbit
19203+6955 NLTT 47736        9    Gln2007     108.2   0.0071   244.6   0.0125    78.3   0.0148   220.1   0.0088    63.7   0.0123  astrometric orbit
19205-0525 ISO  10Aa,Ab      9    Jnc2005     116.4   0.0108   124.7   0.0151   322.3   0.0017   119.6   0.0135   127.0   0.0135  astrometric orbit
19215-3459 VSP  53           5    VSP2022b    229.8   0.146    301.4   0.125    358.2   0.184     24.9   0.244     43.3   0.266                    
19216+5223 BU 1129           3    Doc2024b    340.3   0.275    339.9   0.269    339.5   0.263    339.1   0.256    338.7   0.248                    
19217-1557 ups Sgr           8    Bnu2011     262.7   0.0021   125.2   0.0016    20.5   0.0015   249.5   0.0021   106.0   0.0019                   
19222-0735 A   102AB         4    Lin2012a    271.1   0.224    272.3   0.227    273.4   0.230    274.5   0.233    275.6   0.236                    
19229-5425 LWR   3AB         5    JWT2024     347.4   1.456    347.6   1.459    347.8   1.463    348.1   1.466    348.3   1.469                    
19233-0635 HDS2745           5    Hor2021b      5.7   1.315      5.0   1.319      4.3   1.323      3.6   1.326      2.8   1.329                    
19236+3313 THA   1AB         5    Bdt2021b    237.0   1.219    240.6   1.182    244.3   1.146    248.3   1.114    252.5   1.085                    
19240-5320 HDS2751           4    Tok2019c      9.6   0.150     16.5   0.158     23.0   0.162     29.1   0.165     35.1   0.165                    
19242-6300 TOK 799           3    Tok2024c    358.8   0.050    326.9   0.104    314.9   0.133    305.8   0.138    295.8   0.119                    
19243+2032 HDS2752AB         4    Tok2021c    115.1   0.292    112.8   0.294    110.5   0.295    108.2   0.297    105.9   0.297                    
19253-2431 FIN 327           2    Doc2023c    262.6   0.060    261.0   0.102    260.1   0.113    259.2   0.096    256.9   0.041                    
19255+0307 BNU   6Aa,Ab      9    HIP1997d    318.5   0.074    241.8   0.044     53.9   0.042    338.4   0.075    285.1   0.059   astrometric orbit
19264-1433 HDS2760           4    Tok2023a    271.2   0.306    269.6   0.307    267.9   0.307    266.2   0.306    264.5   0.304                    
19264+4928 YSC 134           2    Doc2018h    329.4   0.024    258.3   0.023    199.1   0.025    108.1   0.017     30.5   0.028                    
19266+2719 STF2525AB         3    Izm2019     288.6   2.257    288.5   2.264    288.4   2.271    288.4   2.278    288.3   2.285                    
19282-1209 SCJ  22           2    Izm2019     299.6   1.238    300.7   1.253    301.8   1.267    302.8   1.281    303.9   1.295                    
19287+3437 LTT 15689         9    HIP1997d     75.2   0.0157    37.2   0.0145    88.4   0.0130    48.2   0.0167   112.3   0.0085  astrometric orbit
19293+2017 CIA  57           2    CIA2024a    137.6   0.0011   336.2   0.0017   316.4   0.0010   155.7   0.0018   134.9   0.0010                   
19294-0703 GAA  17Aa1,2      4    GaA2019b    115.3   0.0092     1.0   0.0047   296.9   0.0073   180.9   0.0059   140.3   0.0117                   
19294-4057 B  1385           2    Tok2024c    180.8   0.120    191.7   0.112    204.0   0.107    217.1   0.105    230.3   0.106                    
19296+1224 A  1653           4    Pru2014     119.9   0.196    118.1   0.196    116.3   0.195    114.5   0.195    112.7   0.195                    
19296-1239 HU   75           3    Tok2015c    189.7   0.438    191.9   0.454    193.9   0.470    195.9   0.485    197.7   0.499                    
19301-4904 HDS2772           4    Tok2024c      2.0   0.169      5.5   0.181      8.5   0.191     11.3   0.200     13.9   0.207                    
19302+5639 A   712           3    USN2006b     17.5   0.044      9.3   0.043      1.1   0.043    353.1   0.044    345.5   0.046                    
19305-3149 B   972           4    Tok2018b    168.9   0.093    166.3   0.097    163.9   0.100    161.6   0.104    159.5   0.107                    
19305-4826 I   254           3    Tok2022g     30.0   0.795     30.0   0.804     30.1   0.812     30.2   0.821     30.2   0.829                    
19307+2758 MCA  55Aa,Ac      3    Rbr2018     228.8   0.431    226.6   0.440    224.4   0.447    222.4   0.453    220.3   0.457                    
19308+6337 HU  951           3    Hrt2014b    234.1   0.206    236.0   0.207    237.8   0.209    239.6   0.210    241.4   0.212                    
19311+5835 MCA  56           1    Kie2018     268.6   0.102      2.1   0.051    177.0   0.067    235.9   0.111    276.9   0.094                    
19313+4729 A   713           3    Zas2012c    357.4   0.123      4.1   0.121     11.0   0.120     18.0   0.120     25.0   0.121                    
19316+1747 STF2536           5    Izm2019     124.4   1.802    124.8   1.801    125.3   1.800    125.7   1.799    126.1   1.798                    
19326+1203 HEI 574           5    Tok2023a    149.7   0.505    149.8   0.511    149.8   0.517    149.8   0.523    149.8   0.528                    
19330+0546 A   367           5    Izm2019     302.6   0.973    302.4   0.974    302.2   0.976    302.1   0.977    301.9   0.979                    
19334+6203 STF2553           5    Izm2019     133.9   0.982    134.2   0.982    134.5   0.982    134.8   0.981    135.1   0.981                    
19336+3846 CHR  87           3    Cve2012     316.2   0.091    324.0   0.104    330.3   0.115    335.5   0.124    340.0   0.131                    
19346+1808 STT 375           4    Zir2015a    190.8   0.595    191.2   0.594    191.6   0.593    191.9   0.593    192.3   0.592                    
19348+2928 WRH  32           4    Baz1989b    178.3   0.034    146.1   0.015    208.0   0.025    194.2   0.043    185.0   0.041                    
19350+2328 A   162           4    Mdz2017     328.0   0.097    333.2   0.095    338.5   0.094    343.9   0.094    349.3   0.095                    
19351+5038 HU  679           3    Ana2005     280.9   0.400    282.3   0.400    283.7   0.400    285.1   0.399    286.5   0.398                    
19356+4002 A  1400           4    Cze2022     135.2   0.427    136.0   0.431    136.8   0.436    137.6   0.441    138.3   0.446                    
19358+2316 A   163           4    Sca2019d    359.6   0.212    358.1   0.211    356.6   0.209    355.1   0.208    353.5   0.206                    
19369-6949 GKM9430Aa,Ab      3    Tok2024c    252.5   0.021     42.6   0.025    254.9   0.021     44.3   0.024    257.3   0.021                    
19377-4128 VOU  34           3    Tok2024c    308.5   0.143    307.4   0.134    306.1   0.124    304.6   0.113    302.7   0.101                    
19380+3353 YSC 135           2    Hor2020     164.5   0.037    259.9   0.015    335.9   0.038      5.6   0.033     68.5   0.022                    
19387+5458 CIA  13           4    CIA2019c    233.0   0.0031   230.7   0.0028    54.1   0.0008    25.1   0.0004   236.9   0.0018                   
19389+3514 HU  953           4    Lin2022b     68.4   0.493     69.7   0.506     71.0   0.519     72.2   0.532     73.3   0.544                    
19391+7625 MLR 224           2    HJL2020      89.9   0.088    103.2   0.145    110.0   0.169    117.2   0.134    149.1   0.039                    
19394+3009 MCA  57           1    Pbx2000b     91.1   0.015     79.3   0.030     74.6   0.038     70.5   0.034     59.3   0.012                    
19394+2215 STF2556           4    Ari1999     331.5   0.384    330.3   0.386    329.0   0.388    327.8   0.390    326.6   0.392                    
19398-2326 SEE 389           2    Tok2015c    326.4   0.190    325.8   0.177    324.9   0.160    323.9   0.139    322.5   0.116                    
19399-3926 GAA  16Aa,Ab      4    GaA2019     210.6   0.0013   210.5   0.0014   210.4   0.0014   210.4   0.0014   210.3   0.0014                   
19401-0759 YSC 161           3    Tok2021f     59.9   0.031    263.3   0.029    252.0   0.074    248.3   0.087    240.8   0.027                    
19406+6240 STF2574           4    Zir2010      99.6   0.549    100.0   0.550    100.4   0.550    100.8   0.550    101.2   0.550                    
19407-0037 CHR  88Aa1,2      9    CIA2022f      5.1   0.0077   345.7   0.0106   333.0   0.0115   316.7   0.0077   149.6   0.0050  astrometric orbit
19407-0037 CHR  88Aa,Ab      2    CIA2022f    229.1   0.085    216.1   0.092    204.6   0.096    193.6   0.096    182.2   0.093                    
19411+1349 KUI  93           3    Tok2021c    322.0   0.0700   323.9   0.0567   327.2   0.0411   335.6   0.0218   139.0   0.0053                   
19418+5032 STFA 46AB         4    Mrc1999     133.0  39.862    132.9  39.875    132.9  39.887    132.9  39.899    132.9  39.912                    
19420+4015 KUI  94           2    Doc2025a    152.2   0.449    151.6   0.442    150.8   0.434    150.1   0.425    149.3   0.415                    
19429+4043 STT 383AB         4    PkO2018b     14.0   0.770     14.0   0.767     13.9   0.764     13.8   0.762     13.7   0.759                    
19431-0818 GC 27279          9    HIP1997d     14.9   0.0112   233.2   0.0075    72.0   0.0113   314.1   0.0115   124.5   0.0112  astrometric orbit
19436-1528 BUP 197A          9    Gln2007      40.0   0.012    141.1   0.019    195.2   0.022    274.5   0.012     96.0   0.015   astrometric orbit
19448+2916 GAA  26Aa1,2      2    GaA2025      64.4   0.0012   272.4   0.0033   254.0   0.0015    62.8   0.0011   272.1   0.0033                   
19449-2338 MTG   4           4    Tok2021f    220.3   0.173    201.6   0.232    190.9   0.300    184.2   0.365    179.4   0.424                    
19450+4508 STF2579AB         4    Izm2019     212.6   2.814    212.2   2.824    211.8   2.833    211.4   2.842    211.0   2.851                    
19453-6823 HDS2806AB         5    Tok2021b     97.8   0.406     93.6   0.416     89.5   0.426     85.7   0.436     82.0   0.447                    
19453-6823 TOK 425Ba,Bb      3    Tok2024c    102.1   0.052    153.4   0.035    131.0   0.082    120.9   0.088    108.5   0.065                    
19464+3344 STF2576FG         2    Sod1999     152.8   3.177    152.4   3.191    152.0   3.205    151.6   3.219    151.2   3.232                    
19458+2710 KUI  95AB         5    Sod1999      58.7   2.986     58.9   3.034     59.1   3.081     59.4   3.127     59.6   3.173                    
19460+0415 VSP  59Aa,Ab      5    VSP2022b      4.0   0.128     10.1   0.188     13.8   0.211     17.5   0.187     23.9   0.123                    
19461-0318 A  2597           4    Tok2024a    145.2   0.234    145.7   0.233    146.2   0.233    146.7   0.232    147.2   0.232                    
19464+3201 KAM   3AB         5    Izm2019     135.4   5.930    135.4   5.958    135.5   5.986    135.5   6.013    135.5   6.041                    
19464+3344 STF2580AB         5    Izm2019      68.0  26.121     67.9  26.122     67.9  26.124     67.9  26.125     67.9  26.127                    
19464+3344 WNO  56AF         5    Rmn2017     236.5  13.511    236.5  13.511    236.5  13.511    236.5  13.511    236.5  13.512                    
19466+0703 TOK 368           3    Tok2023a    169.6   0.085    193.5   0.110    209.2   0.129    221.3   0.143    231.6   0.152                    
19467+4421 YSC 136           3    Hor2021b    348.4   0.030     89.4   0.083    128.1   0.059    227.0   0.055    271.2   0.077                    
19471-1953 BU  146           4    USN2019     257.3   0.739    258.2   0.746    259.2   0.753    260.1   0.760    261.1   0.766                    
19471-1953 BU  146           4    Mdz2021      86.1   0.487     88.4   0.483     90.7   0.478     93.1   0.474     95.6   0.470                    
19471-0809 A   108           3    Doc2017l    112.1   0.320    112.7   0.320    113.3   0.321    113.8   0.321    114.4   0.321                    
19474+1832 BLA   6           3    Eat1995     104.1   0.058     84.5   0.056     63.0   0.053     39.2   0.050     10.9   0.044                    
19474-0148 A  2993AB         3    Msn2023     187.5   0.055    168.1   0.047    137.4   0.035     87.5   0.031     47.4   0.043                    
19482+7016 STF2603           5    Izm2019      22.0   3.210     22.1   3.212     22.2   3.214     22.3   3.216     22.5   3.219                    
19487+1504 A  1658           2    Doc2024b     43.0   0.234     39.4   0.235     35.8   0.235     32.2   0.236     28.6   0.236                    
19487+3519 STT 387           2    USN2021b     81.4   0.415     77.9   0.411     74.4   0.408     70.7   0.405     67.1   0.404                    
19490+1909 AGC  11AB         1    Mut2010b    117.0   0.067     43.8   0.027    257.6   0.034    208.6   0.073    194.3   0.110                    
19491-6149 I   120AB         2    Tok2018b    157.0   0.485    155.5   0.490    154.1   0.494    152.8   0.498    151.4   0.501                    
19496-5525 I   658           4    Doc2017i    128.7   1.283    128.3   1.291    127.9   1.297    127.5   1.304    127.1   1.311                    
19512-7248 HJ 5137A          9    Gln2007     236.6   0.0075    18.8   0.0068   120.0   0.0037   245.8   0.0068    27.9   0.0076  astrometric orbit
19512-7248 TOK 697Aa,Ab      3    Tok2022g    338.7   0.018     43.7   0.029    242.5   0.031      0.4   0.022     64.1   0.013                    
19514+4044 COU2530AB         4    Tok2019e    199.8   0.063    237.2   0.046    281.0   0.055    303.9   0.082    314.9   0.113                    
19520-1021 BU  148AB         5    Lin2004b    208.5   0.511    207.2   0.503    205.8   0.494    204.4   0.486    202.9   0.477                    
19529+4105 SAO 48932         9    HIP1997d     62.7   0.0101   235.1   0.0055   356.5   0.0134    35.2   0.0135   127.3   0.0065  astrometric orbit
19531-1436 CHR  90           4    Tok2019c    178.5   0.466    177.6   0.476    176.7   0.486    175.9   0.496    175.1   0.505                    
19531-2528 B   454           3    Doc2010j    338.4   0.307    338.8   0.307    339.2   0.306    339.6   0.304    340.0   0.301                    
19534+2020 HDS2833Ba,Bb      4    Tok2021f    246.6   0.190    242.1   0.193    237.7   0.196    233.4   0.198    229.2   0.200                    
19535+2405 DJU   4           5    Cve2008d    247.1   1.400    247.1   1.403    247.2   1.407    247.2   1.410    247.3   1.413                    
19539+4425 MCY   3Aa,Ab      2    MnA2019      54.9   1.026     45.0   0.964     33.5   0.879     19.2   0.783      1.0   0.693                    
19539+4425 GIC 159AB         5    Kpp2020f     60.8   5.701     59.8   5.651     58.7   5.603     57.7   5.555     56.6   5.509                    
19540+1518 STF2596           4    Izm2019     295.2   1.977    294.9   1.978    294.7   1.979    294.4   1.980    294.1   1.982                    
19543-2356 GAA  23Aa,Ab      2    GaA2023     343.4   0.0051    86.3   0.0123    99.9   0.0220   106.6   0.0241   144.6   0.0021                   
19549+5049 HU  687           3    Doc2017f     47.1   0.201     48.2   0.201     49.3   0.201     50.4   0.200     51.5   0.200                    
19550+4152 HO  581           1    Doc2025a     86.1   0.363     91.6   0.360     97.3   0.355    103.2   0.346    109.5   0.334                    
19553-0644 STF2597AB         4    Hrt1996a     98.8   0.804     98.7   0.816     98.6   0.829     98.5   0.841     98.4   0.853                    
19553+2959 BD+29 3805        9    Ren2013     235.2   0.0026   153.6   0.0016    49.6   0.0022   315.5   0.0019   246.7   0.0026  astrometric orbit
19556+5226 YR    2Aa,Ab      4    Hrt2013c    212.2   0.129    209.5   0.134    207.1   0.137    204.7   0.139    202.3   0.140                    
19559+2500 COU1037           4    Doc2010h     80.3   0.032     45.1   0.032     19.4   0.042      5.1   0.057    356.8   0.072                    
19561-3208 BWL  53Ba,Bb      3    Tok2024c     46.0   0.072    115.6   0.046    178.4   0.081    198.2   0.126    208.4   0.159                    
19563-3137 TOK 698           3    Tok2024c     63.1   0.025     60.5   0.067     59.7   0.092     59.2   0.089     58.3   0.052                    
19573+0513 A   604           3    Tok2015c    329.2   0.132    327.0   0.136    324.9   0.140    323.0   0.144    321.1   0.148                    
19579+4216 STT 392AB         3    Zir2010b    130.9   0.115    128.6   0.111    126.1   0.106    123.3   0.101    120.2   0.096                    
19580+0456 A   606           3    Sca2018e    170.3   0.552    171.1   0.552    171.9   0.552    172.7   0.553    173.5   0.553                    
19581-4808 HDS2842           3    Tok2023a     82.0   0.302     83.4   0.309     84.7   0.314     86.0   0.317     87.2   0.318                    
19585+3317 STF2606AB         4    Zir2015a    148.4   0.610    148.7   0.603    148.9   0.596    149.2   0.590    149.4   0.583                    
19592+2306 14 Vul            9    Gln2007     195.5   0.0040   191.8   0.0015    12.8   0.0047   201.6   0.0011   194.2   0.0053  astrometric orbit
19594+3206 A   378           5    Izm2019     290.7   0.834    290.6   0.828    290.4   0.821    290.3   0.815    290.1   0.807                    
19598-0957 HO  276AB         1    Doc2023d    127.1   0.221    167.1   0.136     19.3   0.099     79.9   0.200    106.2   0.237                    
20001+0338 A  2393           5    Tok2022g    356.6   0.074    354.4   0.075    352.4   0.076    350.4   0.077    348.4   0.079                    
20002-5522 B   459BC         4    Tok2024e    240.2   0.267    245.1   0.265    250.2   0.263    255.2   0.262    260.4   0.260                    
20012-3835 HDO 294           5    Dom1978      36.9   1.440     37.1   1.450     37.3   1.460     37.5   1.471     37.7   1.481                    
20012+0120 A  2275           4    Tok2023a    154.7   0.354    155.8   0.351    157.0   0.348    158.2   0.345    159.4   0.341                    
20014+1045 STF2613AB         4    Izm2019     355.3   3.438    355.3   3.427    355.4   3.416    355.4   3.406    355.5   3.395                    
20020+2456 STT 395           4    Zir2013a    128.5   0.849    128.7   0.849    128.9   0.849    129.1   0.849    129.3   0.849                    
20030+2818 BD+27 3593        9    SaJ2011     298.9   0.0021   349.4   0.0027    58.0   0.0015   288.1   0.0019   343.2   0.0027  astrometric orbit
20041+1704 LIM   3Aa,Ab      5    Bdt2019     330.1   0.943    329.5   0.982    329.0   1.014    328.4   1.039    327.9   1.059                    
20048+0109 TOK 699           4    Tok2020i     52.4   0.136    111.2   0.110    190.8   0.115    240.3   0.155    273.7   0.168                    
20050+2313 CHR  92           2    Tok2023a     99.3   0.059     70.0   0.057     25.5   0.039    260.3   0.026    144.8   0.041                    
20057-3743 HDS2865           3    Tok2025b    163.3   0.160    157.8   0.165    152.5   0.167    147.4   0.169    142.4   0.171                    
20060+3547 CIA  18Aa,Ab      2    CIA2021e    127.3   0.0010    76.0   0.0008   320.7   0.0005   185.4   0.0008   134.8   0.0010                   
20073-5127 RST1059           3    Msn2023     255.2   0.130    258.6   0.131    262.0   0.133    265.3   0.134    268.5   0.135                    
20080+4204 A   383           5    Hrt2013c      4.7   0.341      4.3   0.341      3.8   0.341      3.3   0.340      2.8   0.340                    
20081-3929 RST2134           4    Doc2016i     39.3   0.284     38.0   0.287     36.7   0.291     35.5   0.294     34.3   0.297                    
20089+6205 STF2652           4    Zir2014a    201.3   0.316    200.8   0.317    200.4   0.317    199.9   0.318    199.5   0.318                    
20094+3651 CIA  19Aa,Ab      3    CIA2024a    334.1   0.0072   331.1   0.0073   328.2   0.0074   325.3   0.0074   322.4   0.0074                   
20096+3341 BD+33 3766        9    Pbx2000a     42.4   0.0022    49.3   0.0023    55.5   0.0024    61.4   0.0025    67.2   0.0024  astrometric orbit
20102+4357 STT 400           2    Doc2025a    322.6   0.644    321.8   0.637    321.0   0.629    320.1   0.620    319.3   0.609                    
20103-2030 BEU  21           4    Tok2024b    303.1   0.113    284.6   0.168    275.7   0.231    270.6   0.295    267.3   0.359                    
20104-1923 HDS2873           4    Tok2016e    220.7   0.237    220.1   0.261    219.7   0.284    219.2   0.307    218.9   0.328                    
20111-5731 HDO 295           4    Tok2021f    313.5   0.198    318.2   0.185    323.6   0.172    329.8   0.161    336.8   0.152                    
20113-0049 MKT  10Aa,Ab      1    CIA2022e    205.7   0.0030   300.3   0.0027   252.9   0.0048   208.8   0.0032   304.9   0.0025                   
20123-0806 BU 1205           4    Hrt2010a     45.0   0.526     45.4   0.538     45.7   0.550     46.1   0.561     46.5   0.571                    
20134-4612 CD-4613445        9    SaJ2011     110.6   0.0031    79.5   0.0026   275.9   0.0007   130.3   0.0026    99.2   0.0031  astrometric orbit
20136-3827 GC 28055          9    HIP1997d    275.5   0.0065    96.9   0.0068   278.2   0.0070    99.4   0.0073   280.6   0.0075  astrometric orbit
20136+4644 WRH  33Aa,Ab      3    Msn2013a    317.9   0.038    299.8   0.023    223.4   0.012    166.8   0.027    152.8   0.042                    
20136+5307 STF2658AB         5    Izm2019     105.2   5.375    105.1   5.376    104.9   5.376    104.8   5.377    104.7   5.378                    
20145+3640 RJJ   1Aa,Ab      2    CIA2024f    285.8   0.0034   166.1   0.0013   128.9   0.0050   123.2   0.0082   120.4   0.0103                   
20151+3742 COU2416           4    Doc2013g    161.7   0.269    164.7   0.266    167.8   0.263    171.0   0.260    174.3   0.257                    
20154+6412 MLR  60AB         3    Doc2012j      4.8   0.213      2.2   0.225    359.8   0.234    357.6   0.240    355.5   0.242                    
20155+4743 omi 2 Cyg         9    Ren2013     251.6   0.0020    48.7   0.0040   102.8   0.0026   232.1   0.0024    42.3   0.0038  astrometric orbit
20157+4339 A  2095AB         4    Lin2012c    151.9   0.284    151.7   0.283    151.5   0.282    151.3   0.280    151.1   0.278                    
20157+4339 A  2095AB         4    Lin2022     153.4   0.257    153.3   0.256    153.2   0.255    153.1   0.254    152.9   0.253                    
20158+2749 CHR  94Aa,Ab      4    Cve2009b    258.4   0.108    262.5   0.115    266.1   0.120    269.6   0.122    273.0   0.120                    
20158+2749 MCA  60AB         3    Tok2023a    139.8   0.216    140.2   0.229    140.5   0.241    140.7   0.251    141.0   0.260                    
20166-0712 JNN 125           5    Jnn2022     236.9   0.230    232.1   0.237    227.5   0.245    223.2   0.253    219.2   0.260                    
20169+5017 BD+49 3245        9    Ren2013     318.6   0.0026   354.8   0.0035    26.5   0.0030    83.4   0.0023   138.6   0.0031  astrometric orbit
20170+3725 CIA   9Aa1,2      5    CIA2024g    298.2   0.0025   308.8   0.0037    94.2   0.0010   123.6   0.0039   290.5   0.0014                   
20176+2622 BU  984           4    Cve2022      68.0   0.235     72.4   0.245     76.4   0.254     80.1   0.263     83.7   0.270                    
20181+4044 CHR  96Aa,Ab      3    MzA2019b    173.3   0.060    177.4   0.059    181.8   0.057    186.3   0.055    191.2   0.054                    
20181+4044 CIA   6Ab1,2      8    CIA2011b    130.3   0.0025   192.5   0.0038   234.1   0.0033   314.4   0.0025    14.2   0.0038                   
20182+2912 A  1205           4    FSU2025      95.6   1.268     95.5   1.275     95.4   1.282     95.3   1.289     95.2   1.295                    
20198+4522 STT 406           2    Lin2022b     48.6   0.083     25.5   0.061    343.1   0.047    283.6   0.043    227.9   0.052                    
20201+2338 SAO 88531         9    HIP1997d     77.5   0.0191   238.6   0.0092    55.4   0.0175   153.3   0.0111    26.1   0.0145  astrometric orbit
20202-3435 I  1416           2    Tok2021c    310.5   0.228    308.9   0.245    307.5   0.256    306.2   0.262    304.9   0.264                    
20203+3924 A  1427AB         3    Doc2016h    160.0   0.126    164.9   0.116    170.9   0.105    178.1   0.095    187.2   0.084                    
20205+4351 IOT   2Aa,Ab      2    CIA2021a      8.5   0.0020   340.4   0.0096   334.2   0.0124   329.6   0.0132   325.1   0.0128                   
20205-2749 RST3255           3    Tok2024c    122.5   0.056    134.1   0.037    187.1   0.012     27.4   0.026     46.6   0.048                    
20210-1447 BAR  12Ba,Bb      4    Tok2021c     48.0   0.400     46.6   0.390     45.1   0.381     43.6   0.371     41.9   0.362                    
20210+4437 A   725           3    FSU2025      29.2   0.931     29.7   0.944     30.1   0.957     30.5   0.969     30.9   0.981                    
20210+1028 J   838           5    Ole2002b    121.2   6.133    121.5   6.119    121.8   6.104    122.1   6.088    122.4   6.070                    
20210-1447 BLA   7Aa,Ab      2    Tok2020e     21.4   0.041     40.6   0.056    213.2   0.023    306.3   0.016     27.6   0.049                    
20212-5147 HDS2907           3    Tok2017b     64.9   0.220     86.9   0.140    165.8   0.072    325.7   0.079     10.6   0.190                    
20213+0250 HLD 158           3    Msn2017c     39.4   1.278     39.1   1.287     38.8   1.296     38.6   1.304     38.3   1.312                    
20216+1930 COU 327AB         3    Tok2024c    248.2   0.160    248.8   0.153    249.6   0.145    250.4   0.135    251.4   0.124                    
20216+2346 STF2672           4    Lin2022b    354.5   0.639    355.1   0.638    355.7   0.637    356.4   0.636    357.0   0.635                    
20217-3637 HDS2908           2    Tok2024c    281.3   0.130    283.4   0.151    285.1   0.162    286.7   0.162    288.4   0.149                    
20221+4548 HR 7798           9    Ren2013     130.8   0.0041   169.9   0.0069   200.1   0.0055   124.2   0.0037   167.8   0.0069  astrometric orbit
20229+4259 HO  128AB         5    Izm2019     355.0   1.311    354.8   1.306    354.5   1.301    354.3   1.296    354.0   1.290                    
20231+2052 A   288           3    Doc1994d    313.9   0.237    315.1   0.240    316.3   0.243    317.4   0.245    318.5   0.248                    
20237+3729 CIA  20           1    CIA2024a    285.3   0.0018   199.8   0.0012   121.4   0.0018    55.8   0.0013   318.6   0.0016                   
20239-4225 BU  763AB         3    Tok2021f    185.1   0.567    186.2   0.585    187.3   0.603    188.2   0.620    189.2   0.637                    
20248-1943 HDS2919           3    Tok2021c     14.1   0.126     27.3   0.157     36.0   0.190     42.3   0.220     47.0   0.249                    
20251+5936 A   730           2    Hor2024      80.4   0.061     67.3   0.069     57.1   0.078     48.9   0.087     42.3   0.096                    
20267-4334 I  1420           3    Doc2019d     12.1   0.193     17.0   0.172     23.1   0.153     30.9   0.135     40.8   0.120                    
20269-3724 R   321           3    Izm2019     120.8   1.602    120.3   1.603    119.8   1.603    119.4   1.604    118.9   1.604                    
20274+7245 A   871           5    Hei1998     331.3   0.058    359.0   0.062     20.0   0.075     34.0   0.093     43.4   0.112                    
20286-0426 TOK 700           3    Tok2021c    158.4   0.029    271.7   0.061    252.7   0.098    242.3   0.115    233.6   0.118                    
20289-1749 SHJ 323AB         4    Tok2022g    188.6   1.828    188.4   1.848    188.2   1.868    188.1   1.887    187.9   1.907                    
20290+0710 A   610           3    Tok2024e    103.2   0.537    104.6   0.542    106.1   0.546    107.5   0.551    108.9   0.555                    
20296+6300 the Cep           9    Jnc2005      82.6   0.015    268.9   0.018     96.5   0.020    280.9   0.018    112.3   0.013   astrometric orbit
20298+0941 AST   2AB         2    Tok2019h    355.2   0.066     74.5   0.142    108.5   0.146    326.2   0.053     69.1   0.135                    
20300-7739 HDS2931           5    Tok2020g    112.3   0.142    115.7   0.146    118.9   0.151    121.9   0.155    124.7   0.159                    
20302+2651 WOR   9AB         5    Zir2003     197.5   0.690    195.3   0.715    193.3   0.740    191.4   0.765    189.7   0.791                    
20306+1349 HDS2932           3    Tok2024e    329.5   0.155    331.6   0.147    334.0   0.138    336.7   0.127    340.0   0.115                    
20310-2907 CHR 185           4    Tok2021c    346.6   0.034    334.7   0.049    328.3   0.063    324.3   0.077    321.4   0.089                    
20311-1503 FIN 336           3    Tok2023e    346.7   0.104    351.1   0.101    355.8   0.098      0.7   0.095      5.9   0.093                    
20311+1548 A  1675           2    Hrt2001b    284.3   0.112    280.7   0.104    276.6   0.097    271.9   0.091    266.4   0.084                    
20311+3333 COU1962           2    Tok2021c    211.2   0.064    241.1   0.082    257.8   0.111    267.4   0.141    273.6   0.170                    
20312+1116 DA    1BC         3    Hrt2014b    191.4   0.407    191.7   0.414    192.0   0.420    192.3   0.426    192.6   0.433                    
20312+0513 AG  257           5    Izm2019      76.4   1.607     76.7   1.602     77.0   1.596     77.2   1.590     77.5   1.584                    
20320+2548 STF2695           3    Alz2005a    260.1   0.416    260.5   0.408    260.9   0.399    261.4   0.389    261.9   0.378                    
20325-1637 SEE 512           3    Doc2023c    123.8   0.240    122.8   0.230    121.9   0.218    120.7   0.205    119.5   0.191                    
20325-1637 SEE 512           2    Tok2024c    124.5   0.249    123.8   0.247    123.1   0.243    122.4   0.239    121.7   0.234                    
20329+4154 BLA   8           4    Kie2018     152.0   0.0202   336.2   0.0086   159.1   0.0191   147.1   0.0143   277.6   0.0023                   
20329+1142 J     1AB         5    Ole2003d     56.1   2.137     56.3   2.139     56.4   2.142     56.5   2.144     56.6   2.147                    
20329+1357 L    35CD         2    Hrt2014b    125.3   0.504    123.2   0.506    121.1   0.507    119.1   0.508    117.0   0.509                    
20330+4950 MCA  61AB         4    CIA2022f    255.2   0.128    256.3   0.128    257.3   0.128    258.4   0.127    259.5   0.127                    
20330+4950 MCA  61Aa,Ab      9    CIA2022f    117.2   0.0001    11.0   0.0000   323.9   0.0001   285.0   0.0000   174.8   0.0000  astrometric orbit
20333+3323 HJ 1535A          9    Gln2007     181.0   0.0108   358.3   0.0110   353.2   0.0121   260.1   0.0012   180.4   0.0111  astrometric orbit
20339-2710 MDZ  11Aa,Ab      4    Mdz2025     263.3   0.0035   299.5   0.0043   319.8   0.0059   331.4   0.0074   339.5   0.0083                   
20347-6319 HU 1615           4    Tok2025b    297.3   0.225    298.6   0.228    299.9   0.232    301.1   0.235    302.3   0.239                    
20374+7536 HEI   7           4    Doc2013k    338.6   0.283      3.8   0.232     44.1   0.177    110.0   0.157    158.6   0.229                    
20375+1436 BU  151AB         1    Mut2010e    332.2   0.432    337.8   0.482    342.3   0.524    346.3   0.556    349.9   0.577                    
20375+1436 BU  151B          9    Mut2010e    299.5   0.0001   149.9   0.0001   132.6   0.0002   128.4   0.0003   125.2   0.0002  astrometric orbit
20375+1436 BU  151B          9    Mut2010e    104.0   0.0000   310.4   0.0002   307.2   0.0002   295.6   0.0000   130.9   0.0002  astrometric orbit
20383-0106 71 Aql            9    Jnc2005     359.7   0.0035    88.4   0.0035   159.0   0.0037   245.2   0.0033   320.2   0.0038  astrometric orbit
20391+1005 kap Del           9    Gon2010     151.0   0.653    150.2   0.699    149.4   0.739    148.8   0.775    148.2   0.807   astrometric orbit
20393-1457 HU  200AB         4    Hei1998     125.5   0.309    125.8   0.308    126.2   0.307    126.6   0.305    126.9   0.304                    
20396+4035 STT 410AB         4    Izm2019       2.7   0.856      2.7   0.855      2.6   0.853      2.5   0.851      2.4   0.849                    
20396+0458 BAG  14Aa,Ab      2    Tok2017a    110.9   0.157     22.3   0.116     84.2   0.185    177.2   0.066     59.5   0.171                    
20396+0458 KUI  99AB         2    Tok2017a    126.0   0.738    126.5   0.811    126.9   0.865    127.3   0.898    127.7   0.911                    
20396+1555 WCK   2Aa,Ab      1    CIA2021d     39.0   0.216     29.6   0.218     20.2   0.217     10.5   0.212      0.1   0.202                    
20396+1555 CIA  23Ab1,2      2    CIA2021d    253.6   0.0033   327.2   0.0033    37.6   0.0033   106.7   0.0035   164.2   0.0038                   
20399+1115 CVN  17Aa1,2      7    Cvn2011        .     .          .     .          .     .          .     .          .     .      incomplete elements
20399+1115 CVN  17Aa,Ab      5    Cvn2011      29.3   0.492     25.8   0.473     21.9   0.456     17.8   0.439     13.3   0.423                    
20400-2940 RST2151           4    Tok2022g     50.6   0.218     48.8   0.221     47.1   0.223     45.3   0.225     43.6   0.226                    
20403-5114 HU 1617           5    Tok2021f    287.1   0.277    287.4   0.279    287.6   0.281    287.9   0.283    288.1   0.284                    
20406+1539 HDS2947           2    Tok2020g    105.5   0.231    104.2   0.227    102.9   0.217    101.5   0.201     99.6   0.175                    
20408+1956 RAO  23Ca,Cb      4    Tok2023e    255.2   0.337    260.8   0.318    267.6   0.275    278.1   0.204    310.2   0.085                    
20410+3905 MCA  62Aa,Ab      5    Ole2003c     82.0   0.039     85.6   0.053     87.7   0.067     89.1   0.080     90.1   0.091                    
20435+1504 CIA  11           4    CIA2018a      8.0   0.0050     6.4   0.0052     4.9   0.0053     3.5   0.0054     2.1   0.0055                   
20452-3120 LDS 720BC         4    Tok2023e    108.2   1.458    102.0   1.387     95.1   1.318     87.5   1.253     79.1   1.193                    
20423+5723 BU  152           4    Izm2019      80.8   1.176     80.7   1.177     80.6   1.178     80.5   1.179     80.3   1.179                    
20433+5521 LLO   1           4    Ire2008      26.7   0.057    207.5   0.082    357.6   0.037     25.9   0.061    207.1   0.083                    
20442-7759 HDS2951           4    Tok2022g      2.9   0.056      8.0   0.062     12.3   0.067     16.0   0.072     19.2   0.076                    
20444+1945 CAR   2           2    Mit2021      38.2   0.340     29.5   0.327     19.8   0.308      8.8   0.285    355.7   0.261                    
20449+1219 STF2723AB         4    Izm2019     142.4   1.009    142.9   1.008    143.3   1.006    143.8   1.004    144.2   1.003                    
20450+1244 BU   64AB         4    USN2007a    359.0   0.634    359.3   0.633    359.7   0.631      0.1   0.629      0.5   0.627                    
20451-2346 I   666           3    Tok2022g    332.8   0.518    333.3   0.528    333.8   0.538    334.2   0.548    334.7   0.557                    
20454+5735 CIA   1Aa,Ab      2    CIA2010     214.1   0.027     61.5   0.081     18.2   0.092    311.4   0.048     80.6   0.069                    
20462-2145 HDS2957           4    Tok2019h    258.4   0.470    263.6   0.471    269.0   0.457    274.9   0.428    281.9   0.386                    
20462+1554 WSI 110Aa,Ab      3    Tok2020e    318.5   0.112    328.5   0.105     72.0   0.018    150.7   0.067    298.0   0.047                    
20462+1554 STF2725AB         4    Izm2019      12.1   6.232     12.1   6.240     12.2   6.247     12.2   6.254     12.3   6.261                    
20467+1607 STF2727AB         4    Hle1994     264.3   8.775    264.3   8.755    264.2   8.735    264.1   8.714    264.1   8.694                    
20468+0733 GAA   8           5    GaA2019       1.3   0.0052     1.0   0.0012     1.4   0.0020     1.3   0.0053     1.1   0.0020                   
20471+2525 BU  364           4    Izm2019      78.3   0.629     79.0   0.617     79.7   0.605     80.4   0.593     81.2   0.580                    
20474+3629 MCA  63Aa,Ab      3    Bag1992      23.4   0.051      6.6   0.049    346.7   0.043    313.2   0.028    195.7   0.020                    
20474+3629 STT 413AB         4    Izm2019     358.5   0.915    358.1   0.916    357.8   0.918    357.4   0.920    357.0   0.921                    
20492-4012 SCR 2049-4012     9    Hen2018     211.1   0.0113    35.4   0.0027   212.0   0.0043   207.6   0.0028    31.6   0.0099  astrometric orbit
20494+1124 J   194AB         3    Sod1999     285.4   0.610    282.9   0.617    280.5   0.624    278.2   0.632    275.9   0.641                    
20507-3116 B   997           3    Tok2023e    306.1   0.168    312.0   0.167    318.0   0.166    324.1   0.165    330.2   0.164                    
20511+5125 BU  155AB         5    Izm2019      39.9   0.658     40.0   0.652     40.2   0.646     40.3   0.640     40.5   0.634                    
20514-0538 STF2729AB         2    Mdz2017      36.8   0.690     37.7   0.679     38.7   0.668     39.7   0.657     40.7   0.645                    
20519+0544 A   613           5    USN2002     312.2   0.580    311.4   0.576    310.6   0.573    309.8   0.569    309.0   0.566                    
20521+0205 A  2286AB         4    Tok2023a     40.3   0.056     47.9   0.061     54.2   0.066     59.6   0.072     64.2   0.078                    
20523-4000 NLTT 50017        9    SaJ2011     244.6   0.0153   139.5   0.0069   275.1   0.0144   212.3   0.0130   324.1   0.0092  astrometric orbit
20524+2008 HO  144           4    Lin2012a    347.0   0.360    347.0   0.360    347.0   0.359    346.9   0.359    346.9   0.358                    
20526-1609 SPF   2           5    BGg2015     290.6   0.127    300.6   0.135    309.6   0.141    318.0   0.146    326.0   0.147                    
20527-0859 MCA  64Aa,Ab      4    Tok2024c    311.4   0.0418    56.7   0.0038   168.6   0.0087   318.3   0.0530   138.6   0.0482                   
20527+4607 A   750           3    Doc2013f    257.8   0.339    255.9   0.349    254.1   0.356    252.3   0.361    250.5   0.363                    
20530+4258 COU2542           4    BAE2021     245.4   0.236    246.9   0.249    248.3   0.261    249.5   0.272    250.7   0.282                    
20536-7750 HDS2977AB         3    Tok2021f    288.3   0.199    287.0   0.216    285.8   0.231    284.8   0.244    283.9   0.256                    
20537+5918 A   751           2    Sca2013b     13.8   0.150      9.4   0.142      4.3   0.132    358.3   0.120    350.8   0.105                    
20548+3242 STT 418           4    Izm2019     282.8   0.914    282.7   0.910    282.6   0.905    282.5   0.900    282.5   0.895                    
20550+2805 BU  367AB         2    Sca2021b    253.6   0.172    260.1   0.185    265.8   0.199    270.7   0.213    275.0   0.227                    
20552-3008 HDS2980           4    Tok2021c    359.6   0.089      5.2   0.095     10.1   0.100     14.6   0.104     18.7   0.108                    
20555+1409 BD+13 4571        9    Gln2007     338.7   0.0208   158.0   0.0242   332.1   0.0058   337.7   0.0315   152.8   0.0043  astrometric orbit
20555-1400 TSN 195Aa,Ab      3    TSN2022a    247.5   0.094    104.8   0.081    229.2   0.104     76.4   0.079    212.9   0.106                    
20557-6609 HDS2981AB         3    Tok2024b    160.7   0.080    135.1   0.077    108.0   0.076     82.5   0.081     61.3   0.091                    
20562-3146 B  1001           4    Tok2024e     17.5   0.296     16.1   0.296     14.8   0.296     13.4   0.295     12.0   0.294                    
20564-5916 I   129AB         5    Izm2019     332.5   2.767    332.3   2.778    332.1   2.789    331.9   2.800    331.7   2.810                    
20577+2624 RAO  24           5    Rbr2017a     78.6   0.908     77.2   0.922     75.8   0.934     74.5   0.945     73.2   0.955                    
20599+4016 HDS2989Da,Db      4    Tok2019e    137.0   0.090    135.3   0.083    133.3   0.076    130.9   0.068    128.0   0.061                    
20583+4428 GC 29274          9    Jnc2005     339.0   0.0067   265.0   0.0097    85.2   0.0039   287.0   0.0104   190.8   0.0057  astrometric orbit
20587+4425 BD+43 3779        9    Pbx2000a    114.0   0.0012   320.4   0.0008   168.6   0.0017    67.5   0.0011   227.4   0.0010  astrometric orbit
20591+0418 STF2737AB         2    CIA2022f    106.1   0.170    104.8   0.166    103.3   0.139    100.7   0.100     94.4   0.056                    
20591+0418 STF2737Aa,Ab      9    CIA2022f     14.3   0.0000   152.0   0.0001   162.1   0.0001   299.0   0.0000   335.2   0.0001  astrometric orbit
20591-1313 HU   83           3    Hrt2010a    106.9   0.235    108.5   0.232    110.1   0.229    111.8   0.226    113.5   0.223                    
20593+1534 STT 424AB         4    PkO2018b    302.6   0.535    302.5   0.536    302.4   0.536    302.3   0.536    302.2   0.536                    
20597-5211 I   669AB         3    Mdz2017      65.2   0.515     64.9   0.554     64.7   0.590     64.5   0.624     64.3   0.657                    
20598-2028 TOK 370           3    Tok2023a    353.3   0.084    348.0   0.062    336.4   0.039    298.8   0.020    230.4   0.026                    
20598+4731 MCA  65Aa,Ab      5    Msn2011f    297.2   0.127    292.4   0.127    287.7   0.128    283.0   0.129    278.4   0.130                    
20599+4016 LSC   1Aa1,2      4    Doc2013c    285.2   0.0117   180.4   0.0039   247.3   0.0202   260.8   0.0218   282.1   0.0127                   
20599+4016 LSC   1Aa1,2      4    Doc2013c    229.0   0.0117   333.8   0.0039   267.0   0.0202   253.4   0.0218   232.1   0.0127                   
21001+0731 KUI 102           2    Tok2024e    172.7   0.242    166.6   0.238    160.4   0.234    153.9   0.228    147.1   0.223                    
21000+4004 KUI 103AB         2    JAA2023     272.4   1.014    276.0   0.993    279.8   0.963    283.8   0.923    288.3   0.873                    
21008-0821 BU  678AB         5    Izm2019     263.6   2.929    264.0   2.939    264.4   2.949    264.8   2.959    265.2   2.970                    
21010+0307 USN2101+0307      9    TSN2020      91.0   0.033    138.0   0.023    281.7   0.014    354.0   0.034     17.1   0.044   astrometric orbit
21012+4609 CIA  21Aa,Ab      2    CIA2024a    346.5   0.0006    22.4   0.0021   234.5   0.0005    19.8   0.0028   208.0   0.0013                   
21012-3511 TOK 344Aa,Ab      3    Tok2023b    161.5   0.061    164.9   0.115    166.2   0.154    167.1   0.175    167.9   0.177                    
21014+4037 HDS2995           4    Cve2011a    351.0   0.402    348.7   0.422    346.7   0.440    344.8   0.458    343.0   0.475                    
21026+2141 BU   69AB         5    Zir2014a     17.0   0.336     18.5   0.333     20.0   0.331     21.6   0.328     23.1   0.326                    
21028+4551 BU 1138AB         4    Hrt2001b    179.9   0.163    179.6   0.164    179.4   0.165    179.1   0.165    178.8   0.166                    
21031+0132 STF2744AB         4    Izm2019     104.3   1.175    103.7   1.167    103.0   1.159    102.4   1.151    101.7   1.142                    
21041-0549 MCA  66Aa,Ab      3    Tok2022g     51.7   0.321     51.0   0.321     50.4   0.322     49.8   0.321     49.2   0.321                    
21041+0300 DSG   6Aa,Ab      4    Tok2017a    258.6   0.0200   247.5   0.0160   228.8   0.0120   196.8   0.0096   160.0   0.0107                   
21041+0300 WSI   6AB         3    Tok2017a    104.8   0.181    117.5   0.160    136.8   0.120    174.5   0.087    222.4   0.099                    
21041+0359 TOK 371           4    Tok2018i     65.3   0.075    106.6   0.085    138.8   0.096    164.3   0.107    185.1   0.117                    
21044-1951 FIN 328           2    Msn2023     228.3   0.258    215.4   0.236    199.7   0.212    180.1   0.189    155.2   0.168                    
21047+0332 SE    3BC         4    Hrt2009     139.8   0.785    140.5   0.797    141.2   0.809    141.8   0.821    142.4   0.833                    
21051+0757 HDS3004AB         4    Tok2015c    262.9   0.377    265.3   0.408    267.4   0.436    269.2   0.462    270.8   0.485                    
21053+0044 HDS3007           4    Tok2021c    272.0   0.138    267.8   0.128    262.7   0.113    255.6   0.092    243.5   0.065                    
21056+6030 A   758AB         5    Hei1998     168.8   0.177    171.3   0.174    173.8   0.172    176.4   0.170    179.1   0.168                    
21058-5744 HU 1625           5    Tok2015c    299.1   0.098    303.4   0.097    307.7   0.096    312.1   0.096    316.5   0.096                    
21069+3845 STF2758A          9    Dej1960     306.6   0.171    270.8   0.127     93.5   0.087     20.5   0.124    335.2   0.155   astrometric orbit
21069+3845 STF2758AB         4    PkO2017b    154.0  32.040    154.1  32.088    154.3  32.136    154.5  32.182    154.6  32.229                    
21072-1355 STF2752AB         5    Hrt2013c    188.5   3.241    189.1   3.208    189.6   3.175    190.2   3.141    190.7   3.108                    
21073-5702 HDS3009           3    Tok2016e    236.5   0.208    246.3   0.207    256.0   0.209    265.3   0.216    274.0   0.225                    
21074-0814 BU  368AB         3    Tok2015c    335.6   0.032    346.6   0.030    358.6   0.030     10.5   0.031     21.4   0.033                    
21080+0509 STT 527           4    Pop1995d    102.6   0.448    102.2   0.453    101.8   0.457    101.4   0.462    101.0   0.466                    
21088-0426 HDS3013Aa,Ab      2    Mit2021     286.9   0.297    277.8   0.305    269.1   0.312    260.8   0.318    252.7   0.323                    
21094-7310 I   379AB         2    Tok2023b    194.5   0.301    193.4   0.295    191.7   0.182     15.9   0.062    197.1   0.141                    
21099-2424 HDS3015           2    Tok2017b    119.6   0.136    127.5   0.123    140.3   0.083    201.1   0.029    337.8   0.025                    
21100+2637 BD+26 4091        9    Pbx2000a    200.2   0.0029   288.7   0.0076     6.1   0.0035    98.6   0.0072   197.4   0.0029  astrometric orbit
21109+2925 BAG  29           3    Bag2010     117.1   0.257    128.0   0.262    138.8   0.256    150.8   0.237    165.9   0.204                    
21114-5220 HU 1626           4    Tok2020g     98.6   0.818     96.9   0.795     95.1   0.771     93.1   0.747     91.0   0.722                    
21115+2144 COU 227           5    FMR2012b    139.4   0.458    141.7   0.448    144.0   0.439    146.5   0.429    149.1   0.418                    
21116+2620 LSC  95           4    Tok2023a    129.1   0.104    125.7   0.110    122.7   0.115    119.8   0.119    117.1   0.122                    
21118+5959 MCA  67Aa,Ab      3    Zir2012      76.4   0.063     74.2   0.063     72.1   0.063     69.9   0.062     67.6   0.062                    
21120+2410 STT 430           5    PkO2018b    191.2   1.415    191.1   1.416    191.0   1.416    190.8   1.417    190.7   1.417                    
21124-1500 H 1  47           5    Hop1974     322.3   3.538    321.8   3.564    321.3   3.590    320.8   3.617    320.4   3.644                    
21125+2821 HO  152           3    Doc2021e    252.0   0.085    261.0   0.096    268.1   0.109    273.6   0.122    278.1   0.136                    
21125-4148 I  1436           5    Tok2024b    282.2   0.543    282.9   0.550    283.6   0.557    284.3   0.564    284.9   0.570                    
21130-1133 VOU  24AB         4    Tok2024c    153.9   0.195    149.7   0.201    145.8   0.207    142.1   0.212    138.6   0.218                    
21133+4655 A   884           4    Lin2020     106.3   0.447    105.8   0.448    105.3   0.449    104.8   0.450    104.3   0.451                    
21135+0713 BU  270AB         3    Tok2024b    340.8   0.386    340.1   0.370    339.5   0.354    338.7   0.336    337.9   0.318                    
21135+1559 HU  767           2    Hrt1996a    111.9   0.130    118.5   0.142    124.1   0.154    128.9   0.166    133.0   0.177                    
21137+6424 H 1  48           3    USN2021b    245.5   0.839    245.7   0.852    245.9   0.863    246.0   0.873    246.2   0.881                    
21141+5818 STF2783           4    Zir2014a    347.0   0.647    346.5   0.645    345.9   0.643    345.4   0.641    344.8   0.639                    
21145+1000 STT 535AB         1    Mut2008      18.2   0.279      2.1   0.101    205.4   0.130     42.8   0.095     26.8   0.286                    
21147-0050 A   883AB         2    Doc2024c    235.6   0.083    224.6   0.079    212.8   0.077    200.8   0.078    189.4   0.081                    
21148+3803 AGC  13B          9    Mut2010e    254.7   0.0006    81.0   0.0007   256.9   0.0007    83.8   0.0005   258.8   0.0006  astrometric orbit
21148+3803 AGC  13AB         2    Izm2019     164.3   0.990    160.0   0.965    155.5   0.933    150.5   0.892    145.1   0.844                    
21150-2047 HD 202206AB       9    AST2017      30.4   0.0013   116.2   0.0020   291.0   0.0008    92.5   0.0020   181.0   0.0012  astrometric orbit
21150-2047 HD 202206AB,c     9    AST2017      16.8   0.0006   140.2   0.0008   212.6   0.0009   306.2   0.0007    96.5   0.0007  astrometric orbit
21158-5316 FIN 329           2    Tok2020g     77.2   0.182     73.5   0.175     69.5   0.164     64.7   0.150     58.9   0.133                    
21158-5316 FIN 329           2    Tok2021f     72.2   0.153     66.8   0.145     60.7   0.133     53.1   0.117     42.7   0.097                    
21158+0515 WRH  35           1    HJL2020     155.9   0.011    258.4   0.011     14.7   0.012    120.0   0.011    228.1   0.012                    
21163+4414 BD+43 3866        9    Ren2013     274.8   0.0019   233.3   0.0023   252.4   0.0039   265.3   0.0032   211.7   0.0013  astrometric orbit
21176+8231 STF2807           5    Izm2019     309.4   1.738    309.3   1.734    309.3   1.729    309.2   1.725    309.2   1.720                    
21186+1134 BU  163AB         2    Doc2025a    256.5   0.970    256.4   0.972    256.3   0.974    256.1   0.975    256.0   0.975                    
21194+3814 CIA   5Aa,Ab      5    GaA2018      64.0   0.0067     0.9   0.0052   236.2   0.0071   201.2   0.0097   162.9   0.0070                   
21198-2621 BU  271AB         3    Tok2024a     43.7   0.722     49.0   0.742     54.1   0.754     59.2   0.754     64.3   0.739                    
21199-5327 HJ 5258Ba,Bb      5    Zir2023     219.8   0.240    245.6   0.161    309.1   0.109     16.8   0.146     52.3   0.191                    
21199-5327 HJ 5258AB         5    Zir2023     267.4   7.455    267.3   7.477    267.2   7.499    267.1   7.521    267.1   7.543                    
21200+5259 STF2789AB         5    Kis2009     113.7   6.940    113.7   6.945    113.7   6.950    113.7   6.955    113.7   6.960                    
21206+1310 HDS3038           4    Tok2024a    126.1   0.232    126.1   0.242    126.0   0.251    126.0   0.258    125.9   0.264                    
21208-4049 HDS3039           3    Tok2020g    342.9   0.106    320.0   0.084    289.0   0.080    261.8   0.095    244.5   0.123                    
21208+3227 STT 437AB         4    Izm2019      18.1   2.463     18.0   2.466     17.8   2.468     17.7   2.471     17.6   2.474                    
21209+0307 BU  838           5    Izm2019     158.7   1.518    159.2   1.505    159.7   1.490    160.2   1.474    160.7   1.456                    
21210-5229 CVN  66Aa,Ab      3    Tok2025a     50.9   0.078     76.0   0.086    138.5   0.029     37.5   0.061     67.6   0.090                    
21214+1020 A   617           1    Tok2023a     93.2   0.177     86.1   0.163     75.4   0.115      3.3   0.024    113.5   0.099                    
21214+0253 STT 435           4    PkO2018b    241.2   0.695    241.4   0.696    241.6   0.697    241.8   0.698    242.0   0.699                    
21214-6655 SYU  13Ba,Bb      3    Tok2024b    253.7   0.053    300.1   0.062     24.8   0.030    256.6   0.055    302.3   0.062                    
21221+1948 STFB 11AB         5    PkO2014c    311.7  36.109    311.7  36.108    311.7  36.106    311.7  36.104    311.7  36.102                    
21221+1948 STFB 11AB         5    PkO2014c    311.8  36.148    311.8  36.146    311.8  36.145    311.8  36.143    311.8  36.141                    
21221+1948 STFB 11AB         5    PkO2014c    311.9  36.042    311.9  36.041    311.9  36.039    311.9  36.037    311.9  36.036                    
21223+2906 COU 532           4    BAE2021      41.4   0.412     41.0   0.415     40.6   0.418     40.2   0.421     39.9   0.424                    
21223+5734 A   764AB         4    Tok2023e     22.3   1.310     22.7   1.315     23.0   1.320     23.4   1.324     23.8   1.329                    
21232-8703 I   337AB         4    Tok2018d    102.6   0.121    103.6   0.106    105.0   0.090    107.0   0.075    110.2   0.059                    
21243+3740 WSI   7           4    RAO2015     106.9   0.150     95.5   0.165     85.7   0.175     76.5   0.176     66.7   0.164                    
21243+0343 A  2288           3    Tok2015c    216.2   0.367    215.1   0.366    213.9   0.364    212.8   0.362    211.6   0.361                    
21244-4100 BU  766AB         5    Zir2010     152.1   0.365    150.7   0.373    149.3   0.381    148.0   0.389    146.7   0.398                    
21247-6814 GC 29928          9    HIP1997d    176.9   0.0115   334.2   0.0097   247.7   0.0405   143.0   0.0108   300.6   0.0129  astrometric orbit
21251+0923 BU  164AB         4    Zir2010      11.5   0.021    300.1   0.033    281.0   0.060    274.0   0.087    270.2   0.113                    
21255+0203 A  2289AB         3    Tok2015c    325.2   0.167    324.3   0.174    323.5   0.181    322.7   0.187    322.0   0.193                    
21266-4604 HJ 5267Aa,Ab      4    Tok2023b     56.4   0.068     53.6   0.097     51.8   0.109     50.2   0.105     48.1   0.085                    
21267-2225 zet Cap           9    Pbx2000a    203.5   0.0070   184.9   0.0098   167.2   0.0078   119.7   0.0041    38.7   0.0056  astrometric orbit
21273-3218 B  1007           3    Doc2024c    355.7   0.158    357.4   0.160    359.1   0.161      0.7   0.163      2.3   0.165                    
21274-0701 HDS3053           2    Msn2023     124.4   0.192    131.6   0.205    138.1   0.212    144.3   0.214    150.5   0.210                    
21277+5719 Tr 37 379         9    Gln2007      64.3   0.0090   216.8   0.0101   108.3   0.0137   270.7   0.0106   137.5   0.0137  astrometric orbit
21278-5922 TOK 731           3    Tok2024c    103.2   0.060    119.1   0.072    130.9   0.081    140.7   0.087    149.5   0.090                    
21287+7034 LAB   6Aa,Ab      3    NOI2021     227.7   0.328    227.8   0.331    227.8   0.334    227.8   0.336    227.8   0.338                    
21289+1105 STF2799AB         4    Izm2019     257.0   1.899    256.7   1.900    256.5   1.902    256.2   1.902    256.0   1.903                    
21296+1739 TSN 198           4    Tok2024b     49.5   0.038     74.7   0.039    104.1   0.034    146.4   0.029    197.4   0.027                    
21308+4827 A   770AB         4    Tok2019e    143.8   0.071    144.3   0.060    144.9   0.050    146.0   0.039    147.8   0.028                    
21310-3633 B  1008AB         3    Tok2024c    162.9   0.041    133.8   0.036    104.0   0.040     84.0   0.052     72.1   0.067                    
21313-0947 BLA   9           1    MnA2019     148.9   0.201    331.4   0.088    152.9   0.199    354.0   0.080    157.0   0.194                    
21322+1342 SIG   6           4    Dup2017     223.6   0.098    199.5   0.081    163.0   0.066    113.5   0.061     59.0   0.057                    
21329+4959 CHR 102           4    McA1993      74.1   0.050     93.4   0.049    114.4   0.046    137.1   0.045    159.5   0.047                    
21330+2408 HDS3065Aa,Ab      4    Tok2019c     69.1   0.149     56.9   0.096     11.7   0.044    295.5   0.070    276.5   0.133                    
21330+2043 STF2804AB         4    Izm2019     359.9   3.368      0.1   3.373      0.3   3.379      0.4   3.384      0.6   3.390                    
21344-0745 YSC  72           4    Tok2023a     54.3   0.017    204.2   0.052    179.2   0.097    169.4   0.132    163.2   0.157                    
21355+2427 HU  371           3    WSI2006b    336.4   0.204    338.2   0.197    340.1   0.189    342.2   0.182    344.4   0.175                    
21364-4041 I  1444           3    Tok2019h    111.9   0.220    108.1   0.216    104.2   0.212    100.2   0.208     96.1   0.204                    
21368-3043 VOU  35AB         3    Tok2017b    274.2   0.111    259.8   0.091    238.2   0.075    210.3   0.071    184.8   0.082                    
21369+4025 74 Cyg            9    HIP1997d     17.2   0.0048   205.1   0.0105   243.6   0.0035   165.6   0.0017   209.2   0.0098  astrometric orbit
21370+8255 STF2837           5    Izm2019     267.1   3.198    266.9   3.201    266.7   3.204    266.5   3.207    266.4   3.210                    
21375-0555 JNN 133           5    Jnn2022     132.2   0.335    134.7   0.408    136.4   0.478    137.6   0.544    138.7   0.607                    
21378-0751 MCA  68AB         9    Gon2002b    296.7   0.224    295.2   0.222    293.5   0.210    291.6   0.191    289.2   0.168   astrometric orbit
21379+2102 YR   30           3    Cve2017b    351.9   0.126    356.7   0.111      3.4   0.090     15.2   0.063     53.9   0.027                    
21379+2743 HDS3080Aa,Ab      9    Sod1999     151.2   1.264    144.9   1.295    138.9   1.329    133.1   1.365    127.7   1.402   astrometric orbit
21383+2336 HU  372           5    USN2002     275.2   0.225    276.7   0.225    278.3   0.225    279.8   0.224    281.3   0.224                    
21395+3009 A   772           3    Doc2011b     40.2   0.212     38.5   0.216     36.9   0.220     35.4   0.224     33.9   0.228                    
21395-0003 BU 1212AB         2    Tok2024c    210.0   0.213    217.5   0.238    223.7   0.262    228.8   0.284    233.2   0.306                    
21395-0003 BU 1212AB         2    AAA2024     209.0   0.215    216.6   0.239    222.7   0.263    227.9   0.285    232.3   0.307                    
21399+2737 HDS3083           2    Bag2010      64.5   0.097    102.4   0.128    122.4   0.175    134.2   0.214    143.1   0.230                    
21400-5222 HDS3084           3    Tok2021f     27.4   0.080     17.1   0.090      8.7   0.098      1.4   0.104    354.8   0.108                    
21401-1640 gam Cap           9    HIP1997d     61.6   0.0128   235.5   0.0122    48.2   0.0108   218.2   0.0089    21.8   0.0067  astrometric orbit
21405+1625 CLO   2Aa,Ab      3    Dup2017     123.8   0.160    133.5   0.151    144.5   0.141    157.4   0.130    172.6   0.119                    
21410+2920 STT 448           3    Doc2025a    304.8   0.226    301.6   0.239    298.7   0.252    296.2   0.264    293.8   0.276                    
21415-7723 BLM   6           9    Ald1939b     39.5   0.024    204.0   0.018    308.0   0.060     73.1   0.029    256.2   0.027   astrometric orbit
21422-4107 GJ 9748           9    Gln2007      16.2   0.029    102.7   0.034    197.8   0.023    318.4   0.032     49.2   0.030   astrometric orbit
21423+0555 HU  280           3    USN2006a     40.2   0.153     43.1   0.153     45.9   0.153     48.7   0.154     51.5   0.154                    
21423+0555 HU  280           2    Tok2020e     34.9   0.095     41.0   0.103     46.3   0.110     51.0   0.116     55.4   0.121                    
21424+4105 KUI 108           2    Hrt2000c    260.7   0.099    235.8   0.098    211.5   0.100    188.4   0.102    165.6   0.101                    
21426+4103 BU  688AB         3    USN2018     198.1   0.421    198.0   0.419    197.8   0.416    197.6   0.413    197.5   0.410                    
21426+0233 HDS3092           4    Tok2021c    164.3   0.323    166.0   0.338    167.6   0.353    169.0   0.368    170.3   0.383                    
21434+2353 HU  374           5    USN2002      40.3   0.303     39.7   0.307     39.0   0.312     38.4   0.316     37.8   0.320                    
21435+4448 LIN   1Aa,Ab      4    Izm2019     183.4   0.134    178.6   0.091    315.9   0.022    240.6   0.042    220.2   0.071                    
21436-1108 LV   10           5    Izm2019       1.7   1.046      2.5   1.049      3.3   1.051      4.0   1.053      4.8   1.055                    
21439+2751 HO  166           2    Doc2024b    213.9   0.213    207.7   0.215    201.6   0.218    195.7   0.221    190.0   0.225                    
21441+2845 STF2822AB         3    Izm2019     327.5   1.435    328.6   1.417    329.8   1.400    330.9   1.382    332.1   1.365                    
21446+2539 BU  989AB         1    Mut2008       2.9   0.053    296.6   0.155    280.5   0.184    262.0   0.141    220.9   0.091                    
21446+2539 BU  989B          9    Mut2008      89.4   0.0022    52.5   0.0024   354.3   0.0015   272.4   0.0021   233.8   0.0024  astrometric orbit
21454-1247 VSP   2           5    Bwl2020     319.7   0.242    309.2   0.242    298.6   0.242    288.0   0.241    277.2   0.237                    
21459+1153 A  1223AB         2    FMR2010f    114.9   0.114    106.8   0.120     99.4   0.125     92.6   0.130     86.3   0.134                    
21466-5742 FIN 283           2    Sod1999      86.3   0.240     52.0   0.146    345.2   0.147    311.2   0.241    295.9   0.311                    
21466-5742 FIN 283           2    Doc2022e    264.3   0.250    213.5   0.099    356.6   0.119    312.7   0.249    296.2   0.317                    
21469+0051 STF2825           4    Zir2014a    167.4   0.388    168.6   0.383    169.8   0.379    171.1   0.374    172.4   0.370                    
21477-3054 FIN 330AB         2    Tok2024c    241.4   0.060    224.0   0.074    209.8   0.071    184.9   0.042     91.8   0.031                    
21477-1813 CHR 223           4    Tok2020e    206.1   0.040    178.5   0.043    157.7   0.053    144.3   0.066    135.5   0.080                    
21491-7206 HEI 598           5    Tok2020e    176.2   0.835    181.9   0.893    186.9   0.953    191.3   1.013    195.2   1.073                    
21492-3538 B  1013           3    Tok2021c    254.2   0.054    237.6   0.050    219.6   0.049    202.1   0.052    187.2   0.058                    
21501+1717 COU  14           2    Mut2010b    241.5   0.368    246.1   0.343    251.6   0.308    258.7   0.267    268.6   0.223                    
21504-5818 HDS3109           3    Tok2017b    307.9   0.184    309.0   0.178    310.2   0.155    312.1   0.119    316.2   0.074                    
21506-2411 CD-2416860        9    Pbx2000a    252.4   0.0013    17.5   0.0011   161.5   0.0015   325.2   0.0022   134.3   0.0028  astrometric orbit
21506+2216 HO  467AB         5    Izm2019     224.7   2.869    224.8   2.881    225.0   2.893    225.1   2.905    225.2   2.917                    
21510+2911 A   889AB         2    Doc2025a     39.1   0.222     45.8   0.219     52.7   0.212     60.3   0.201     68.9   0.186                    
21511+6650 HU  972           4    Hrt2014b    273.3   0.347    274.4   0.348    275.4   0.349    276.5   0.350    277.5   0.351                    
21522+0538 JOD  23AB         2    Tok2024a    357.1   0.193     16.8   0.178     42.4   0.148     88.2   0.100    188.6   0.083                    
21522+0538 JOD  23AC         5    VSP2022b     53.8   0.704     56.8   0.712     59.8   0.719     62.6   0.726     65.5   0.733                    
21533-4650 FIN 374           3    Tok2020g    306.0   0.113    305.3   0.104    304.5   0.093    303.5   0.081    302.0   0.067                    
21536-1019 FIN 358           3    Tok2022g    177.5   0.062    183.8   0.060    190.4   0.059    197.2   0.058    204.0   0.059                    
21538-2000 HU  380BC         3    Hrt2014b    222.6   0.311    220.7   0.304    218.7   0.296    216.6   0.288    214.3   0.281                    
21539+2821 WSI   8           9    HIP1997d     78.0   0.0052   240.2   0.0052    41.7   0.0050   200.8   0.0047   356.6   0.0043  astrometric orbit
21543+1943 COU 432BC         4    Tok2024c    239.4   0.069    227.4   0.081    218.8   0.094    212.3   0.108    207.3   0.122                    
21551-3148 I  1449           4    Doc2019d    255.5   0.281    253.9   0.281    252.4   0.281    250.9   0.281    249.3   0.281                    
21552-6153 HDO 296AB         2    Tok2015c    284.7   0.150    292.4   0.088      3.9   0.021     87.0   0.085     94.6   0.159                    
21555+1053 BU   75AB         2    FSU2025      28.7   1.138     29.1   1.145     29.5   1.150     29.9   1.156     30.2   1.160                    
21556+3849 A  1449           3    Hrt2014b    223.6   0.350    222.9   0.354    222.2   0.357    221.6   0.360    221.0   0.364                    
21559+3141 ES 2360           5    Izm2019     222.9   4.206    222.5   4.214    222.2   4.222    221.8   4.231    221.4   4.239                    
21567+6338 WRH  36           5    Frd1960     311.0   0.037    310.8   0.039    310.7   0.039    310.6   0.038    310.4   0.034                    
21573+3241 A  1226           4    Sca2019b    351.2   0.197    350.1   0.199    349.1   0.201    348.1   0.204    347.2   0.206                    
21579-5500 FIN 307           1    Doc2025b    288.5   0.130    314.3   0.067     45.1   0.057     78.9   0.120     90.0   0.164                    
21582+8252 PKO  34Aa,Ab      3    PkO2024     215.8   0.379    212.1   0.393    208.7   0.402    205.3   0.405    202.0   0.404                    
21582+8252 STF2873AB         5    Izm2019      65.2  13.721     65.2  13.721     65.1  13.722     65.0  13.722     65.0  13.722                    
21585-5901 kap 1 Ind         9    HIP1997d    252.6   0.0089   114.8   0.0081   247.9   0.0086   108.2   0.0067   242.9   0.0083  astrometric orbit
21589-3227 LHS3738           9    Lur2014     302.6   0.026    247.5   0.021    179.4   0.024    139.0   0.030    100.4   0.024   astrometric orbit
21593+4606 COU2138           4    Doc2012c     14.0   0.234     10.3   0.241      6.8   0.244      3.3   0.243    359.7   0.240                    
21597+4907 HU  774           3    Doc2013k    212.7   0.160    215.2   0.157    217.9   0.153    220.6   0.150    223.6   0.146                    
22003-2330 I   674           3    Tok2019c    247.5   0.317    248.2   0.329    248.9   0.342    249.6   0.354    250.2   0.365                    
22006-1345 HU  282           4    Tok2024c    104.0   0.094    112.7   0.081    124.8   0.068    142.4   0.056    168.3   0.047                    
22007-5002 I  1450           5    Doc2016i    352.3   0.862    352.6   0.869    352.9   0.877    353.2   0.884    353.4   0.891                    
22018+1628 YSC 165           3    MnA2019     311.1   0.279    345.7   0.198     80.1   0.129    148.4   0.232    175.8   0.302                    
22025+2612 A   307           5    Lin2022b    116.5   0.389    115.2   0.385    113.9   0.381    112.6   0.377    111.2   0.373                    
22029+1547 HDS3129           3    Tok2015c     59.5   0.052    314.6   0.013    216.7   0.051    199.1   0.068    187.4   0.078                    
22038+6438 MCA  69Aa,Ab      2    Izm2019      87.2   0.049    184.2   0.034    275.0   0.038    143.0   0.040    257.1   0.065                    
22038+6438 STF2863AB         4    Izm2019     273.9   8.142    273.8   8.150    273.8   8.157    273.7   8.165    273.6   8.172                    
22034-5647 VLK   1Ba,Bb      7    Mcg2009        .     .          .     .          .     .          .     .          .     .      incomplete elements
22045+1551 BU  696AB         3    FMR2013d    354.3   0.373    354.4   0.382    354.5   0.391    354.5   0.400    354.6   0.408                    
22052+2952 A   893           3    FMR2014a    211.8   0.289    210.3   0.293    208.8   0.297    207.3   0.300    205.9   0.303                    
22056-5858 B   548           2    Tok2024c     12.8   0.049     43.8   0.059     70.0   0.059     97.2   0.059    122.1   0.065                    
22060+0813 YSC  74           9    Gln2007     206.9   0.0126   211.3   0.0447   216.0   0.0068    32.8   0.0364   175.3   0.0019  astrometric orbit
22061-0521 TOK 373           3    Tok2024e     85.3   0.024     49.6   0.103     42.8   0.114     27.6   0.049    248.6   0.048                    
22064-2047 CLO   3           3    Dup2017      63.0   0.164     74.0   0.168     84.8   0.166     96.3   0.160    109.1   0.149                    
22070+2521 PTI   1Aa,Ab      8    Knc2010     355.7   0.0103    27.0   0.0020   174.7   0.0100   192.9   0.0034   353.7   0.0095                   
22070+3605 STT 462AB         5    PkO2018b    314.7   1.021    314.5   1.018    314.4   1.015    314.2   1.012    314.0   1.009                    
22075+2538 A   308           3    Hrt2009     328.3   0.135    330.0   0.131    331.8   0.126    333.8   0.122    335.9   0.117                    
22077+2622 COU 537           3    Doc2012g      1.2   0.229      4.5   0.225      7.9   0.221     11.5   0.216     15.3   0.210                    
22083+2409 HDS3145           2    Tok2019c    287.7   0.131    274.4   0.128    259.3   0.116    238.5   0.092    194.6   0.055                    
22084-4403 HDS3146           5    Tok2018i    341.5   0.163    338.6   0.167    335.7   0.170    332.9   0.171    330.1   0.171                    
22086+5917 STF2872BC         4    USN2002     295.2   0.782    295.0   0.779    294.8   0.777    294.6   0.774    294.4   0.771                    
22100+2308 COU 136           4    Doc2016h     11.9   0.419     11.0   0.413     10.0   0.408      9.0   0.403      8.0   0.397                    
22102+0612 VSP  57           5    VSP2022b    183.7   0.147    286.4   0.071      3.2   0.188     21.6   0.260     34.0   0.286                    
22107+0755 WOR  10           5    Zir2014a    357.3   1.074    356.6   1.095    355.8   1.115    355.1   1.135    354.4   1.155                    
22109+4211 A  2494           4    FMR2018c     18.3   0.125     20.2   0.111     22.8   0.094     26.6   0.073     34.7   0.043                    
22113+4010 STT 464AB         5    Lin1999b    201.2   0.363    202.0   0.367    202.7   0.372    203.5   0.376    204.3   0.380                    
22115+1731 SAO 107726        9    HIP1997d    302.6   0.0193   303.1   0.0179   303.9   0.0147   305.3   0.0100   310.4   0.0038  astrometric orbit
22116-3428 CHR 230Aa,Ab      3    Tok2019c    109.8   0.106    110.8   0.112    111.8   0.117    112.7   0.122    113.5   0.126                    
22124-1412 HDS3152           4    Tok2020g     40.8   0.162     47.5   0.188     52.6   0.214     56.5   0.241     59.7   0.267                    
22126-1802 HDS3153           3    Tok2019c    238.7   0.134    233.6   0.162    229.8   0.184    226.8   0.201    224.3   0.216                    
22127-0443 GAA  21           2    GaA2023     185.1   0.0005    53.3   0.0038   317.5   0.0017    72.3   0.0037    35.7   0.0028                   
22134-3729 B  2056           3    Doc2019d    155.6   0.204    154.0   0.200    152.4   0.196    150.6   0.190    148.8   0.183                    
22139+3943 MCA  70Aa,Ac      4    Tok2019e     98.1   0.079    115.8   0.072    136.2   0.068    159.0   0.064    188.9   0.052                    
22146+2934 STF2881           4    Izm2019      69.2   1.197     68.9   1.195     68.6   1.193     68.3   1.190     67.9   1.188                    
22143-4123 GJ 9774           9    Rdl2010     257.5   0.014    160.4   0.022    128.3   0.027     78.2   0.015    342.3   0.021   astrometric orbit
22156-4121 CHR 187           2    Tok2024e    359.2   0.033    182.4   0.047    224.3   0.097    239.0   0.133    248.3   0.155                    
22161-0705 HDS3158           3    Mdz2022     158.9   0.361    162.7   0.353    166.8   0.344    171.1   0.335    175.7   0.325                    
22173-0847 BEU  22Ba,Bb      4    Tok2022g    131.2   0.417    138.5   0.491    144.1   0.546    148.8   0.584    153.1   0.608                    
22180-6249 I    20           5    Lin2004a    181.9   0.702    181.5   0.705    181.0   0.709    180.5   0.713    180.1   0.716                    
22182-6300 LTT 18565         9    HIP1997d    293.5   0.0105   157.2   0.0134    89.2   0.0078   327.2   0.0146   228.9   0.0067  astrometric orbit
22182-0551 BD-06 5964        9    Pbx2000a    303.6   0.0037    90.3   0.0007   131.5   0.0046   307.0   0.0049   120.4   0.0029  astrometric orbit
22185-6016 alp Tuc           9    HIP1997d    117.2   0.013     86.2   0.028     74.0   0.033     63.2   0.032     49.6   0.027   astrometric orbit
22202+2931 BU 1216           4    Izm2019     275.4   0.926    275.2   0.928    275.0   0.930    274.8   0.932    274.6   0.934                    
22204+4625 BD+45 3890        9    Gln2006     134.3   0.0049   226.4   0.0087   143.7   0.0048   229.3   0.0087   153.3   0.0048  astrometric orbit
22204+4625 BD+45 3890        9    Gln2006     311.3   0.0090   358.4   0.0128   321.5   0.0104     4.7   0.0119   329.6   0.0114  astrometric orbit
22220-3431 B   557Aa,Ab      3    Tok2022g    356.0   0.184    354.1   0.201    352.4   0.216    350.9   0.229    349.6   0.241                    
22225-0727 A  2694           4    Tok2023a    158.6   0.442    159.3   0.450    159.9   0.458    160.5   0.465    161.2   0.473                    
22228-2937 HDS3172           2    Tok2017b    333.0   0.154    327.2   0.093    229.1   0.015    159.0   0.092    150.9   0.102                    
22229+1619 BB Peg            7    Pbl2006        .     .          .     .          .     .          .     .          .     .      incomplete elements
22234-4324 HDS3173           4    Tok2020g    300.2   0.110    292.5   0.113    285.1   0.116    278.2   0.120    271.8   0.125                    
22234+3228 WOR  11           5    Cve2011b    283.8   1.137    287.9   1.130    291.9   1.125    296.0   1.123    300.2   1.124                    
22237+2051 STF2900AB         3    Tok2018b    180.6   1.296    180.6   1.336    180.6   1.375    180.5   1.413    180.5   1.450                    
22240+0612 RAO  27Aa,Ab      3    Tok2021c    139.9   0.039    348.2   0.020    331.3   0.058    320.5   0.029    164.2   0.031                    
22241-0450 BU  172AB         2    Tok2015c     20.8   0.536     19.8   0.543     18.9   0.549     18.0   0.555     17.2   0.561                    
22248+2233 HO  183AB         4    Izm2019     219.0   2.488    218.8   2.496    218.6   2.503    218.4   2.510    218.2   2.516                    
22255-1536 HDS3179           5    Tok2023a    195.3   0.451    195.9   0.465    196.4   0.479    196.9   0.493    197.4   0.506                    
22259-7501 TOK 434Ba,Bb      4    Tok2019c    236.3   0.237    238.5   0.176    245.1   0.080     30.2   0.036     49.4   0.139                    
22260+7046 HR 8557           9    Gln2007     235.7   0.0034   122.3   0.0037     2.1   0.0033   172.2   0.0046    45.5   0.0049  astrometric orbit
22266-1645 SHJ 345AB         4    Tok2020e    111.4   1.323    115.6   1.346    119.5   1.370    123.4   1.396    127.1   1.423                    
22266+0424 BU  290A          9    Gln2007      18.2   0.0008   270.3   0.0077    88.1   0.0079   274.0   0.0100    92.1   0.0097  astrometric orbit
22266+0424 BU  290AB         5    Hle1994     226.1   3.337    226.2   3.326    226.3   3.315    226.3   3.304    226.4   3.292                    
22268+4033 COU1642           4    Ksr2021     106.6   0.176    107.4   0.176    108.2   0.175    109.0   0.174    109.8   0.173                    
22268-4537 HU 1334           4    Hrt2013c    228.4   0.428    227.5   0.434    226.5   0.440    225.6   0.446    224.7   0.452                    
22273-6458 CHR 188Aa,Ab      2    Tok2018e    278.9   0.077    302.2   0.076    347.5   0.040    229.6   0.032    279.5   0.078                    
22280+5742 KR   60AB         1    Izm2019     175.4   2.638    169.7   2.759    164.5   2.869    159.7   2.968    155.1   3.056                    
22280+5742 KR   60CE         5    Izm2019     129.6  45.764    129.6  45.740    129.6  45.715    129.6  45.691    129.6  45.666                    
22281+1215 BU  701AB         5    Cve2005     171.9   1.024    171.2   1.029    170.5   1.034    169.9   1.039    169.2   1.044                    
22284-2553 WSI 137Aa,Ab      4    Tok2021c     20.8   0.542     22.6   0.570     24.3   0.594     25.9   0.615     27.3   0.631                    
22288-0001 EBE   1Aa,Ab      4    Tok2024e    225.7   0.606    228.4   0.570    231.4   0.526    235.1   0.473    239.8   0.409                    
22288-0001 STF2909AB         3    Izm2019     152.1   2.444    151.1   2.463    150.0   2.481    149.0   2.499    148.0   2.516                    
22292+5825 STFA 58C          9    AST2002b    123.8   0.0022   107.9   0.0020    87.7   0.0017    55.9   0.0013     1.3   0.0011  astrometric orbit
22292+5825 BU  702Aa         9    NrN2024      36.9   0.0349    24.2   0.0285     2.8   0.0208   318.2   0.0142   180.7   0.0051  astrometric orbit
22299-3101 HDS3187           4    Tok2023a    186.7   0.240    185.1   0.232    183.4   0.222    181.5   0.209    179.3   0.194                    
22300+0426 STF2912AB         2    Tok2021b    297.0   0.323    297.0   0.342    297.0   0.357    297.0   0.369    297.0   0.377                    
22300+0426 STF2912Ba,Bb      3    Tok2021b    106.3   0.026    286.0   0.039    133.8   0.017    296.2   0.031    189.7   0.015                    
22300-5345 LEHPM 1-4771      9    TSN2020     261.1   0.0279   237.0   0.0223   178.6   0.0131    98.3   0.0165   351.8   0.0096  astrometric orbit
22302+2228 HU  388           4    Doc2008c     63.7   0.571     63.9   0.575     64.2   0.578     64.4   0.581     64.7   0.584                    
22305+6137 HU  981           4    Zir2015a    211.3   0.284    211.1   0.282    210.8   0.281    210.5   0.280    210.2   0.279                    
22307+1758 COU 234           4    Doc2012c    164.4   0.326    163.5   0.336    162.6   0.346    161.9   0.356    161.1   0.366                    
22313-0633 CHR 111           2    Mdz2022     250.0   0.080     66.3   0.038    261.7   0.092    136.7   0.025    274.6   0.072                    
22317-1054 58 Aqr            9    HIP1997d    339.0   0.0077   161.4   0.0068   345.2   0.0050   175.6   0.0025   104.0   0.0009  astrometric orbit
22321-4244 I  1455           3    Tok2018b    348.0   0.327    347.7   0.325    347.3   0.323    347.0   0.320    346.7   0.316                    
22329+4923 HU 1320           2    Doc2024b    226.4   0.130    236.2   0.144    244.2   0.158    251.0   0.171    256.9   0.183                    
22329+5348 KUI 112Aa,Ab      3    Doc2017e    141.9   0.237    156.8   0.274    168.4   0.307    177.8   0.337    185.6   0.366                    
22330+6955 STF2924AB         2    Pru2010     241.1   0.435    242.1   0.453    243.0   0.471    243.8   0.489    244.6   0.506                    
22339+6550 HU  983           4    Zir2007     147.5   0.198    148.1   0.203    148.6   0.208    149.1   0.212    149.6   0.217                    
22342-1841 HU  389           3    Tok2020e    348.1   0.173    351.4   0.172    354.8   0.172    358.2   0.172      1.6   0.171                    
22343+0345 HDS3201           3    Tok2024c     43.6   0.094     58.9   0.073     87.9   0.050    143.7   0.042    186.9   0.061                    
22344+2623 COU 540           5    Mnt2004a    329.5   0.348    330.3   0.349    331.2   0.350    332.1   0.350    332.9   0.351                    
22347-0336 GAA  24Aa,Ab      3    GaA2023     331.2   0.0002   337.2   0.0016   338.0   0.0014   157.0   0.0007   316.7   0.0001                   
22357+5413 MLR   3           4    Doc2025a    175.0   0.372    174.8   0.376    174.6   0.380    174.4   0.384    174.2   0.388                    
22357-2808 HDS3208Aa,Ab      3    Tok2019c    122.9   0.154    128.2   0.194    131.9   0.222    134.9   0.239    137.6   0.246                    
22357+5312 A  1470           2    Hor2015     121.7   0.143    130.2   0.116    145.0   0.082    179.7   0.051    240.4   0.053                    
22359+3938 CHR 112Aa,Ab      3    Mit2021     162.6   0.031    169.7   0.030    177.5   0.028    186.4   0.026    197.0   0.024                    
22361+7253 BU 1092AB         3    Doc2016c    225.1   0.358    225.8   0.353    226.6   0.345    227.3   0.337    228.2   0.327                    
22375+2356 HU  391AB         4    Gur2018     136.9   0.304    141.2   0.335    144.9   0.366    147.9   0.397    150.6   0.427                    
22375+3923 HDS3211AB         2    MnA2019     152.5   0.150    205.8   0.181    234.5   0.250    252.0   0.291    266.9   0.295                    
22376+2400 HDS3212           3    Tok2019c    217.2   0.070    241.8   0.065    268.1   0.066    292.8   0.069    314.4   0.074                    
22378-5004 HDS3214           3    Tok2024e    287.6   0.080    281.5   0.091    276.7   0.100    272.7   0.109    269.2   0.117                    
22383+4511 CHR 114           3    Hrt2009     146.2   0.100    154.9   0.098    164.0   0.097    173.1   0.097    182.0   0.099                    
22384-0754 A  2695           4    Tok2015c    289.8   0.107    293.0   0.095    297.2   0.081    303.2   0.065    313.4   0.049                    
22384+2943 HO  480           5    FMR2014b     68.1   0.134     73.9   0.136     79.7   0.138     85.2   0.140     90.6   0.142                    
22385+0218 HO  479           4    Hrt2014b    353.5   0.366    350.2   0.379    347.2   0.392    344.3   0.405    341.7   0.419                    
22384-6523 HDS3215           5    Tok2018e     35.6   0.736     25.3   0.708     14.2   0.680      2.2   0.653    349.1   0.629                    
22385-1519 Gl 866Aa,Ab       7    Sgr2000        .     .          .     .          .     .          .     .          .     .      incomplete elements
22385-1519 BLA  10AB         2    Sgr2000     328.6   0.342     33.4   0.179    338.9   0.458    121.0   0.148    346.2   0.485                    
22388+4419 HO  295AB         2    Tok2017a    348.6   0.053     57.9   0.013    139.0   0.050    146.8   0.098    149.4   0.145                    
22388+4419 BAG  15Ba,Bb      2    Tok2017a    156.1   0.0351     1.1   0.0063   331.5   0.0317   156.1   0.0352   359.6   0.0067                   
22397-7806 HDS3218           4    Tok2023a    190.4   0.212    185.9   0.213    181.5   0.215    177.1   0.217    172.8   0.218                    
22400-8315 HDS3219           3    Tok2021c    162.6   0.070    193.7   0.069    227.8   0.066    262.5   0.069    290.4   0.080                    
22400+0113 A  2099           4    Hrt2010a    165.8   0.847    166.0   0.850    166.1   0.853    166.3   0.856    166.4   0.859                    
22402+3732 HO  188           3    USN2006b    249.9   0.200    253.0   0.189    256.5   0.178    260.5   0.167    265.0   0.157                    
22406+0632 HU  494           4    Hrt2010a    336.6   0.522    336.9   0.525    337.2   0.528    337.5   0.532    337.8   0.535                    
22408-0333 KUI 114           2    Doc2016d    129.8   0.343    130.1   0.327    130.5   0.306    130.9   0.281    131.5   0.252                    
22409+1433 HO  296AB         1    Mut2010b    258.5   0.081    134.3   0.105     99.8   0.203     87.0   0.283     79.5   0.345                    
22419+2126 STF2934A          9    Zir2013c    330.2   0.091    332.7   0.094    335.0   0.097    337.2   0.099    339.2   0.102   astrometric orbit
22419+2126 STF2934           4    Izm2019      50.6   1.554     50.3   1.565     50.0   1.577     49.7   1.589     49.4   1.601                    
22430+3013 BLA  11Aa,Ab      1    MkT1998     204.5   0.052     19.9   0.037    194.0   0.050    352.7   0.025    179.2   0.037                    
22431+4710 HU   91BC         4    Tok1997      23.9   0.122     23.6   0.121     23.3   0.120     22.9   0.120     22.6   0.119                    
22441+0644 TOK 703           3    Tok2024c    283.3   0.038    142.0   0.038     43.0   0.054      5.3   0.078    337.2   0.071                    
22451-0240 A  2696BC         4    Hrt2014b     71.8   0.638     71.3   0.640     70.8   0.642     70.2   0.644     69.7   0.646                    
22455+1112 BU  711AB         5    Izm2019     347.5   2.572    347.3   2.574    347.0   2.576    346.8   2.577    346.6   2.578                    
22473-1609 HU  291           5    Izm2019     322.4   2.567    322.1   2.554    321.8   2.540    321.5   2.525    321.2   2.509                    
22474+1749 WSI  93           4    Tok2020e    243.4   0.296    249.1   0.306    254.5   0.314    259.6   0.319    264.7   0.322                    
22478-0414 STF2944AB         4    Izm2019     311.2   1.784    312.0   1.774    312.8   1.765    313.6   1.756    314.4   1.747                    
22479-5705 B  2059           3    Tok2020e     74.3   0.204     73.8   0.208     73.3   0.210     72.9   0.212     72.5   0.212                    
22479+1259 HU  985           5    USN2002     130.4   0.657    129.8   0.655    129.1   0.653    128.5   0.652    127.8   0.650                    
22485+3106 BU 1146           3    Doc2017i     61.6   0.238     60.6   0.238     59.6   0.239     58.6   0.239     57.6   0.239                    
22493+1517 HDS3241           3    Tok2019c    295.9   0.252    297.3   0.262    298.6   0.272    299.8   0.281    300.9   0.290                    
22500-3248 HDO 301           2    Tok2015c    137.2   0.258    131.6   0.263    126.2   0.266    121.0   0.267    115.7   0.266                    
22504-1744 DON1038           4    Tok2024c    259.6   0.415    261.4   0.421    263.1   0.427    264.8   0.433    266.4   0.438                    
22508-6543 HDS3246           3    Tok2023a    276.6   0.205    275.6   0.236    274.8   0.259    274.1   0.273    273.4   0.277                    
22514+6142 STF2950AB         4    Izm2019     267.6   0.927    266.7   0.901    265.7   0.874    264.6   0.846    263.4   0.817                    
22514+2623 HO  482AB         3    Pru2014      12.1   0.604     11.8   0.609     11.5   0.614     11.1   0.619     10.8   0.624                    
22520+5743 A   632AB         2    Sca2022d     76.3   0.352     71.8   0.355     67.4   0.359     63.2   0.364     59.0   0.369                    
22522-1730 RED  12           3    Dup2017     204.9   0.050    170.9   0.091    138.3   0.060     61.9   0.053     24.8   0.098                    
22524+0950 RAO  30Da,Db      4    Tok2024e    190.0   0.325    183.1   0.328    176.2   0.325    169.0   0.318    161.4   0.305                    
22527+4347 COU2244           5    BAE2021     313.7   0.120    318.4   0.110    324.0   0.100    330.8   0.091    338.8   0.084                    
22532-3750 HDS3250Aa,Ab      3    Msn2023      15.1   0.106     40.9   0.117     64.8   0.114     92.2   0.104    125.2   0.097                    
22533-1416 Gl 876            9    AST2002      32.9   0.0001    31.5   0.0002    30.3   0.0002    29.3   0.0002    28.4   0.0002  astrometric orbit
22535-1137 MCA  73           2    Tok2017b    293.6   0.0739   300.5   0.0678   309.6   0.0566   325.3   0.0385   112.3   0.0056                   
22537+4445 BU  382AB         2    Sca2014a    261.6   0.502    264.8   0.478    268.3   0.455    272.2   0.432    276.6   0.409                    
22536+3756 RUC  15           7    Pbl2006        .     .          .     .          .     .          .     .          .     .      incomplete elements
22536+3756 RUC  15           7    Pbl2006        .     .          .     .          .     .          .     .          .     .      incomplete elements
22546+1054 HDS3257           4    Tok2015c    122.3   0.097    128.8   0.096    135.4   0.096    142.0   0.097    148.3   0.099                    
22547-1549 76 Aqr            9    Gln2007      94.9   0.0057   180.8   0.0098   256.8   0.0070   340.3   0.0093    77.8   0.0056  astrometric orbit
22550+5132 HU  785           5    Cve2020b     58.5   0.109     55.4   0.108     52.2   0.107     49.0   0.106     45.7   0.105                    
22551+4928 BD+48 3879        9    Gln2007     232.9   0.0089    44.1   0.0071   272.1   0.0083   118.7   0.0064   307.7   0.0097  astrometric orbit
22552-0459 BU  178           3    Tok2017c    324.6   0.492    324.8   0.478    325.0   0.462    325.3   0.446    325.5   0.430                    
22553-4828 I    22AB         3    Tok2022g    178.0   0.615    178.2   0.615    178.3   0.615    178.5   0.614    178.6   0.612                    
22555-5218 VSP  58           5    VSP2022d     84.2   0.495     80.2   0.522     76.5   0.546     73.1   0.566     70.0   0.584                    
22557+1547 HU  987           4    Doc2024b     73.7   1.258     73.4   1.266     73.2   1.274     72.9   1.281     72.6   1.289                    
22562+7250 STT 484AB         3    Sca2014a     90.9   0.297     90.2   0.293     89.5   0.289     88.7   0.286     87.9   0.282                    
22564+1727 STF2957AB         5    Izm2019     224.3   4.389    224.3   4.383    224.3   4.377    224.3   4.371    224.3   4.365                    
22570+2441 COU 542Aa,Ab      2    Doc2024b    317.8   0.185    326.8   0.199    334.6   0.212    341.7   0.222    348.1   0.231                    
22579+1337 HU  989           4    Hei1998      79.8   0.225     79.0   0.249     78.3   0.271     77.7   0.290     77.2   0.307                    
22586+0921 STT 536AB         1    Doc2025a    346.6   0.272    346.6   0.280    346.6   0.267    346.6   0.220    346.6   0.128                    
22586-4531 HU 1335           2    Doc2022a     58.8   0.296     63.1   0.327     66.7   0.355     69.8   0.380     72.6   0.402                    
22587+2611 COU 543           5    BAE2021      39.7   0.150     36.6   0.150     33.5   0.151     30.4   0.152     27.4   0.153                    
22592+1144 STT 483           3    Alz2020      42.9   0.456     45.8   0.455     48.6   0.455     51.5   0.455     54.3   0.454                    
23005-2619 RST1154AB         5    Tok2016c    240.2   2.461    240.3   2.478    240.4   2.494    240.5   2.511    240.6   2.527                    
23009-5245 zet Gru           9    Gln2007     349.3   0.0126   354.3   0.0121   359.9   0.0114     6.3   0.0106    13.8   0.0097  astrometric orbit
23009+3522 HU  991           4    Lin2022b    306.3   1.075    306.7   1.089    307.1   1.104    307.5   1.118    307.8   1.132                    
23016-4459 CD-4514899        9    Gln2007      80.7   0.015    279.7   0.027    200.8   0.028    114.8   0.020    293.7   0.027   astrometric orbit
23017+0428 BD+03 4814        9    Gln2007     183.6   0.0075    33.4   0.0063   216.4   0.0052    71.6   0.0055   273.9   0.0048  astrometric orbit
23018-0351 GJ 886            9    Jnc2005      31.7   0.0174   359.2   0.0151   271.7   0.0061    91.8   0.0119    48.7   0.0166  astrometric orbit
23019+4220 BLA  12Aa,Ab      3    Zhu2010     358.8   0.057    282.7   0.046    182.2   0.052    127.4   0.069     85.5   0.069                    
23019+4220 WRH  37AB         3    Mit2021     168.2   0.187    165.8   0.179    163.3   0.171    160.4   0.163    157.3   0.155                    
23020+4800 A   194           3    Doc2017e    135.3   0.038    128.8   0.049    124.7   0.060    121.8   0.070    119.7   0.081                    
23024+1837 HU  398           3    Hrt2014b    298.6   0.493    299.4   0.494    300.1   0.495    300.9   0.496    301.6   0.496                    
23025-4605 I  1462           4    Tok2024c    275.1   0.122    270.6   0.116    265.5   0.109    259.7   0.103    253.2   0.096                    
23026+4245 BU 1147AB         3    FMR2010f    292.8   0.179    296.7   0.196    300.0   0.213    302.8   0.228    305.3   0.243                    
23029-1320 HDS3283AB         4    Tok2023a    261.0   0.094    257.1   0.092    253.1   0.090    248.8   0.088    244.3   0.084                    
23035-3445 pi PsA            9    HIP1997d    109.6   0.0071   114.3   0.0093   117.4   0.0111   119.6   0.0124   121.5   0.0134  astrometric orbit
23036-4651 WSI 139           4    Tok2020e    151.9   0.280    150.1   0.216    146.2   0.121     71.4   0.015    338.9   0.115                    
23038+2136 PPM 115098        9    SaJ2013b     85.4   0.051     94.8   0.054    104.6   0.049    118.2   0.039    147.5   0.023   astrometric orbit
23052-0742 A   417AB         1    Hrt1996a    217.5   0.143    245.2   0.105    296.9   0.083    345.3   0.111     10.1   0.151                    
23052-1822 B  1898           4    Tok2024c    216.5   0.145    212.2   0.132    207.0   0.119    200.5   0.106    192.2   0.093                    
23067-2345 HDS3293Aa,Ab      3    Tok2021c     36.7   0.204     40.2   0.206     43.7   0.208     47.1   0.209     50.5   0.209                    
23067-6605 HDS3294AB         4    Tok2021c     84.4   0.196     85.9   0.207     87.3   0.214     88.6   0.218     89.8   0.220                    
23072+6050 BU  180AB         4    Lin2010c    127.9   0.499    127.4   0.497    126.9   0.495    126.4   0.492    125.9   0.490                    
23075+2108 MAR   1Aa,Ab      5    Zur2015      73.5   1.711     74.2   1.710     74.9   1.708     75.6   1.706     76.3   1.705                    
23075+2108 MAR   1Aa,Ab      5    Izm2019      74.3   1.722     75.0   1.723     75.8   1.724     76.5   1.725     77.2   1.726                    
23075+2108 MAR   1Aa,Ac      5    Zur2015     346.3   0.951    348.0   0.952    349.8   0.954    351.6   0.956    353.4   0.958                    
23075+2108 MAR   1Aa,Ad      5    Zur2015     242.8   0.682    245.3   0.679    247.9   0.676    250.4   0.672    253.0   0.667                    
23075+2108 MAR   1Aa,Ae      5    Zur2015     330.5   0.430    336.0   0.429    341.5   0.425    347.1   0.421    352.9   0.416                    
23078+6338 HU  994           3    Doc2013c    327.9   0.121    329.1   0.116    330.3   0.111    331.6   0.106    333.1   0.101                    
23078+3947 STF2979           5    Izm2019     229.2   2.751    229.2   2.748    229.3   2.744    229.4   2.741    229.4   2.737                    
23078+1240 BU 1025AB         5    Izm2019     333.4   0.841    333.9   0.843    334.3   0.846    334.7   0.848    335.1   0.850                    
23079+7523 STT 489A          9    Ren2013     241.8   0.0122   234.0   0.0100    54.9   0.0071   241.0   0.0133   232.3   0.0081  astrometric orbit
23079+7523 STT 489AB         3    Izm2019       4.8   1.150      5.4   1.152      6.1   1.153      6.8   1.154      7.4   1.156                    
23084-2849 HDS3295AB         4    Tok2021c    142.0   0.369    143.7   0.373    145.4   0.376    147.0   0.377    148.7   0.376                    
23086-5944 DUN 245           5    LRR2021     290.1  13.381    290.1  13.378    290.1  13.375    290.0  13.373    290.0  13.370                    
23087+0208 5 Psc             9    HIP1997d     74.9   0.0064   250.9   0.0079    68.0   0.0091   245.8   0.0100    63.8   0.0104  astrometric orbit
23088+1058 A  1238AB         2    Pru2014      52.5   0.200     45.7   0.193     38.4   0.186     30.5   0.180     22.2   0.175                    
23091-0233 BD-03 5575        9    Jnc2005     148.2   0.020    254.8   0.015     56.7   0.017    140.2   0.020    240.9   0.015   astrometric orbit
23099-2227 RST3320           3    Hrt2010a     74.2   0.296     71.7   0.302     69.3   0.308     67.0   0.314     64.8   0.320                    
23100-4252 DON1042           3    Zir2014a    152.6   0.859    154.6   0.872    156.6   0.886    158.5   0.899    160.3   0.912                    
23100+3651 S   825AB         5    Kis2009     318.7  66.912    318.7  66.921    318.6  66.929    318.6  66.938    318.6  66.947                    
23100+3651 S   825AB         5    Kis2009     319.7  66.830    319.7  66.839    319.7  66.847    319.7  66.856    319.7  66.865                    
23100+3651 S   825AB         5    Kis2009     318.8  67.279    318.8  67.288    318.8  67.296    318.8  67.305    318.8  67.314                    
23103+3229 BU  385AB         4    Lin2010c     82.3   0.695     82.1   0.696     81.8   0.698     81.6   0.700     81.4   0.702                    
23104+4901 STF2987           5    Izm2019     149.1   4.188    149.1   4.189    149.0   4.190    148.9   4.191    148.8   4.191                    
23104-4515 iot Gru           9    Ren2013     222.0   0.0015   257.6   0.0020   278.0   0.0026   290.7   0.0031   300.2   0.0034  astrometric orbit
23107+2631 BU  852BC         5    Izm2019     312.4   1.141    311.9   1.141    311.4   1.141    310.9   1.141    310.4   1.141                    
23114-4259 B   594           4    Nrr1983     135.3   0.161    146.9   0.141    163.0   0.116    188.8   0.089    230.3   0.075                    
23114+3813 HO  197AB         3    Doc2025a    156.3   0.149    152.4   0.164    149.1   0.179    146.3   0.193    143.9   0.208                    
23116+3654 RUC  26A          7    Pbl2006        .     .          .     .          .     .          .     .          .     .      incomplete elements
23125-2349 HDS3306           5    Tok2017c     72.7   0.173     71.1   0.174     69.5   0.175     67.8   0.174     66.2   0.173                    
23126+0241 A  2298AB         2    Tok2024c    127.3   0.149    123.5   0.172    120.6   0.193    118.1   0.211    116.1   0.225                    
23133-4937 I  1467           4    Tok2023a    292.0   0.056    274.5   0.045    248.0   0.038    217.6   0.039    193.9   0.048                    
23159-0905 BU 1220BC         3    Zir2007     288.2   0.224    289.3   0.181    291.1   0.136    294.7   0.089    306.5   0.042                    
23164+6407 BU  992           4    Cve2022       3.6   0.230      2.4   0.227      1.1   0.223    359.8   0.220    358.5   0.216                    
23167-1534 HU  399           5    Tok2023a    176.4   0.086    180.1   0.085    184.0   0.084    187.9   0.083    192.0   0.082                    
23167+1937 HDS3316           2    Mit2021     259.0   0.153    246.6   0.187    238.0   0.219    231.5   0.247    226.2   0.268                    
23167+3441 HDS3315           4    Cve2014     191.0   0.127    187.7   0.103    182.3   0.075    168.8   0.042     79.8   0.016                    
23171-1349 BU  182AB         3    Mdz2017     228.0   0.722    228.1   0.717    228.2   0.711    228.3   0.706    228.4   0.700                    
23175+1937 BEU  23           2    Jnn2022     198.2   0.107     60.0   0.089     39.3   0.230     33.5   0.320     29.8   0.362                    
23175+1652 HU  497BC         4    Lin2010c     50.4   0.192     48.3   0.186     46.1   0.179     43.8   0.172     41.2   0.165                    
23176+1818 HU  400           3    Sca2002d     60.4   0.371     58.9   0.369     57.3   0.367     55.6   0.364     54.0   0.362                    
23176-0131 BU   79AB         4    WSI2004b      5.0   1.582      4.6   1.579      4.2   1.576      3.8   1.572      3.4   1.568                    
23179-1116 LTT 9469          9    HIP1997d     86.0   0.0069   176.4   0.0058   280.1   0.0071    18.1   0.0057   113.8   0.0071  astrometric orbit
23179-5429 RST1161           4    Tok2024a    274.4   0.166    271.5   0.168    268.8   0.171    266.1   0.174    263.5   0.176                    
23179-0302 YSC 167           4    Tok2024c     41.8   0.098     40.3   0.104     38.9   0.106     37.6   0.103     36.0   0.094                    
23186+6807 STF3001AB         4    Izm2019     224.0   3.466    224.1   3.473    224.3   3.479    224.5   3.486    224.6   3.492                    
23189+0524 BU   80AB         2    Hei1996c    261.0   0.937    262.3   0.956    263.5   0.974    264.7   0.991    265.9   1.007                    
23191-1328 MCA  74Aa,Ab      1    Msn2023     182.8   0.145    276.0   0.128    328.5   0.204    359.2   0.210     40.8   0.158                    
23199+2844 COU 439AB         3    Doc2017e    101.7   0.088    116.1   0.093    128.7   0.101    139.3   0.111    148.0   0.122                    
23209+1643 HEI  88           3    Tok2023a    226.3   0.236    230.3   0.229    234.5   0.222    239.1   0.213    244.1   0.202                    
23210+1715 WSI  11           3    Tok2020e     16.3   0.110     41.7   0.094     81.2   0.072    148.8   0.057    244.4   0.054                    
23210-0229 LSC 107           4    Tok2024c    341.6   0.176    345.7   0.185    349.4   0.192    352.9   0.197    356.2   0.202                    
23216-2018 HU  292           5    Tok2023a    114.3   0.407    113.4   0.416    112.6   0.426    111.7   0.435    111.0   0.444                    
23218-1217 HU   95           3    Tok2023a    265.8   0.506    264.6   0.507    263.4   0.507    262.2   0.508    261.1   0.508                    
23224-6516 HDS3328           3    Tok2024c    307.8   0.058    321.0   0.055    336.0   0.051    352.9   0.049     10.3   0.050                    
23227-1502 HU  295AB         2    CIA2022f     73.5   0.214     77.3   0.246     80.2   0.276     82.5   0.305     84.5   0.331                    
23227-1502 VI    1Aa,Ab      3    CIA2022f     79.9   0.0439   246.4   0.0251    12.3   0.0084    90.1   0.0331   260.7   0.0397                   
23228+2034 STF3007AB         5    Tok2016d     95.3   5.791     95.4   5.787     95.5   5.782     95.6   5.778     95.7   5.774                    
23228+2034 TOK 704Ba,Bb      9    Tok2016d     11.6   0.217     12.8   0.214     14.2   0.209     15.5   0.205     17.0   0.200   astrometric orbit
23239+3456 COU1346           5    Ksr2021       9.1   0.068    356.9   0.061    342.1   0.056    325.8   0.055    309.9   0.057                    
23241+5732 STT 495           4    Alz2006     122.5   0.409    122.5   0.411    122.5   0.413    122.6   0.415    122.6   0.417                    
23262+1700 JNN 138           5    Jnn2022     142.7   0.241    124.5   0.204     99.2   0.176     69.1   0.173     42.7   0.198                    
23263+2752 JNN 139           3    Jnn2022     142.7   0.125    121.8   0.125     97.9   0.113     70.0   0.110     43.9   0.120                    
23266+2342 COU 338           5    BAE2021     221.3   0.157    222.1   0.160    222.9   0.162    223.6   0.164    224.3   0.166                    
23267+4103 COU1845           5    Ksr2021       1.9   1.009      2.1   1.014      2.3   1.020      2.5   1.025      2.7   1.031                    
23270-1515 HU  297           4    Tok2019c    301.5   0.522    301.2   0.520    300.8   0.517    300.5   0.515    300.2   0.512                    
23285+0926 YSC 138           3    Tok2024c    314.2   0.077    297.9   0.061    268.6   0.043    211.1   0.033    148.6   0.039                    
23286-3821 HDS3342           3    Msn2023     209.0   0.078    199.5   0.083    191.1   0.089    183.8   0.095    177.4   0.102                    
23296-4001 HDS3346AB         4    Tok2023a      5.3   0.085      6.9   0.099      8.2   0.111      9.3   0.119     10.2   0.126                    
23304+3050 BU 1266AB         2    Msn1998c    107.5   0.232    104.1   0.239    100.9   0.245     97.8   0.250     94.8   0.255                    
23319+7317 A   897           5    Hei1997     326.6   0.272    325.6   0.273    324.7   0.274    323.7   0.275    322.7   0.276                    
23317+1956 WIR   1AB         4    CSl2022      69.4   5.233     68.5   5.207     67.5   5.179     66.5   5.149     65.6   5.117                    
23317+1956 WIR   1Ab         9    CSl2022     222.2   0.0007   249.8   0.0004    59.5   0.0003   210.0   0.0005   231.7   0.0006  astrometric orbit
23322+0705 HU  298           1    Hrt2000c    295.3   0.175    304.2   0.185    312.3   0.193    319.9   0.198    327.1   0.202                    
23326-4520 RST3325           3    Tok2021c    126.2   0.204    127.2   0.205    128.2   0.205    129.2   0.206    130.2   0.206                    
23328-1651 VOU  28BC         3    Doc2022b    357.6   0.354    358.3   0.222      1.4   0.081    170.7   0.065    174.8   0.207                    
23330-1159 BD-12 6514        9    Pbx2000a    344.1   0.0126    66.6   0.0101   183.2   0.0090   286.7   0.0119   352.3   0.0123  astrometric orbit
23334+4251 HDS3356           2    JAA2023     333.7   0.196    340.4   0.184    348.6   0.161      0.0   0.133     17.3   0.108                    
23340+3120 BU  720B          9    Mut2010e     43.5   0.0001   127.3   0.0003   201.0   0.0001   303.6   0.0003     2.1   0.0002  astrometric orbit
23340+3120 BU  720           4    Mut2010e    110.1   0.587    110.7   0.589    111.3   0.591    111.9   0.592    112.5   0.594                    
23347+3748 YSC 139           3    Hor2015b     93.3   0.0438   186.2   0.0043   266.0   0.0460    85.7   0.0097    96.5   0.0310                   
23350+0136 MEL   9BC         3    Tok2024c    346.7   0.148    354.6   0.213    358.9   0.274      1.7   0.330      3.7   0.378                    
23353-6434 TOI 131Aa,Ab      4    Tok2022g     29.2   0.185     32.9   0.189     36.5   0.189     40.1   0.187     43.9   0.182                    
23356+2816 BRT 230           5    Izm2019       5.6   3.231      5.6   3.232      5.6   3.234      5.6   3.235      5.6   3.237                    
23357-2729 SEE 492AB         3    Doc2015g     47.7   0.689     49.7   0.685     51.7   0.679     53.8   0.672     55.9   0.663                    
23361+1827 LTT 16951         9    Jnc2005      37.8   0.0087   330.4   0.0195   310.7   0.0234   246.9   0.0057   117.4   0.0160  astrometric orbit
23374+0737 FOX 102AB         3    Tok2015c    123.4   0.232    126.5   0.236    129.6   0.240    132.5   0.245    135.4   0.249                    
23375+4426 STT 500AB         4    Sca2025a     18.2   0.462     18.7   0.461     19.2   0.461     19.7   0.461     20.2   0.460                    
23378+6601 HU 1324           5    Doc2017i    192.6   0.382    193.4   0.383    194.2   0.385    195.0   0.386    195.8   0.387                    
23382+5514 A  1493           3    Doc2012g    274.5   0.148    272.2   0.148    270.0   0.147    267.7   0.147    265.3   0.146                    
23384-2922 B   606           4    Tok2024c    173.3   0.297    173.5   0.301    173.8   0.304    174.0   0.307    174.2   0.310                    
23393+4543 A   643AB         4    Rbr2018     117.5   0.263    116.5   0.265    115.6   0.267    114.7   0.268    113.8   0.270                    
23393+4543 CHR 149Ba,Bb      4    Zhu2008     347.6   0.032    328.1   0.034    311.1   0.036    296.2   0.039    283.1   0.041                    
23393+4543 CHR 149Ba,Bb      4    USN2017b    209.0   0.027    175.8   0.027    147.5   0.031    127.7   0.038    113.9   0.044                    
23393+7738 gam CepAa,Ab      7    Nhr2007        .     .          .     .          .     .          .     .          .     .      incomplete elements
23393+7738 NHR   9AB         5    Nhr2007      28.0   1.977     26.7   1.998     25.4   2.014     24.2   2.024     22.9   2.029                    
23397-0044 YR   18           4    Tok2022g    106.2   0.167    100.4   0.179     95.3   0.189     90.6   0.196     86.2   0.200                    
23401+1258 HU 1325           4    Sca2023d     45.1   0.916     46.1   0.922     47.1   0.927     48.1   0.933     49.1   0.938                    
23404+4420 CSN   1Aa,Ab      5    Bwl2020     105.2   2.449    105.0   2.449    104.8   2.449    104.6   2.449    104.5   2.448                    
23409+2022 HO  303AB         5    Izm2019     185.5   0.976    185.6   0.961    185.6   0.945    185.6   0.929    185.7   0.913                    
23411+4613 MLR   4           2    Hrt1996a    276.4   0.160    285.2   0.154    295.3   0.140    308.6   0.116    330.2   0.087                    
23413+3234 BU  858AB         4    Izm2019     218.3   0.817    218.0   0.814    217.6   0.811    217.3   0.807    217.0   0.803                    
23424+3903 A  1494           4    Gur2020     281.4   0.087    275.8   0.090    270.5   0.093    265.5   0.097    261.0   0.101                    
23431+1150 A  1242           4    Izm2019     342.1   0.981    342.5   0.977    342.8   0.972    343.2   0.966    343.6   0.960                    
23440+2922 AGC  14           4    Izm2019     306.4   0.511    309.5   0.472    313.2   0.428    317.7   0.380    323.6   0.329                    
23449-3820 B   613           3    Tok2022g    139.7   0.308    139.4   0.312    139.1   0.315    138.7   0.318    138.4   0.320                    
23455-1610 MTG   5           3    Tok2023a      3.4   0.186    340.6   0.089    235.2   0.077    207.8   0.190    200.9   0.298                    
23456+1309 HJL1116           2    HJL2020     200.3   0.0024    17.8   0.0030   194.8   0.0037   197.1   0.0061   201.5   0.0018                   
23456-4841 HDS3376           4    Tok2023a     47.4   0.311     50.6   0.299     54.1   0.282     58.2   0.258     63.4   0.221                    
23462+3515 BD+34 5002        9    Jnc2005      75.7   0.0045   262.1   0.0075   252.2   0.0138   245.9   0.0125   228.7   0.0048  astrometric orbit
23464-2302 TOK 375           3    Tok2024e    315.4   0.149    295.7   0.178    280.5   0.195    267.1   0.203    254.4   0.205                    
23470+0515 BAR  19           5    Izm2019       4.3   0.961      4.5   0.947      4.6   0.933      4.7   0.917      4.8   0.900                    
23474-7118 FIN 375Aa,Ab      4    Tok2024b    298.0   0.130    301.7   0.132    305.2   0.135    308.7   0.137    312.1   0.139                    
23480-1930 HDS3380           4    Tok2021c    145.5   0.082    158.0   0.086    169.2   0.092    178.8   0.099    187.1   0.108                    
23485+2539 DSG   8           3    Hor2019     307.6   0.0315    82.9   0.0069   121.7   0.0212   305.6   0.0361   352.9   0.0057                   
23487+6453 STT 507AB         4    Zul1977b    322.2   0.691    322.6   0.688    323.0   0.686    323.5   0.684    323.9   0.681                    
23498+2741 A   424           3    Sca2002b    185.3   0.188    186.7   0.190    188.0   0.193    189.3   0.195    190.6   0.198                    
23499+2428 JNN 141           5    Jnn2022      74.4   0.248     77.8   0.244     81.3   0.238     85.1   0.230     89.1   0.219                    
23502+1940 COU 344           5    Msn2001a    249.4   0.112    243.7   0.113    238.2   0.116    233.0   0.119    228.0   0.122                    
23506-5142 SLR  14           3    Izm2019      42.7   1.001     40.9   1.004     39.1   1.007     37.4   1.008     35.6   1.010                    
23511+0214 BD+01 4786        9    Ren2013     244.5   0.0028   164.8   0.0034    48.1   0.0027   312.1   0.0028   202.8   0.0034  astrometric orbit
23513+4012 NLTT 58182        9    Gln2007      21.6   0.0103   198.4   0.0118    85.5   0.0097   343.6   0.0064   178.9   0.0109  astrometric orbit
23516+4205 STT 510AB         4    Nov2006e    118.2   0.614    118.0   0.616    117.8   0.618    117.7   0.619    117.5   0.621                    
23516+3127 BWL   1AB         5    Bwl2020     205.8   2.116    205.6   2.115    205.5   2.115    205.3   2.114    205.1   2.113                    
23518-0637 A  2700Aa,Ab      9    Tok2023b     13.3   0.0081   183.4   0.0074    31.2   0.0084   205.6   0.0073    48.3   0.0084  astrometric orbit
23518-0637 A  2700           2    Tok2023b    298.4   0.138    283.1   0.149    270.1   0.162    259.1   0.176    249.6   0.189                    
23520+1252 A  1247           5    USN2002     238.3   0.331    237.8   0.332    237.4   0.334    236.9   0.335    236.5   0.336                    
23524+7533 BU  996AB         5    Hle1994     274.7   2.101    277.3   2.141    279.7   2.178    282.1   2.211    284.5   2.242                    
23529-0309 FIN 359           2    Doc2022a    249.1   0.095    242.0   0.097    235.0   0.097    227.9   0.095    220.4   0.091                    
23561+2520 A   426           3    Hrt2001b    280.8   0.383    279.8   0.380    278.8   0.378    277.7   0.375    276.7   0.372                    
23568+0444 A  2100           2    USN2021b    247.6   0.442    246.7   0.445    245.8   0.447    244.9   0.449    244.0   0.451                    
23571+5542 CIA  12           4    CIA2019b     45.4   0.0018    42.8   0.0023    41.0   0.0027    39.6   0.0029    38.3   0.0030                   
23578+2508 MCA  76           5    Ole2004e     24.9   0.144     28.4   0.153     31.6   0.162     34.4   0.169     37.0   0.176                    
23582-5712 GC 33239          9    HIP1997d     20.3   0.0072   240.6   0.0089   341.3   0.0092   202.5   0.0077   313.3   0.0100  astrometric orbit
23586-1408 RST4136AB         3    Doc2011f    179.3   0.125    174.8   0.107    168.5   0.089    159.0   0.072    143.9   0.057                    
23587-0333 BU  730           5    Tok2023a    338.1   0.677    339.3   0.673    340.5   0.669    341.8   0.664    343.0   0.661                    
23587+4644 BAG  34           2    MnA2019     311.9   0.139    132.4   0.045    331.4   0.101    288.2   0.110     20.8   0.060                    
23593-3603 CD-3616122        9    Pbx2000a    169.7   0.0017   211.3   0.0020   302.1   0.0012     9.7   0.0023    44.4   0.0019  astrometric orbit
23595+3343 STF3050AB         3    Izm2019     344.8   2.569    345.3   2.588    345.8   2.607    346.3   2.625    346.8   2.644                    
23597-4405 WSI 140           4    Tok2019c     55.2   0.140    128.8   0.139    182.4   0.182    213.9   0.229    235.5   0.266                    
